Perturb Freq,Filter Size,Mu,Psi,Is SVD,Overshoot,Convergence Time
13.0,200,0.001,0.0001,True,1.9227168422928798,18.073078386986914
13.0,200,0.001,0.0001,False,2.5356924353882575,24.05396742723211
13.0,200,0.001,0.001,True,1.9227168422928798,18.073078386986914
13.0,200,0.001,0.001,False,2.5356924353882575,24.05396742723211
13.0,200,0.001,0.01,True,1.9227168422928798,18.073078386986914
13.0,200,0.001,0.01,False,2.5356924353882575,24.05396742723211
13.0,200,0.001,0.1,True,1.9227168422928798,18.073078386986914
13.0,200,0.001,0.1,False,2.5356924353882575,24.05396742723211
13.0,200,0.002,0.0001,True,1.1047771247705644,11.296500330535466
13.0,200,0.002,0.0001,False,1.6873136228825,14.046555419780042
13.0,200,0.002,0.001,True,1.1047771247705644,11.296500330535466
13.0,200,0.002,0.001,False,1.6873136228825,14.046555419780042
13.0,200,0.002,0.01,True,1.1047771247705644,11.296500330535466
13.0,200,0.002,0.01,False,1.6873136228825,14.046555419780042
13.0,200,0.002,0.1,True,1.1047771247705644,11.296500330535466
13.0,200,0.002,0.1,False,1.6873136228825,14.046555419780042
13.0,200,0.003,0.0001,True,1.0024011405057738,8.741160680302087
13.0,200,0.003,0.0001,False,1.6335423787388512,10.481580159858972
13.0,200,0.003,0.001,True,1.0024011405057738,8.741160680302087
13.0,200,0.003,0.001,False,1.6335423787388512,10.481580159858972
13.0,200,0.003,0.01,True,1.0024011405057738,8.741160680302087
13.0,200,0.003,0.01,False,1.6335423787388512,10.481580159858972
13.0,200,0.003,0.1,True,1.0024011405057738,8.741160680302087
13.0,200,0.003,0.1,False,1.6335423787388512,10.481580159858972
13.0,200,0.004,0.0001,True,1.0024582244268163,7.3108435665778515
13.0,200,0.004,0.0001,False,1.6316030109543613,12.587391574350441
13.0,200,0.004,0.001,True,1.0024582244268163,7.3108435665778515
13.0,200,0.004,0.001,False,1.6316030109543613,12.587391574350441
13.0,200,0.004,0.01,True,1.0024582244268163,7.3108435665778515
13.0,200,0.004,0.01,False,1.6316030109543613,12.587391574350441
13.0,200,0.004,0.1,True,1.0024582244268163,7.3108435665778515
13.0,200,0.004,0.1,False,1.6316030109543613,12.587391574350441
13.0,200,0.005,0.0001,True,1.0025153229764272,6.125723672349203
13.0,200,0.005,0.0001,False,1.739561452228946,21.830365191610404
13.0,200,0.005,0.001,True,1.0025153229764272,6.125723672349203
13.0,200,0.005,0.001,False,1.739561452228946,21.830365191610404
13.0,200,0.005,0.01,True,1.0025153229764272,6.125723672349203
13.0,200,0.005,0.01,False,1.739561452228946,21.830365191610404
13.0,200,0.005,0.1,True,1.0025153229764272,6.125723672349203
13.0,200,0.005,0.1,False,1.739561452228946,21.830365191610404
13.0,200,0.006,0.0001,True,1.0025724361557171,5.493499469140005
13.0,200,0.006,0.0001,False,2.1592797845262814,32.61663895510727
13.0,200,0.006,0.001,True,1.0025724361557171,5.493499469140005
13.0,200,0.006,0.001,False,2.1592797845262814,32.61663895510727
13.0,200,0.006,0.01,True,1.0025724361557171,5.493499469140005
13.0,200,0.006,0.01,False,2.1592797845262814,32.61663895510727
13.0,200,0.006,0.1,True,1.0025724361557171,5.493499469140005
13.0,200,0.006,0.1,False,2.1592797845262814,32.61663895510727
13.0,200,0.007,0.0001,True,1.00262956396593,10.604178769606762
13.0,200,0.007,0.0001,False,2.8096500309980317,24.782347402792517
13.0,200,0.007,0.001,True,1.00262956396593,10.604178769606762
13.0,200,0.007,0.001,False,2.8096500309980317,24.782347402792517
13.0,200,0.007,0.01,True,1.00262956396593,10.604178769606762
13.0,200,0.007,0.01,False,2.8096500309980317,24.782347402792517
13.0,200,0.007,0.1,True,1.00262956396593,10.604178769606762
13.0,200,0.007,0.1,False,2.8096500309980317,24.782347402792517
13.0,200,0.008,0.0001,True,1.0026867064081277,15.272541517257956
13.0,200,0.008,0.0001,False,6.608749144566331,18.849536248722927
13.0,200,0.008,0.001,True,1.0026867064081277,15.272541517257956
13.0,200,0.008,0.001,False,6.608749144566331,18.849536248722927
13.0,200,0.008,0.01,True,1.0026867064081277,15.272541517257956
13.0,200,0.008,0.01,False,6.608749144566331,18.849536248722927
13.0,200,0.008,0.1,True,1.0026867064081277,15.272541517257956
13.0,200,0.008,0.1,False,6.608749144566331,18.849536248722927
13.0,200,0.009000000000000001,0.0001,True,1.1214484861840932,24.630902061339363
13.0,200,0.009000000000000001,0.0001,False,10.982440094364689,32.97001141849796
13.0,200,0.009000000000000001,0.001,True,1.1214484861840932,24.630902061339363
13.0,200,0.009000000000000001,0.001,False,10.982440094364689,32.97001141849796
13.0,200,0.009000000000000001,0.01,True,1.1214484861840932,24.630902061339363
13.0,200,0.009000000000000001,0.01,False,10.982440094364689,32.97001141849796
13.0,200,0.009000000000000001,0.1,True,1.1214484861840932,24.630902061339363
13.0,200,0.009000000000000001,0.1,False,10.982440094364689,32.97001141849796
13.0,200,0.01,0.0001,True,1.5767380921576641,25.904966044992882
13.0,200,0.01,0.0001,False,6.369736814397913,17.455277549630395
13.0,200,0.01,0.001,True,1.5767380921576641,25.904966044992882
13.0,200,0.01,0.001,False,6.369736814397913,17.455277549630395
13.0,200,0.01,0.01,True,1.5767380921576641,25.904966044992882
13.0,200,0.01,0.01,False,6.369736814397913,17.455277549630395
13.0,200,0.01,0.1,True,1.5767380921576641,25.904966044992882
13.0,200,0.01,0.1,False,6.369736814397913,17.455277549630395
13.0,200,0.01,0.0001,True,1.5767380921576641,25.904966044992882
13.0,200,0.01,0.0001,False,6.369736814397913,17.455277549630395
13.0,200,0.01,0.001,True,1.5767380921576641,25.904966044992882
13.0,200,0.01,0.001,False,6.369736814397913,17.455277549630395
13.0,200,0.01,0.01,True,1.5767380921576641,25.904966044992882
13.0,200,0.01,0.01,False,6.369736814397913,17.455277549630395
13.0,200,0.01,0.1,True,1.5767380921576641,25.904966044992882
13.0,200,0.01,0.1,False,6.369736814397913,17.455277549630395
13.0,200,0.02,0.0001,True,30.87142470459013,74.95402552134458
13.0,200,0.02,0.0001,False,1000.0,90.0
13.0,200,0.02,0.001,True,30.87142470459013,74.95402552134458
13.0,200,0.02,0.001,False,1000.0,90.0
13.0,200,0.02,0.01,True,30.87142470459013,74.95402552134458
13.0,200,0.02,0.01,False,1000.0,90.0
13.0,200,0.02,0.1,True,30.87142470459013,74.95402552134458
13.0,200,0.02,0.1,False,1000.0,90.0
13.0,200,0.03,0.0001,True,1000.0,76.021354594443
13.0,200,0.03,0.0001,False,1000.0,90.0
13.0,200,0.03,0.001,True,1000.0,76.021354594443
13.0,200,0.03,0.001,False,1000.0,90.0
13.0,200,0.03,0.01,True,1000.0,76.021354594443
13.0,200,0.03,0.01,False,1000.0,90.0
13.0,200,0.03,0.1,True,1000.0,76.021354594443
13.0,200,0.03,0.1,False,1000.0,90.0
13.0,200,0.04,0.0001,True,1000.0,90.0
13.0,200,0.04,0.0001,False,1000.0,90.0
13.0,200,0.04,0.001,True,1000.0,90.0
13.0,200,0.04,0.001,False,1000.0,90.0
13.0,200,0.04,0.01,True,1000.0,90.0
13.0,200,0.04,0.01,False,1000.0,90.0
13.0,200,0.04,0.1,True,1000.0,90.0
13.0,200,0.04,0.1,False,1000.0,90.0
13.0,200,0.05,0.0001,True,1000.0,90.0
13.0,200,0.05,0.0001,False,1000.0,90.0
13.0,200,0.05,0.001,True,1000.0,90.0
13.0,200,0.05,0.001,False,1000.0,90.0
13.0,200,0.05,0.01,True,1000.0,90.0
13.0,200,0.05,0.01,False,1000.0,90.0
13.0,200,0.05,0.1,True,1000.0,90.0
13.0,200,0.05,0.1,False,1000.0,90.0
13.0,200,0.06,0.0001,True,1000.0,90.0
13.0,200,0.06,0.0001,False,1000.0,90.0
13.0,200,0.06,0.001,True,1000.0,90.0
13.0,200,0.06,0.001,False,1000.0,90.0
13.0,200,0.06,0.01,True,1000.0,90.0
13.0,200,0.06,0.01,False,1000.0,90.0
13.0,200,0.06,0.1,True,1000.0,90.0
13.0,200,0.06,0.1,False,1000.0,90.0
13.0,200,0.07,0.0001,True,1000.0,90.0
13.0,200,0.07,0.0001,False,1000.0,90.0
13.0,200,0.07,0.001,True,1000.0,90.0
13.0,200,0.07,0.001,False,1000.0,90.0
13.0,200,0.07,0.01,True,1000.0,90.0
13.0,200,0.07,0.01,False,1000.0,90.0
13.0,200,0.07,0.1,True,1000.0,90.0
13.0,200,0.07,0.1,False,1000.0,90.0
13.0,200,0.08,0.0001,True,1000.0,90.0
13.0,200,0.08,0.0001,False,1000.0,90.0
13.0,200,0.08,0.001,True,1000.0,90.0
13.0,200,0.08,0.001,False,1000.0,90.0
13.0,200,0.08,0.01,True,1000.0,90.0
13.0,200,0.08,0.01,False,1000.0,90.0
13.0,200,0.08,0.1,True,1000.0,90.0
13.0,200,0.08,0.1,False,1000.0,90.0
13.0,200,0.09,0.0001,True,1000.0,90.0
13.0,200,0.09,0.0001,False,1000.0,90.0
13.0,200,0.09,0.001,True,1000.0,90.0
13.0,200,0.09,0.001,False,1000.0,90.0
13.0,200,0.09,0.01,True,1000.0,90.0
13.0,200,0.09,0.01,False,1000.0,90.0
13.0,200,0.09,0.1,True,1000.0,90.0
13.0,200,0.09,0.1,False,1000.0,90.0
13.0,200,0.1,0.0001,True,1000.0,90.0
13.0,200,0.1,0.0001,False,1000.0,90.0
13.0,200,0.1,0.001,True,1000.0,90.0
13.0,200,0.1,0.001,False,1000.0,90.0
13.0,200,0.1,0.01,True,1000.0,90.0
13.0,200,0.1,0.01,False,1000.0,90.0
13.0,200,0.1,0.1,True,1000.0,90.0
13.0,200,0.1,0.1,False,1000.0,90.0
13.0,200,0.1,0.0001,True,1000.0,90.0
13.0,200,0.1,0.0001,False,1000.0,90.0
13.0,200,0.1,0.001,True,1000.0,90.0
13.0,200,0.1,0.001,False,1000.0,90.0
13.0,200,0.1,0.01,True,1000.0,90.0
13.0,200,0.1,0.01,False,1000.0,90.0
13.0,200,0.1,0.1,True,1000.0,90.0
13.0,200,0.1,0.1,False,1000.0,90.0
13.0,200,0.2,0.0001,True,1000.0,90.0
13.0,200,0.2,0.0001,False,1000.0,90.0
13.0,200,0.2,0.001,True,1000.0,90.0
13.0,200,0.2,0.001,False,1000.0,90.0
13.0,200,0.2,0.01,True,1000.0,90.0
13.0,200,0.2,0.01,False,1000.0,90.0
13.0,200,0.2,0.1,True,1000.0,90.0
13.0,200,0.2,0.1,False,1000.0,90.0
13.0,200,0.30000000000000004,0.0001,True,1000.0,90.0
13.0,200,0.30000000000000004,0.0001,False,1000.0,90.0
13.0,200,0.30000000000000004,0.001,True,1000.0,90.0
13.0,200,0.30000000000000004,0.001,False,1000.0,90.0
13.0,200,0.30000000000000004,0.01,True,1000.0,90.0
13.0,200,0.30000000000000004,0.01,False,1000.0,90.0
13.0,200,0.30000000000000004,0.1,True,1000.0,90.0
13.0,200,0.30000000000000004,0.1,False,1000.0,90.0
13.0,200,0.4,0.0001,True,1000.0,90.0
13.0,200,0.4,0.0001,False,1000.0,90.0
13.0,200,0.4,0.001,True,1000.0,90.0
13.0,200,0.4,0.001,False,1000.0,90.0
13.0,200,0.4,0.01,True,1000.0,90.0
13.0,200,0.4,0.01,False,1000.0,90.0
13.0,200,0.4,0.1,True,1000.0,90.0
13.0,200,0.4,0.1,False,1000.0,90.0
13.0,400,0.001,0.0001,True,1.0035860631549343,7.0656463470822715
13.0,400,0.001,0.0001,False,1.0028248261680244,7.181033273903722
13.0,400,0.001,0.001,True,1.0035860631549343,7.0656463470822715
13.0,400,0.001,0.001,False,1.0028248261680244,7.181033273903722
13.0,400,0.001,0.01,True,1.0035860631549343,7.0656463470822715
13.0,400,0.001,0.01,False,1.0028248261680244,7.181033273903722
13.0,400,0.001,0.1,True,1.0035860631549343,7.0656463470822715
13.0,400,0.001,0.1,False,1.0028248261680244,7.181033273903722
13.0,400,0.002,0.0001,True,1.00493670963773,3.3732646887958495
13.0,400,0.002,0.0001,False,1.0034122861344221,3.9862577375348067
13.0,400,0.002,0.001,True,1.00493670963773,3.3732646887958495
13.0,400,0.002,0.001,False,1.0034122861344221,3.9862577375348067
13.0,400,0.002,0.01,True,1.00493670963773,3.3732646887958495
13.0,400,0.002,0.01,False,1.0034122861344221,3.9862577375348067
13.0,400,0.002,0.1,True,1.00493670963773,3.3732646887958495
13.0,400,0.002,0.1,False,1.0034122861344221,3.9862577375348067
13.0,400,0.003,0.0001,True,1.0062894284623913,2.142470802700373
13.0,400,0.003,0.0001,False,1.0039998668016048,5.553596826859511
13.0,400,0.003,0.001,True,1.0062894284623913,2.142470802700373
13.0,400,0.003,0.001,False,1.0039998668016048,5.553596826859511
13.0,400,0.003,0.01,True,1.0062894284623913,2.142470802700373
13.0,400,0.003,0.01,False,1.0039998668016048,5.553596826859511
13.0,400,0.003,0.1,True,1.0062894284623913,2.142470802700373
13.0,400,0.003,0.1,False,1.0039998668016048,5.553596826859511
13.0,400,0.004,0.0001,True,1.0076442229107312,3.7506760952743434
13.0,400,0.004,0.0001,False,1.004587569337893,5.479076103287326
13.0,400,0.004,0.001,True,1.0076442229107312,3.7506760952743434
13.0,400,0.004,0.001,False,1.004587569337893,5.479076103287326
13.0,400,0.004,0.01,True,1.0076442229107312,3.7506760952743434
13.0,400,0.004,0.01,False,1.004587569337893,5.479076103287326
13.0,400,0.004,0.1,True,1.0076442229107312,3.7506760952743434
13.0,400,0.004,0.1,False,1.004587569337893,5.479076103287326
13.0,400,0.005,0.0001,True,1.009001096269021,3.866063022095794
13.0,400,0.005,0.0001,False,1.005175394914397,4.192992648089906
13.0,400,0.005,0.001,True,1.009001096269021,3.866063022095794
13.0,400,0.005,0.001,False,1.005175394914397,4.192992648089906
13.0,400,0.005,0.01,True,1.009001096269021,3.866063022095794
13.0,400,0.005,0.01,False,1.005175394914397,4.192992648089906
13.0,400,0.005,0.1,True,1.009001096269021,3.866063022095794
13.0,400,0.005,0.1,False,1.005175394914397,4.192992648089906
13.0,400,0.006,0.0001,True,1.010360051828188,17.015364891123617
13.0,400,0.006,0.0001,False,1.0057633447049275,6.601694745487684
13.0,400,0.006,0.001,True,1.010360051828188,17.015364891123617
13.0,400,0.006,0.001,False,1.0057633447049275,6.601694745487684
13.0,400,0.006,0.01,True,1.010360051828188,17.015364891123617
13.0,400,0.006,0.01,False,1.0057633447049275,6.601694745487684
13.0,400,0.006,0.1,True,1.010360051828188,17.015364891123617
13.0,400,0.006,0.1,False,1.0057633447049275,6.601694745487684
13.0,400,0.007,0.0001,True,1.011721092883655,11.661892265470058
13.0,400,0.007,0.0001,False,1.0063514198859789,6.068030208938481
13.0,400,0.007,0.001,True,1.011721092883655,11.661892265470058
13.0,400,0.007,0.001,False,1.0063514198859789,6.068030208938481
13.0,400,0.007,0.01,True,1.011721092883655,11.661892265470058
13.0,400,0.007,0.01,False,1.0063514198859789,6.068030208938481
13.0,400,0.007,0.1,True,1.011721092883655,11.661892265470058
13.0,400,0.007,0.1,False,1.0063514198859789,6.068030208938481
13.0,400,0.008,0.0001,True,1.0130842227354275,14.823013281516054
13.0,400,0.008,0.0001,False,1.0069396216369075,8.361345379514809
13.0,400,0.008,0.001,True,1.0130842227354275,14.823013281516054
13.0,400,0.008,0.001,False,1.0069396216369075,8.361345379514809
13.0,400,0.008,0.01,True,1.0130842227354275,14.823013281516054
13.0,400,0.008,0.01,False,1.0069396216369075,8.361345379514809
13.0,400,0.008,0.1,True,1.0130842227354275,14.823013281516054
13.0,400,0.008,0.1,False,1.0069396216369075,8.361345379514809
13.0,400,0.009000000000000001,0.0001,True,1.6711405208106027,19.94811594783549
13.0,400,0.009000000000000001,0.0001,False,1.0075279511397817,36.12872854023517
13.0,400,0.009000000000000001,0.001,True,1.6711405208106027,19.94811594783549
13.0,400,0.009000000000000001,0.001,False,1.0075279511397817,36.12872854023517
13.0,400,0.009000000000000001,0.01,True,1.6711405208106027,19.94811594783549
13.0,400,0.009000000000000001,0.01,False,1.0075279511397817,36.12872854023517
13.0,400,0.009000000000000001,0.1,True,1.6711405208106027,19.94811594783549
13.0,400,0.009000000000000001,0.1,False,1.0075279511397817,36.12872854023517
13.0,400,0.01,0.0001,True,65.50735642389122,49.01600592960595
13.0,400,0.01,0.0001,False,1.4457934951018692,24.352050321520856
13.0,400,0.01,0.001,True,65.50735642389122,49.01600592960595
13.0,400,0.01,0.001,False,1.4457934951018692,24.352050321520856
13.0,400,0.01,0.01,True,65.50735642389122,49.01600592960595
13.0,400,0.01,0.01,False,1.4457934951018692,24.352050321520856
13.0,400,0.01,0.1,True,65.50735642389122,49.01600592960595
13.0,400,0.01,0.1,False,1.4457934951018692,24.352050321520856
13.0,400,0.01,0.0001,True,65.50735642389122,49.01600592960595
13.0,400,0.01,0.0001,False,1.4457934951018692,24.352050321520856
13.0,400,0.01,0.001,True,65.50735642389122,49.01600592960595
13.0,400,0.01,0.001,False,1.4457934951018692,24.352050321520856
13.0,400,0.01,0.01,True,65.50735642389122,49.01600592960595
13.0,400,0.01,0.01,False,1.4457934951018692,24.352050321520856
13.0,400,0.01,0.1,True,65.50735642389122,49.01600592960595
13.0,400,0.01,0.1,False,1.4457934951018692,24.352050321520856
13.0,400,0.02,0.0001,True,1000.0,90.0
13.0,400,0.02,0.0001,False,1000.0,90.0
13.0,400,0.02,0.001,True,1000.0,90.0
13.0,400,0.02,0.001,False,1000.0,90.0
13.0,400,0.02,0.01,True,1000.0,90.0
13.0,400,0.02,0.01,False,1000.0,90.0
13.0,400,0.02,0.1,True,1000.0,90.0
13.0,400,0.02,0.1,False,1000.0,90.0
13.0,400,0.03,0.0001,True,1000.0,90.0
13.0,400,0.03,0.0001,False,1000.0,90.0
13.0,400,0.03,0.001,True,1000.0,90.0
13.0,400,0.03,0.001,False,1000.0,90.0
13.0,400,0.03,0.01,True,1000.0,90.0
13.0,400,0.03,0.01,False,1000.0,90.0
13.0,400,0.03,0.1,True,1000.0,90.0
13.0,400,0.03,0.1,False,1000.0,90.0
13.0,400,0.04,0.0001,True,1000.0,90.0
13.0,400,0.04,0.0001,False,1000.0,90.0
13.0,400,0.04,0.001,True,1000.0,90.0
13.0,400,0.04,0.001,False,1000.0,90.0
13.0,400,0.04,0.01,True,1000.0,90.0
13.0,400,0.04,0.01,False,1000.0,90.0
13.0,400,0.04,0.1,True,1000.0,90.0
13.0,400,0.04,0.1,False,1000.0,90.0
13.0,400,0.05,0.0001,True,1000.0,90.0
13.0,400,0.05,0.0001,False,1000.0,90.0
13.0,400,0.05,0.001,True,1000.0,90.0
13.0,400,0.05,0.001,False,1000.0,90.0
13.0,400,0.05,0.01,True,1000.0,90.0
13.0,400,0.05,0.01,False,1000.0,90.0
13.0,400,0.05,0.1,True,1000.0,90.0
13.0,400,0.05,0.1,False,1000.0,90.0
13.0,400,0.06,0.0001,True,1000.0,90.0
13.0,400,0.06,0.0001,False,1000.0,90.0
13.0,400,0.06,0.001,True,1000.0,90.0
13.0,400,0.06,0.001,False,1000.0,90.0
13.0,400,0.06,0.01,True,1000.0,90.0
13.0,400,0.06,0.01,False,1000.0,90.0
13.0,400,0.06,0.1,True,1000.0,90.0
13.0,400,0.06,0.1,False,1000.0,90.0
13.0,400,0.07,0.0001,True,1000.0,90.0
13.0,400,0.07,0.0001,False,1000.0,90.0
13.0,400,0.07,0.001,True,1000.0,90.0
13.0,400,0.07,0.001,False,1000.0,90.0
13.0,400,0.07,0.01,True,1000.0,90.0
13.0,400,0.07,0.01,False,1000.0,90.0
13.0,400,0.07,0.1,True,1000.0,90.0
13.0,400,0.07,0.1,False,1000.0,90.0
13.0,400,0.08,0.0001,True,1000.0,90.0
13.0,400,0.08,0.0001,False,1000.0,90.0
13.0,400,0.08,0.001,True,1000.0,90.0
13.0,400,0.08,0.001,False,1000.0,90.0
13.0,400,0.08,0.01,True,1000.0,90.0
13.0,400,0.08,0.01,False,1000.0,90.0
13.0,400,0.08,0.1,True,1000.0,90.0
13.0,400,0.08,0.1,False,1000.0,90.0
13.0,400,0.09,0.0001,True,1000.0,90.0
13.0,400,0.09,0.0001,False,1000.0,90.0
13.0,400,0.09,0.001,True,1000.0,90.0
13.0,400,0.09,0.001,False,1000.0,90.0
13.0,400,0.09,0.01,True,1000.0,90.0
13.0,400,0.09,0.01,False,1000.0,90.0
13.0,400,0.09,0.1,True,1000.0,90.0
13.0,400,0.09,0.1,False,1000.0,90.0
13.0,400,0.1,0.0001,True,1000.0,90.0
13.0,400,0.1,0.0001,False,1000.0,90.0
13.0,400,0.1,0.001,True,1000.0,90.0
13.0,400,0.1,0.001,False,1000.0,90.0
13.0,400,0.1,0.01,True,1000.0,90.0
13.0,400,0.1,0.01,False,1000.0,90.0
13.0,400,0.1,0.1,True,1000.0,90.0
13.0,400,0.1,0.1,False,1000.0,90.0
13.0,400,0.1,0.0001,True,1000.0,90.0
13.0,400,0.1,0.0001,False,1000.0,90.0
13.0,400,0.1,0.001,True,1000.0,90.0
13.0,400,0.1,0.001,False,1000.0,90.0
13.0,400,0.1,0.01,True,1000.0,90.0
13.0,400,0.1,0.01,False,1000.0,90.0
13.0,400,0.1,0.1,True,1000.0,90.0
13.0,400,0.1,0.1,False,1000.0,90.0
13.0,400,0.2,0.0001,True,1000.0,90.0
13.0,400,0.2,0.0001,False,1000.0,90.0
13.0,400,0.2,0.001,True,1000.0,90.0
13.0,400,0.2,0.001,False,1000.0,90.0
13.0,400,0.2,0.01,True,1000.0,90.0
13.0,400,0.2,0.01,False,1000.0,90.0
13.0,400,0.2,0.1,True,1000.0,90.0
13.0,400,0.2,0.1,False,1000.0,90.0
13.0,400,0.30000000000000004,0.0001,True,1000.0,90.0
13.0,400,0.30000000000000004,0.0001,False,1000.0,90.0
13.0,400,0.30000000000000004,0.001,True,1000.0,90.0
13.0,400,0.30000000000000004,0.001,False,1000.0,90.0
13.0,400,0.30000000000000004,0.01,True,1000.0,90.0
13.0,400,0.30000000000000004,0.01,False,1000.0,90.0
13.0,400,0.30000000000000004,0.1,True,1000.0,90.0
13.0,400,0.30000000000000004,0.1,False,1000.0,90.0
13.0,400,0.4,0.0001,True,1000.0,90.0
13.0,400,0.4,0.0001,False,1000.0,90.0
13.0,400,0.4,0.001,True,1000.0,90.0
13.0,400,0.4,0.001,False,1000.0,90.0
13.0,400,0.4,0.01,True,1000.0,90.0
13.0,400,0.4,0.01,False,1000.0,90.0
13.0,400,0.4,0.1,True,1000.0,90.0
13.0,400,0.4,0.1,False,1000.0,90.0
13.0,600,0.001,0.0001,True,1.007325656953152,5.90937318455898
13.0,600,0.001,0.0001,False,1.0171287279757026,7.17622548528616
13.0,600,0.001,0.001,True,1.007325656953152,5.90937318455898
13.0,600,0.001,0.001,False,1.0171287279757026,7.17622548528616
13.0,600,0.001,0.01,True,1.007325656953152,5.90937318455898
13.0,600,0.001,0.01,False,1.0171287279757026,7.17622548528616
13.0,600,0.001,0.1,True,1.007325656953152,5.90937318455898
13.0,600,0.001,0.1,False,1.0171287279757026,7.17622548528616
13.0,600,0.002,0.0001,True,1.0124280365289968,2.8347923636290773
13.0,600,0.002,0.0001,False,1.03202752277028,3.6400969570704547
13.0,600,0.002,0.001,True,1.0124280365289968,2.8347923636290773
13.0,600,0.002,0.001,False,1.03202752277028,3.6400969570704547
13.0,600,0.002,0.01,True,1.0124280365289968,2.8347923636290773
13.0,600,0.002,0.01,False,1.03202752277028,3.6400969570704547
13.0,600,0.002,0.1,True,1.0124280365289968,2.8347923636290773
13.0,600,0.002,0.1,False,1.03202752277028,3.6400969570704547
13.0,600,0.003,0.0001,True,1.0175522511688526,1.9862176726296568
13.0,600,0.003,0.0001,False,1.0469542914814922,4.560788477333276
13.0,600,0.003,0.001,True,1.0175522511688526,1.9862176726296568
13.0,600,0.003,0.001,False,1.0469542914814922,4.560788477333276
13.0,600,0.003,0.01,True,1.0175522511688526,1.9862176726296568
13.0,600,0.003,0.01,False,1.0469542914814922,4.560788477333276
13.0,600,0.003,0.1,True,1.0175522511688526,1.9862176726296568
13.0,600,0.003,0.1,False,1.0469542914814922,4.560788477333276
13.0,600,0.004,0.0001,True,1.022698427176784,1.8371762254852833
13.0,600,0.004,0.0001,False,1.0619069840584037,31.306516556822046
13.0,600,0.004,0.001,True,1.022698427176784,1.8371762254852833
13.0,600,0.004,0.001,False,1.0619069840584037,31.306516556822046
13.0,600,0.004,0.01,True,1.022698427176784,1.8371762254852833
13.0,600,0.004,0.01,False,1.0619069840584037,31.306516556822046
13.0,600,0.004,0.1,True,1.022698427176784,1.8371762254852833
13.0,600,0.004,0.1,False,1.0619069840584037,31.306516556822046
13.0,600,0.005,0.0001,True,1.0278666917832517,1.875638534425768
13.0,600,0.005,0.0001,False,1.4286671590483857,89.2571966585869
13.0,600,0.005,0.001,True,1.0278666917832517,1.875638534425768
13.0,600,0.005,0.001,False,1.4286671590483857,89.2571966585869
13.0,600,0.005,0.01,True,1.0278666917832517,1.875638534425768
13.0,600,0.005,0.01,False,1.4286671590483857,89.2571966585869
13.0,600,0.005,0.1,True,1.0278666917832517,1.875638534425768
13.0,600,0.005,0.1,False,1.4286671590483857,89.2571966585869
13.0,600,0.006,0.0001,True,1.033057173151045,2.4645926400769227
13.0,600,0.006,0.0001,False,4.248803584672934,90.0
13.0,600,0.006,0.001,True,1.033057173151045,2.4645926400769227
13.0,600,0.006,0.001,False,4.248803584672934,90.0
13.0,600,0.006,0.01,True,1.033057173151045,2.4645926400769227
13.0,600,0.006,0.01,False,4.248803584672934,90.0
13.0,600,0.006,0.1,True,1.033057173151045,2.4645926400769227
13.0,600,0.006,0.1,False,4.248803584672934,90.0
13.0,600,0.007,0.0001,True,1.0382700003808598,3.0751817945071025
13.0,600,0.007,0.0001,False,9.920355732348998,90.0
13.0,600,0.007,0.001,True,1.0382700003808598,3.0751817945071025
13.0,600,0.007,0.001,False,9.920355732348998,90.0
13.0,600,0.007,0.01,True,1.0382700003808598,3.0751817945071025
13.0,600,0.007,0.01,False,9.920355732348998,90.0
13.0,600,0.007,0.1,True,1.0382700003808598,3.0751817945071025
13.0,600,0.007,0.1,False,9.920355732348998,90.0
13.0,600,0.008,0.0001,True,1.0435053035167536,3.0391233798753987
13.0,600,0.008,0.0001,False,1000.0,90.0
13.0,600,0.008,0.001,True,1.0435053035167536,3.0391233798753987
13.0,600,0.008,0.001,False,1000.0,90.0
13.0,600,0.008,0.01,True,1.0435053035167536,3.0391233798753987
13.0,600,0.008,0.01,False,1000.0,90.0
13.0,600,0.008,0.1,True,1.0435053035167536,3.0391233798753987
13.0,600,0.008,0.1,False,1000.0,90.0
13.0,600,0.009000000000000001,0.0001,True,1.0487632135520832,2.9646026563032066
13.0,600,0.009000000000000001,0.0001,False,1000.0,90.0
13.0,600,0.009000000000000001,0.001,True,1.0487632135520832,2.9646026563032066
13.0,600,0.009000000000000001,0.001,False,1000.0,90.0
13.0,600,0.009000000000000001,0.01,True,1.0487632135520832,2.9646026563032066
13.0,600,0.009000000000000001,0.01,False,1000.0,90.0
13.0,600,0.009000000000000001,0.1,True,1.0487632135520832,2.9646026563032066
13.0,600,0.009000000000000001,0.1,False,1000.0,90.0
13.0,600,0.01,0.0001,True,1.1496693968941292,2.8876780384222442
13.0,600,0.01,0.0001,False,1000.0,90.0
13.0,600,0.01,0.001,True,1.1496693968941292,2.8876780384222442
13.0,600,0.01,0.001,False,1000.0,90.0
13.0,600,0.01,0.01,True,1.1496693968941292,2.8876780384222442
13.0,600,0.01,0.01,False,1000.0,90.0
13.0,600,0.01,0.1,True,1.1496693968941292,2.8876780384222442
13.0,600,0.01,0.1,False,1000.0,90.0
13.0,600,0.01,0.0001,True,1.1496693968941292,2.8876780384222442
13.0,600,0.01,0.0001,False,1000.0,90.0
13.0,600,0.01,0.001,True,1.1496693968941292,2.8876780384222442
13.0,600,0.01,0.001,False,1000.0,90.0
13.0,600,0.01,0.01,True,1.1496693968941292,2.8876780384222442
13.0,600,0.01,0.01,False,1000.0,90.0
13.0,600,0.01,0.1,True,1.1496693968941292,2.8876780384222442
13.0,600,0.01,0.1,False,1000.0,90.0
13.0,600,0.02,0.0001,True,10.477150165918957,3.7074059977163003
13.0,600,0.02,0.0001,False,1000.0,90.0
13.0,600,0.02,0.001,True,10.477150165918957,3.7074059977163003
13.0,600,0.02,0.001,False,1000.0,90.0
13.0,600,0.02,0.01,True,10.477150165918957,3.7074059977163003
13.0,600,0.02,0.01,False,1000.0,90.0
13.0,600,0.02,0.1,True,10.477150165918957,3.7074059977163003
13.0,600,0.02,0.1,False,1000.0,90.0
13.0,600,0.03,0.0001,True,27.66505612998148,10.361385444419959
13.0,600,0.03,0.0001,False,1000.0,90.0
13.0,600,0.03,0.001,True,27.66505612998148,10.361385444419959
13.0,600,0.03,0.001,False,1000.0,90.0
13.0,600,0.03,0.01,True,27.66505612998148,10.361385444419959
13.0,600,0.03,0.01,False,1000.0,90.0
13.0,600,0.03,0.1,True,27.66505612998148,10.361385444419959
13.0,600,0.03,0.1,False,1000.0,90.0
13.0,600,0.04,0.0001,True,49.30238162923198,24.392916524770122
13.0,600,0.04,0.0001,False,1000.0,90.0
13.0,600,0.04,0.001,True,49.30238162923198,24.392916524770122
13.0,600,0.04,0.001,False,1000.0,90.0
13.0,600,0.04,0.01,True,49.30238162923198,24.392916524770122
13.0,600,0.04,0.01,False,1000.0,90.0
13.0,600,0.04,0.1,True,49.30238162923198,24.392916524770122
13.0,600,0.04,0.1,False,1000.0,90.0
13.0,600,0.05,0.0001,True,72.32943630699803,27.986738516396557
13.0,600,0.05,0.0001,False,1000.0,90.0
13.0,600,0.05,0.001,True,72.32943630699803,27.986738516396557
13.0,600,0.05,0.001,False,1000.0,90.0
13.0,600,0.05,0.01,True,72.32943630699803,27.986738516396557
13.0,600,0.05,0.01,False,1000.0,90.0
13.0,600,0.05,0.1,True,72.32943630699803,27.986738516396557
13.0,600,0.05,0.1,False,1000.0,90.0
13.0,600,0.06,0.0001,True,98.8512080617132,28.044431979807285
13.0,600,0.06,0.0001,False,1000.0,90.0
13.0,600,0.06,0.001,True,98.8512080617132,28.044431979807285
13.0,600,0.06,0.001,False,1000.0,90.0
13.0,600,0.06,0.01,True,98.8512080617132,28.044431979807285
13.0,600,0.06,0.01,False,1000.0,90.0
13.0,600,0.06,0.1,True,98.8512080617132,28.044431979807285
13.0,600,0.06,0.1,False,1000.0,90.0
13.0,600,0.07,0.0001,True,125.90067555766989,44.52072357218694
13.0,600,0.07,0.0001,False,1000.0,90.0
13.0,600,0.07,0.001,True,125.90067555766989,44.52072357218694
13.0,600,0.07,0.001,False,1000.0,90.0
13.0,600,0.07,0.01,True,125.90067555766989,44.52072357218694
13.0,600,0.07,0.01,False,1000.0,90.0
13.0,600,0.07,0.1,True,125.90067555766989,44.52072357218694
13.0,600,0.07,0.1,False,1000.0,90.0
13.0,600,0.08,0.0001,True,266.91305105722586,50.246799815701436
13.0,600,0.08,0.0001,False,1000.0,90.0
13.0,600,0.08,0.001,True,266.91305105722586,50.246799815701436
13.0,600,0.08,0.001,False,1000.0,90.0
13.0,600,0.08,0.01,True,266.91305105722586,50.246799815701436
13.0,600,0.08,0.01,False,1000.0,90.0
13.0,600,0.08,0.1,True,266.91305105722586,50.246799815701436
13.0,600,0.08,0.1,False,1000.0,90.0
13.0,600,0.09,0.0001,True,486.37839724826046,62.23261683927963
13.0,600,0.09,0.0001,False,1000.0,90.0
13.0,600,0.09,0.001,True,486.37839724826046,62.23261683927963
13.0,600,0.09,0.001,False,1000.0,90.0
13.0,600,0.09,0.01,True,486.37839724826046,62.23261683927963
13.0,600,0.09,0.01,False,1000.0,90.0
13.0,600,0.09,0.1,True,486.37839724826046,62.23261683927963
13.0,600,0.09,0.1,False,1000.0,90.0
13.0,600,0.1,0.0001,True,1000.0,87.5432200164266
13.0,600,0.1,0.0001,False,1000.0,90.0
13.0,600,0.1,0.001,True,1000.0,87.5432200164266
13.0,600,0.1,0.001,False,1000.0,90.0
13.0,600,0.1,0.01,True,1000.0,87.5432200164266
13.0,600,0.1,0.01,False,1000.0,90.0
13.0,600,0.1,0.1,True,1000.0,87.5432200164266
13.0,600,0.1,0.1,False,1000.0,90.0
13.0,600,0.1,0.0001,True,1000.0,87.5432200164266
13.0,600,0.1,0.0001,False,1000.0,90.0
13.0,600,0.1,0.001,True,1000.0,87.5432200164266
13.0,600,0.1,0.001,False,1000.0,90.0
13.0,600,0.1,0.01,True,1000.0,87.5432200164266
13.0,600,0.1,0.01,False,1000.0,90.0
13.0,600,0.1,0.1,True,1000.0,87.5432200164266
13.0,600,0.1,0.1,False,1000.0,90.0
13.0,600,0.2,0.0001,True,1000.0,90.0
13.0,600,0.2,0.0001,False,1000.0,90.0
13.0,600,0.2,0.001,True,1000.0,90.0
13.0,600,0.2,0.001,False,1000.0,90.0
13.0,600,0.2,0.01,True,1000.0,90.0
13.0,600,0.2,0.01,False,1000.0,90.0
13.0,600,0.2,0.1,True,1000.0,90.0
13.0,600,0.2,0.1,False,1000.0,90.0
13.0,600,0.30000000000000004,0.0001,True,1000.0,90.0
13.0,600,0.30000000000000004,0.0001,False,1000.0,90.0
13.0,600,0.30000000000000004,0.001,True,1000.0,90.0
13.0,600,0.30000000000000004,0.001,False,1000.0,90.0
13.0,600,0.30000000000000004,0.01,True,1000.0,90.0
13.0,600,0.30000000000000004,0.01,False,1000.0,90.0
13.0,600,0.30000000000000004,0.1,True,1000.0,90.0
13.0,600,0.30000000000000004,0.1,False,1000.0,90.0
13.0,600,0.4,0.0001,True,1000.0,90.0
13.0,600,0.4,0.0001,False,1000.0,90.0
13.0,600,0.4,0.001,True,1000.0,90.0
13.0,600,0.4,0.001,False,1000.0,90.0
13.0,600,0.4,0.01,True,1000.0,90.0
13.0,600,0.4,0.01,False,1000.0,90.0
13.0,600,0.4,0.1,True,1000.0,90.0
13.0,600,0.4,0.1,False,1000.0,90.0
13.0,800,0.001,0.0001,True,1.0070709175963244,5.832448566678018
13.0,800,0.001,0.0001,False,1.0057373355774946,7.601714777940259
13.0,800,0.001,0.001,True,1.0070709175963244,5.832448566678018
13.0,800,0.001,0.001,False,1.0057373355774946,7.601714777940259
13.0,800,0.001,0.01,True,1.0070709175963244,5.832448566678018
13.0,800,0.001,0.01,False,1.0057373355774946,7.601714777940259
13.0,800,0.001,0.1,True,1.0070709175963244,5.832448566678018
13.0,800,0.001,0.1,False,1.0057373355774946,7.601714777940259
13.0,800,0.002,0.0001,True,1.0119159093677268,2.870850778260781
13.0,800,0.002,0.0001,False,1.009238583952445,3.8324085017728677
13.0,800,0.002,0.001,True,1.0119159093677268,2.870850778260781
13.0,800,0.002,0.001,False,1.009238583952445,3.8324085017728677
13.0,800,0.002,0.01,True,1.0119159093677268,2.870850778260781
13.0,800,0.002,0.01,False,1.009238583952445,3.8324085017728677
13.0,800,0.002,0.1,True,1.0119159093677268,2.870850778260781
13.0,800,0.002,0.1,False,1.009238583952445,3.8324085017728677
13.0,800,0.003,0.0001,True,1.016780068597367,2.0222760872613605
13.0,800,0.003,0.0001,False,1.0127487691496626,2.8299845750115153
13.0,800,0.003,0.001,True,1.016780068597367,2.0222760872613605
13.0,800,0.003,0.001,False,1.0127487691496626,2.8299845750115153
13.0,800,0.003,0.01,True,1.016780068597367,2.0222760872613605
13.0,800,0.003,0.01,False,1.0127487691496626,2.8299845750115153
13.0,800,0.003,0.1,True,1.016780068597367,2.0222760872613605
13.0,800,0.003,0.1,False,1.0127487691496626,2.8299845750115153
13.0,800,0.004,0.0001,True,1.021663502298102,1.9092930547486908
13.0,800,0.004,0.0001,False,1.0162679283821423,2.717001542498849
13.0,800,0.004,0.001,True,1.021663502298102,1.9092930547486908
13.0,800,0.004,0.001,False,1.0162679283821423,2.717001542498849
13.0,800,0.004,0.01,True,1.021663502298102,1.9092930547486908
13.0,800,0.004,0.01,False,1.0162679283821423,2.717001542498849
13.0,800,0.004,0.1,True,1.021663502298102,1.9092930547486908
13.0,800,0.004,0.1,False,1.0162679283821423,2.717001542498849
13.0,800,0.005,0.0001,True,1.026566318275411,2.577575672589596
13.0,800,0.005,0.0001,False,1.0197960991111563,7.798834111260241
13.0,800,0.005,0.001,True,1.026566318275411,2.577575672589596
13.0,800,0.005,0.001,False,1.0197960991111563,7.798834111260241
13.0,800,0.005,0.01,True,1.026566318275411,2.577575672589596
13.0,800,0.005,0.01,False,1.0197960991111563,7.798834111260241
13.0,800,0.005,0.1,True,1.026566318275411,2.577575672589596
13.0,800,0.005,0.1,False,1.0197960991111563,7.798834111260241
13.0,800,0.006,0.0001,True,1.0314886251324076,2.577575672589596
13.0,800,0.006,0.0001,False,1.0233333190470655,18.154810793485446
13.0,800,0.006,0.001,True,1.0314886251324076,2.577575672589596
13.0,800,0.006,0.001,False,1.0233333190470655,18.154810793485446
13.0,800,0.006,0.01,True,1.0314886251324076,2.577575672589596
13.0,800,0.006,0.01,False,1.0233333190470655,18.154810793485446
13.0,800,0.006,0.1,True,1.0314886251324076,2.577575672589596
13.0,800,0.006,0.1,False,1.0233333190470655,18.154810793485446
13.0,800,0.007,0.0001,True,1.036430532274202,2.503054949017404
13.0,800,0.007,0.0001,False,1.0268796261507194,22.64288146797812
13.0,800,0.007,0.001,True,1.036430532274202,2.503054949017404
13.0,800,0.007,0.001,False,1.0268796261507194,22.64288146797812
13.0,800,0.007,0.01,True,1.036430532274202,2.503054949017404
13.0,800,0.007,0.01,False,1.0268796261507194,22.64288146797812
13.0,800,0.007,0.1,True,1.036430532274202,2.503054949017404
13.0,800,0.007,0.1,False,1.0268796261507194,22.64288146797812
13.0,800,0.008,0.0001,True,1.0413921499129641,2.3564173961818113
13.0,800,0.008,0.0001,False,1.2664076855850064,31.69594743484444
13.0,800,0.008,0.001,True,1.0413921499129641,2.3564173961818113
13.0,800,0.008,0.001,False,1.2664076855850064,31.69594743484444
13.0,800,0.008,0.01,True,1.0413921499129641,2.3564173961818113
13.0,800,0.008,0.01,False,1.2664076855850064,31.69594743484444
13.0,800,0.008,0.1,True,1.0413921499129641,2.3564173961818113
13.0,800,0.008,0.1,False,1.2664076855850064,31.69594743484444
13.0,800,0.009000000000000001,0.0001,True,1.0463735890723767,3.467016566838275
13.0,800,0.009000000000000001,0.0001,False,2.1988437927260853,62.513872473406906
13.0,800,0.009000000000000001,0.001,True,1.0463735890723767,3.467016566838275
13.0,800,0.009000000000000001,0.001,False,2.1988437927260853,62.513872473406906
13.0,800,0.009000000000000001,0.01,True,1.0463735890723767,3.467016566838275
13.0,800,0.009000000000000001,0.01,False,2.1988437927260853,62.513872473406906
13.0,800,0.009000000000000001,0.1,True,1.0463735890723767,3.467016566838275
13.0,800,0.009000000000000001,0.1,False,2.1988437927260853,62.513872473406906
13.0,800,0.01,0.0001,True,1.1853365481945646,3.428554257897794
13.0,800,0.01,0.0001,False,4.593516026525752,75.84346641559326
13.0,800,0.01,0.001,True,1.1853365481945646,3.428554257897794
13.0,800,0.01,0.001,False,4.593516026525752,75.84346641559326
13.0,800,0.01,0.01,True,1.1853365481945646,3.428554257897794
13.0,800,0.01,0.01,False,4.593516026525752,75.84346641559326
13.0,800,0.01,0.1,True,1.1853365481945646,3.428554257897794
13.0,800,0.01,0.1,False,4.593516026525752,75.84346641559326
13.0,800,0.01,0.0001,True,1.1853365481945646,3.428554257897794
13.0,800,0.01,0.0001,False,4.593516026525752,75.84346641559326
13.0,800,0.01,0.001,True,1.1853365481945646,3.428554257897794
13.0,800,0.01,0.001,False,4.593516026525752,75.84346641559326
13.0,800,0.01,0.01,True,1.1853365481945646,3.428554257897794
13.0,800,0.01,0.01,False,4.593516026525752,75.84346641559326
13.0,800,0.01,0.1,True,1.1853365481945646,3.428554257897794
13.0,800,0.01,0.1,False,4.593516026525752,75.84346641559326
13.0,800,0.02,0.0001,True,11.285956070345728,3.9429876399767565
13.0,800,0.02,0.0001,False,248.82812215135925,90.0
13.0,800,0.02,0.001,True,11.285956070345728,3.9429876399767565
13.0,800,0.02,0.001,False,248.82812215135925,90.0
13.0,800,0.02,0.01,True,11.285956070345728,3.9429876399767565
13.0,800,0.02,0.01,False,248.82812215135925,90.0
13.0,800,0.02,0.1,True,11.285956070345728,3.9429876399767565
13.0,800,0.02,0.1,False,248.82812215135925,90.0
13.0,800,0.03,0.0001,True,29.890335053469723,10.209940102966804
13.0,800,0.03,0.0001,False,1000.0,90.0
13.0,800,0.03,0.001,True,29.890335053469723,10.209940102966804
13.0,800,0.03,0.001,False,1000.0,90.0
13.0,800,0.03,0.01,True,29.890335053469723,10.209940102966804
13.0,800,0.03,0.01,False,1000.0,90.0
13.0,800,0.03,0.1,True,29.890335053469723,10.209940102966804
13.0,800,0.03,0.1,False,1000.0,90.0
13.0,800,0.04,0.0001,True,52.75671097857946,24.953023898715912
13.0,800,0.04,0.0001,False,1000.0,90.0
13.0,800,0.04,0.001,True,52.75671097857946,24.953023898715912
13.0,800,0.04,0.001,False,1000.0,90.0
13.0,800,0.04,0.01,True,52.75671097857946,24.953023898715912
13.0,800,0.04,0.01,False,1000.0,90.0
13.0,800,0.04,0.1,True,52.75671097857946,24.953023898715912
13.0,800,0.04,0.1,False,1000.0,90.0
13.0,800,0.05,0.0001,True,79.62594417741096,28.787235321220372
13.0,800,0.05,0.0001,False,1000.0,90.0
13.0,800,0.05,0.001,True,79.62594417741096,28.787235321220372
13.0,800,0.05,0.001,False,1000.0,90.0
13.0,800,0.05,0.01,True,79.62594417741096,28.787235321220372
13.0,800,0.05,0.01,False,1000.0,90.0
13.0,800,0.05,0.1,True,79.62594417741096,28.787235321220372
13.0,800,0.05,0.1,False,1000.0,90.0
13.0,800,0.06,0.0001,True,109.49753278102733,38.00136220677497
13.0,800,0.06,0.0001,False,1000.0,90.0
13.0,800,0.06,0.001,True,109.49753278102733,38.00136220677497
13.0,800,0.06,0.001,False,1000.0,90.0
13.0,800,0.06,0.01,True,109.49753278102733,38.00136220677497
13.0,800,0.06,0.01,False,1000.0,90.0
13.0,800,0.06,0.1,True,109.49753278102733,38.00136220677497
13.0,800,0.06,0.1,False,1000.0,90.0
13.0,800,0.07,0.0001,True,140.930520079232,47.09529437689055
13.0,800,0.07,0.0001,False,1000.0,90.0
13.0,800,0.07,0.001,True,140.930520079232,47.09529437689055
13.0,800,0.07,0.001,False,1000.0,90.0
13.0,800,0.07,0.01,True,140.930520079232,47.09529437689055
13.0,800,0.07,0.01,False,1000.0,90.0
13.0,800,0.07,0.1,True,140.930520079232,47.09529437689055
13.0,800,0.07,0.1,False,1000.0,90.0
13.0,800,0.08,0.0001,True,377.08062231659164,53.91033474228249
13.0,800,0.08,0.0001,False,1000.0,90.0
13.0,800,0.08,0.001,True,377.08062231659164,53.91033474228249
13.0,800,0.08,0.001,False,1000.0,90.0
13.0,800,0.08,0.01,True,377.08062231659164,53.91033474228249
13.0,800,0.08,0.01,False,1000.0,90.0
13.0,800,0.08,0.1,True,377.08062231659164,53.91033474228249
13.0,800,0.08,0.1,False,1000.0,90.0
13.0,800,0.09,0.0001,True,520.5589938147249,63.58360544081411
13.0,800,0.09,0.0001,False,1000.0,90.0
13.0,800,0.09,0.001,True,520.5589938147249,63.58360544081411
13.0,800,0.09,0.001,False,1000.0,90.0
13.0,800,0.09,0.01,True,520.5589938147249,63.58360544081411
13.0,800,0.09,0.01,False,1000.0,90.0
13.0,800,0.09,0.1,True,520.5589938147249,63.58360544081411
13.0,800,0.09,0.1,False,1000.0,90.0
13.0,800,0.1,0.0001,True,1000.0,88.37256355295578
13.0,800,0.1,0.0001,False,1000.0,90.0
13.0,800,0.1,0.001,True,1000.0,88.37256355295578
13.0,800,0.1,0.001,False,1000.0,90.0
13.0,800,0.1,0.01,True,1000.0,88.37256355295578
13.0,800,0.1,0.01,False,1000.0,90.0
13.0,800,0.1,0.1,True,1000.0,88.37256355295578
13.0,800,0.1,0.1,False,1000.0,90.0
13.0,800,0.1,0.0001,True,1000.0,88.37256355295578
13.0,800,0.1,0.0001,False,1000.0,90.0
13.0,800,0.1,0.001,True,1000.0,88.37256355295578
13.0,800,0.1,0.001,False,1000.0,90.0
13.0,800,0.1,0.01,True,1000.0,88.37256355295578
13.0,800,0.1,0.01,False,1000.0,90.0
13.0,800,0.1,0.1,True,1000.0,88.37256355295578
13.0,800,0.1,0.1,False,1000.0,90.0
13.0,800,0.2,0.0001,True,1000.0,90.0
13.0,800,0.2,0.0001,False,1000.0,90.0
13.0,800,0.2,0.001,True,1000.0,90.0
13.0,800,0.2,0.001,False,1000.0,90.0
13.0,800,0.2,0.01,True,1000.0,90.0
13.0,800,0.2,0.01,False,1000.0,90.0
13.0,800,0.2,0.1,True,1000.0,90.0
13.0,800,0.2,0.1,False,1000.0,90.0
13.0,800,0.30000000000000004,0.0001,True,1000.0,90.0
13.0,800,0.30000000000000004,0.0001,False,1000.0,90.0
13.0,800,0.30000000000000004,0.001,True,1000.0,90.0
13.0,800,0.30000000000000004,0.001,False,1000.0,90.0
13.0,800,0.30000000000000004,0.01,True,1000.0,90.0
13.0,800,0.30000000000000004,0.01,False,1000.0,90.0
13.0,800,0.30000000000000004,0.1,True,1000.0,90.0
13.0,800,0.30000000000000004,0.1,False,1000.0,90.0
13.0,800,0.4,0.0001,True,1000.0,90.0
13.0,800,0.4,0.0001,False,1000.0,90.0
13.0,800,0.4,0.001,True,1000.0,90.0
13.0,800,0.4,0.001,False,1000.0,90.0
13.0,800,0.4,0.01,True,1000.0,90.0
13.0,800,0.4,0.01,False,1000.0,90.0
13.0,800,0.4,0.1,True,1000.0,90.0
13.0,800,0.4,0.1,False,1000.0,90.0
13.0,1000,0.001,0.0001,True,1.0070910822645887,5.832448566678018
13.0,1000,0.001,0.0001,False,1.0065960546014843,6.947855525952036
13.0,1000,0.001,0.001,True,1.0070910822645887,5.832448566678018
13.0,1000,0.001,0.001,False,1.0065960546014843,6.947855525952036
13.0,1000,0.001,0.01,True,1.0070910822645887,5.832448566678018
13.0,1000,0.001,0.01,False,1.0065960546014843,6.947855525952036
13.0,1000,0.001,0.1,True,1.0070910822645887,5.832448566678018
13.0,1000,0.001,0.1,False,1.0065960546014843,6.947855525952036
13.0,1000,0.002,0.0001,True,1.0119562751100744,2.8323884693203
13.0,1000,0.002,0.0001,False,1.0109592495018171,3.4862477213085157
13.0,1000,0.002,0.001,True,1.0119562751100744,2.8323884693203
13.0,1000,0.002,0.001,False,1.0109592495018171,3.4862477213085157
13.0,1000,0.002,0.01,True,1.0119562751100744,2.8323884693203
13.0,1000,0.002,0.01,False,1.0109592495018171,3.4862477213085157
13.0,1000,0.002,0.1,True,1.0119562751100744,2.8323884693203
13.0,1000,0.002,0.1,False,1.0109592495018171,3.4862477213085157
13.0,1000,0.003,0.0001,True,1.0168406705052049,2.024679981570138
13.0,1000,0.003,0.0001,False,1.0153346349669832,2.6809431278671454
13.0,1000,0.003,0.001,True,1.0168406705052049,2.024679981570138
13.0,1000,0.003,0.001,False,1.0153346349669832,2.6809431278671454
13.0,1000,0.003,0.01,True,1.0168406705052049,2.024679981570138
13.0,1000,0.003,0.01,False,1.0153346349669832,2.6809431278671454
13.0,1000,0.003,0.1,True,1.0168406705052049,2.024679981570138
13.0,1000,0.003,0.1,False,1.0153346349669832,2.6809431278671454
13.0,1000,0.004,0.0001,True,1.0217443741334715,1.9453514693803946
13.0,1000,0.004,0.0001,False,1.019722274853503,4.986277769987375
13.0,1000,0.004,0.001,True,1.0217443741334715,1.9453514693803946
13.0,1000,0.004,0.001,False,1.019722274853503,4.986277769987375
13.0,1000,0.004,0.01,True,1.0217443741334715,1.9453514693803946
13.0,1000,0.004,0.01,False,1.019722274853503,4.986277769987375
13.0,1000,0.004,0.1,True,1.0217443741334715,1.9453514693803946
13.0,1000,0.004,0.1,False,1.019722274853503,4.986277769987375
13.0,1000,0.005,0.0001,True,1.0266674924563097,3.20018429856367
13.0,1000,0.005,0.0001,False,1.0241222336710907,8.407019371381637
13.0,1000,0.005,0.001,True,1.0266674924563097,3.20018429856367
13.0,1000,0.005,0.001,False,1.0241222336710907,8.407019371381637
13.0,1000,0.005,0.01,True,1.0266674924563097,3.20018429856367
13.0,1000,0.005,0.01,False,1.0241222336710907,8.407019371381637
13.0,1000,0.005,0.1,True,1.0266674924563097,3.20018429856367
13.0,1000,0.005,0.1,False,1.0241222336710907,8.407019371381637
13.0,1000,0.006,0.0001,True,1.0316101327174803,3.1617219896231887
13.0,1000,0.006,0.0001,False,1.0285345765864005,14.4528135579639
13.0,1000,0.006,0.001,True,1.0316101327174803,3.1617219896231887
13.0,1000,0.006,0.001,False,1.0285345765864005,14.4528135579639
13.0,1000,0.006,0.01,True,1.0316101327174803,3.1617219896231887
13.0,1000,0.006,0.01,False,1.0285345765864005,14.4528135579639
13.0,1000,0.006,0.1,True,1.0316101327174803,3.1617219896231887
13.0,1000,0.006,0.1,False,1.0285345765864005,14.4528135579639
13.0,1000,0.007,0.0001,True,1.0365724029478876,3.046335062801738
13.0,1000,0.007,0.0001,False,1.337112271457926,17.880766842284494
13.0,1000,0.007,0.001,True,1.0365724029478876,3.046335062801738
13.0,1000,0.007,0.001,False,1.337112271457926,17.880766842284494
13.0,1000,0.007,0.01,True,1.0365724029478876,3.046335062801738
13.0,1000,0.007,0.01,False,1.337112271457926,17.880766842284494
13.0,1000,0.007,0.1,True,1.0365724029478876,3.046335062801738
13.0,1000,0.007,0.1,False,1.337112271457926,17.880766842284494
13.0,1000,0.008,0.0001,True,1.0415544119702331,3.0054688595524723
13.0,1000,0.008,0.0001,False,2.401317227560891,22.969811093972233
13.0,1000,0.008,0.001,True,1.0415544119702331,3.0054688595524723
13.0,1000,0.008,0.001,False,2.401317227560891,22.969811093972233
13.0,1000,0.008,0.01,True,1.0415544119702331,3.0054688595524723
13.0,1000,0.008,0.01,False,2.401317227560891,22.969811093972233
13.0,1000,0.008,0.1,True,1.0415544119702331,3.0054688595524723
13.0,1000,0.008,0.1,False,2.401317227560891,22.969811093972233
13.0,1000,0.009000000000000001,0.0001,True,1.0465562694034154,2.9309481359802874
13.0,1000,0.009000000000000001,0.0001,False,3.728811340453926,23.251066728099516
13.0,1000,0.009000000000000001,0.001,True,1.0465562694034154,2.9309481359802874
13.0,1000,0.009000000000000001,0.001,False,3.728811340453926,23.251066728099516
13.0,1000,0.009000000000000001,0.01,True,1.0465562694034154,2.9309481359802874
13.0,1000,0.009000000000000001,0.01,False,3.728811340453926,23.251066728099516
13.0,1000,0.009000000000000001,0.1,True,1.0465562694034154,2.9309481359802874
13.0,1000,0.009000000000000001,0.1,False,3.728811340453926,23.251066728099516
13.0,1000,0.01,0.0001,True,1.2551347547327665,3.854043550551893
13.0,1000,0.01,0.0001,False,5.309251091521299,22.55393737855325
13.0,1000,0.01,0.001,True,1.2551347547327665,3.854043550551893
13.0,1000,0.01,0.001,False,5.309251091521299,22.55393737855325
13.0,1000,0.01,0.01,True,1.2551347547327665,3.854043550551893
13.0,1000,0.01,0.01,False,5.309251091521299,22.55393737855325
13.0,1000,0.01,0.1,True,1.2551347547327665,3.854043550551893
13.0,1000,0.01,0.1,False,5.309251091521299,22.55393737855325
13.0,1000,0.01,0.0001,True,1.2551347547327665,3.854043550551893
13.0,1000,0.01,0.0001,False,5.309251091521299,22.55393737855325
13.0,1000,0.01,0.001,True,1.2551347547327665,3.854043550551893
13.0,1000,0.01,0.001,False,5.309251091521299,22.55393737855325
13.0,1000,0.01,0.01,True,1.2551347547327665,3.854043550551893
13.0,1000,0.01,0.01,False,5.309251091521299,22.55393737855325
13.0,1000,0.01,0.1,True,1.2551347547327665,3.854043550551893
13.0,1000,0.01,0.1,False,5.309251091521299,22.55393737855325
13.0,1000,0.02,0.0001,True,12.392785369755547,4.072797932650893
13.0,1000,0.02,0.0001,False,40.89667652584824,77.23291732606822
13.0,1000,0.02,0.001,True,12.392785369755547,4.072797932650893
13.0,1000,0.02,0.001,False,40.89667652584824,77.23291732606822
13.0,1000,0.02,0.01,True,12.392785369755547,4.072797932650893
13.0,1000,0.02,0.01,False,40.89667652584824,77.23291732606822
13.0,1000,0.02,0.1,True,12.392785369755547,4.072797932650893
13.0,1000,0.02,0.1,False,40.89667652584824,77.23291732606822
13.0,1000,0.03,0.0001,True,32.7958426630173,16.645165167571463
13.0,1000,0.03,0.0001,False,102.39668878360428,89.98317273983852
13.0,1000,0.03,0.001,True,32.7958426630173,16.645165167571463
13.0,1000,0.03,0.001,False,102.39668878360428,89.98317273983852
13.0,1000,0.03,0.01,True,32.7958426630173,16.645165167571463
13.0,1000,0.03,0.01,False,102.39668878360428,89.98317273983852
13.0,1000,0.03,0.1,True,32.7958426630173,16.645165167571463
13.0,1000,0.03,0.1,False,102.39668878360428,89.98317273983852
13.0,1000,0.04,0.0001,True,58.79436955415038,24.332819167050616
13.0,1000,0.04,0.0001,False,195.71431429643218,89.99278831707365
13.0,1000,0.04,0.001,True,58.79436955415038,24.332819167050616
13.0,1000,0.04,0.001,False,195.71431429643218,89.99278831707365
13.0,1000,0.04,0.01,True,58.79436955415038,24.332819167050616
13.0,1000,0.04,0.01,False,195.71431429643218,89.99278831707365
13.0,1000,0.04,0.1,True,58.79436955415038,24.332819167050616
13.0,1000,0.04,0.1,False,195.71431429643218,89.99278831707365
13.0,1000,0.05,0.0001,True,87.79327838515336,39.58552855626114
13.0,1000,0.05,0.0001,False,1000.0,90.0
13.0,1000,0.05,0.001,True,87.79327838515336,39.58552855626114
13.0,1000,0.05,0.001,False,1000.0,90.0
13.0,1000,0.05,0.01,True,87.79327838515336,39.58552855626114
13.0,1000,0.05,0.01,False,1000.0,90.0
13.0,1000,0.05,0.1,True,87.79327838515336,39.58552855626114
13.0,1000,0.05,0.1,False,1000.0,90.0
13.0,1000,0.06,0.0001,True,122.001720201975,59.17726717281997
13.0,1000,0.06,0.0001,False,1000.0,90.0
13.0,1000,0.06,0.001,True,122.001720201975,59.17726717281997
13.0,1000,0.06,0.001,False,1000.0,90.0
13.0,1000,0.06,0.01,True,122.001720201975,59.17726717281997
13.0,1000,0.06,0.01,False,1000.0,90.0
13.0,1000,0.06,0.1,True,122.001720201975,59.17726717281997
13.0,1000,0.06,0.1,False,1000.0,90.0
13.0,1000,0.07,0.0001,True,1000.0,89.98798052845609
13.0,1000,0.07,0.0001,False,1000.0,90.0
13.0,1000,0.07,0.001,True,1000.0,89.98798052845609
13.0,1000,0.07,0.001,False,1000.0,90.0
13.0,1000,0.07,0.01,True,1000.0,89.98798052845609
13.0,1000,0.07,0.01,False,1000.0,90.0
13.0,1000,0.07,0.1,True,1000.0,89.98798052845609
13.0,1000,0.07,0.1,False,1000.0,90.0
13.0,1000,0.08,0.0001,True,1000.0,87.31485005709249
13.0,1000,0.08,0.0001,False,1000.0,90.0
13.0,1000,0.08,0.001,True,1000.0,87.31485005709249
13.0,1000,0.08,0.001,False,1000.0,90.0
13.0,1000,0.08,0.01,True,1000.0,87.31485005709249
13.0,1000,0.08,0.01,False,1000.0,90.0
13.0,1000,0.08,0.1,True,1000.0,87.31485005709249
13.0,1000,0.08,0.1,False,1000.0,90.0
13.0,1000,0.09,0.0001,True,1000.0,56.00172279092129
13.0,1000,0.09,0.0001,False,1000.0,90.0
13.0,1000,0.09,0.001,True,1000.0,56.00172279092129
13.0,1000,0.09,0.001,False,1000.0,90.0
13.0,1000,0.09,0.01,True,1000.0,56.00172279092129
13.0,1000,0.09,0.01,False,1000.0,90.0
13.0,1000,0.09,0.1,True,1000.0,56.00172279092129
13.0,1000,0.09,0.1,False,1000.0,90.0
13.0,1000,0.1,0.0001,True,1000.0,89.99519221138243
13.0,1000,0.1,0.0001,False,1000.0,90.0
13.0,1000,0.1,0.001,True,1000.0,89.99519221138243
13.0,1000,0.1,0.001,False,1000.0,90.0
13.0,1000,0.1,0.01,True,1000.0,89.99519221138243
13.0,1000,0.1,0.01,False,1000.0,90.0
13.0,1000,0.1,0.1,True,1000.0,89.99519221138243
13.0,1000,0.1,0.1,False,1000.0,90.0
13.0,1000,0.1,0.0001,True,1000.0,89.99519221138243
13.0,1000,0.1,0.0001,False,1000.0,90.0
13.0,1000,0.1,0.001,True,1000.0,89.99519221138243
13.0,1000,0.1,0.001,False,1000.0,90.0
13.0,1000,0.1,0.01,True,1000.0,89.99519221138243
13.0,1000,0.1,0.01,False,1000.0,90.0
13.0,1000,0.1,0.1,True,1000.0,89.99519221138243
13.0,1000,0.1,0.1,False,1000.0,90.0
13.0,1000,0.2,0.0001,True,1000.0,90.0
13.0,1000,0.2,0.0001,False,1000.0,90.0
13.0,1000,0.2,0.001,True,1000.0,90.0
13.0,1000,0.2,0.001,False,1000.0,90.0
13.0,1000,0.2,0.01,True,1000.0,90.0
13.0,1000,0.2,0.01,False,1000.0,90.0
13.0,1000,0.2,0.1,True,1000.0,90.0
13.0,1000,0.2,0.1,False,1000.0,90.0
13.0,1000,0.30000000000000004,0.0001,True,1000.0,90.0
13.0,1000,0.30000000000000004,0.0001,False,1000.0,90.0
13.0,1000,0.30000000000000004,0.001,True,1000.0,90.0
13.0,1000,0.30000000000000004,0.001,False,1000.0,90.0
13.0,1000,0.30000000000000004,0.01,True,1000.0,90.0
13.0,1000,0.30000000000000004,0.01,False,1000.0,90.0
13.0,1000,0.30000000000000004,0.1,True,1000.0,90.0
13.0,1000,0.30000000000000004,0.1,False,1000.0,90.0
13.0,1000,0.4,0.0001,True,1000.0,90.0
13.0,1000,0.4,0.0001,False,1000.0,90.0
13.0,1000,0.4,0.001,True,1000.0,90.0
13.0,1000,0.4,0.001,False,1000.0,90.0
13.0,1000,0.4,0.01,True,1000.0,90.0
13.0,1000,0.4,0.01,False,1000.0,90.0
13.0,1000,0.4,0.1,True,1000.0,90.0
13.0,1000,0.4,0.1,False,1000.0,90.0
13.0,1500,0.001,0.0001,True,1.0070692089933477,5.717061639856567
13.0,1500,0.001,0.0001,False,1.007339404468319,7.294016306416388
13.0,1500,0.001,0.001,True,1.0070692089933477,5.717061639856567
13.0,1500,0.001,0.001,False,1.007339404468319,7.294016306416388
13.0,1500,0.001,0.01,True,1.0070692089933477,5.717061639856567
13.0,1500,0.001,0.01,False,1.007339404468319,7.294016306416388
13.0,1500,0.001,0.1,True,1.0070692089933477,5.717061639856567
13.0,1500,0.001,0.1,False,1.007339404468319,7.294016306416388
13.0,1500,0.002,0.0001,True,1.0119122520388386,2.9477753961417505
13.0,1500,0.002,0.0001,False,1.01245581075061,3.6400969570704547
13.0,1500,0.002,0.001,True,1.0119122520388386,2.9477753961417505
13.0,1500,0.002,0.001,False,1.01245581075061,3.6400969570704547
13.0,1500,0.002,0.01,True,1.0119122520388386,2.9477753961417505
13.0,1500,0.002,0.01,False,1.01245581075061,3.6400969570704547
13.0,1500,0.002,0.1,True,1.0119122520388386,2.9477753961417505
13.0,1500,0.002,0.1,False,1.01245581075061,3.6400969570704547
13.0,1500,0.003,0.0001,True,1.0167742180935324,2.0607383962018417
13.0,1500,0.003,0.0001,False,1.0175943264847855,2.753059957130546
13.0,1500,0.003,0.001,True,1.0167742180935324,2.0607383962018417
13.0,1500,0.003,0.001,False,1.0175943264847855,2.753059957130546
13.0,1500,0.003,0.01,True,1.0167742180935324,2.0607383962018417
13.0,1500,0.003,0.01,False,1.0175943264847855,2.753059957130546
13.0,1500,0.003,0.1,True,1.0167742180935324,2.0607383962018417
13.0,1500,0.003,0.1,False,1.0175943264847855,2.753059957130546
13.0,1500,0.004,0.0001,True,1.021655209802579,1.9814098840120984
13.0,1500,0.004,0.0001,False,1.0227550730761756,2.7506560628217684
13.0,1500,0.004,0.001,True,1.021655209802579,1.9814098840120984
13.0,1500,0.004,0.001,False,1.0227550730761756,2.7506560628217684
13.0,1500,0.004,0.01,True,1.021655209802579,1.9814098840120984
13.0,1500,0.004,0.01,False,1.0227550730761756,2.7506560628217684
13.0,1500,0.004,0.1,True,1.021655209802579,1.9814098840120984
13.0,1500,0.004,0.1,False,1.0227550730761756,2.7506560628217684
13.0,1500,0.005,0.0001,True,1.0265553305621933,3.2362427131953737
13.0,1500,0.005,0.0001,False,1.0279381727615122,5.063202387868344
13.0,1500,0.005,0.001,True,1.0265553305621933,3.2362427131953737
13.0,1500,0.005,0.001,False,1.0279381727615122,5.063202387868344
13.0,1500,0.005,0.01,True,1.0265553305621933,3.2362427131953737
13.0,1500,0.005,0.01,False,1.0279381727615122,5.063202387868344
13.0,1500,0.005,0.1,True,1.0265553305621933,3.2362427131953737
13.0,1500,0.005,0.1,False,1.0279381727615122,5.063202387868344
13.0,1500,0.006,0.0001,True,1.0314746845242833,3.164125883931966
13.0,1500,0.006,0.0001,False,1.033143748613556,8.298844127486525
13.0,1500,0.006,0.001,True,1.0314746845242833,3.164125883931966
13.0,1500,0.006,0.001,False,1.033143748613556,8.298844127486525
13.0,1500,0.006,0.01,True,1.0314746845242833,3.164125883931966
13.0,1500,0.006,0.01,False,1.033143748613556,8.298844127486525
13.0,1500,0.006,0.1,True,1.0314746845242833,3.164125883931966
13.0,1500,0.006,0.1,False,1.033143748613556,8.298844127486525
13.0,1500,0.007,0.0001,True,1.036413376600355,3.664135900158257
13.0,1500,0.007,0.0001,False,1.0635198143073497,8.685871111200143
13.0,1500,0.007,0.001,True,1.036413376600355,3.664135900158257
13.0,1500,0.007,0.001,False,1.0635198143073497,8.685871111200143
13.0,1500,0.007,0.01,True,1.036413376600355,3.664135900158257
13.0,1500,0.007,0.01,False,1.0635198143073497,8.685871111200143
13.0,1500,0.007,0.1,True,1.036413376600355,3.664135900158257
13.0,1500,0.007,0.1,False,1.0635198143073497,8.685871111200143
13.0,1500,0.008,0.0001,True,1.0413715124665406,3.5872112822772877
13.0,1500,0.008,0.0001,False,1.7880576976255809,8.265189607163599
13.0,1500,0.008,0.001,True,1.0413715124665406,3.5872112822772877
13.0,1500,0.008,0.001,False,1.7880576976255809,8.265189607163599
13.0,1500,0.008,0.01,True,1.0413715124665406,3.5872112822772877
13.0,1500,0.008,0.01,False,1.7880576976255809,8.265189607163599
13.0,1500,0.008,0.1,True,1.0413715124665406,3.5872112822772877
13.0,1500,0.008,0.1,False,1.7880576976255809,8.265189607163599
13.0,1500,0.009000000000000001,0.0001,True,1.0463491985675735,3.3636491115607257
13.0,1500,0.009000000000000001,0.0001,False,3.3389011971561087,10.950339550071114
13.0,1500,0.009000000000000001,0.001,True,1.0463491985675735,3.3636491115607257
13.0,1500,0.009000000000000001,0.001,False,3.3389011971561087,10.950339550071114
13.0,1500,0.009000000000000001,0.01,True,1.0463491985675735,3.3636491115607257
13.0,1500,0.009000000000000001,0.01,False,3.3389011971561087,10.950339550071114
13.0,1500,0.009000000000000001,0.1,True,1.0463491985675735,3.3636491115607257
13.0,1500,0.009000000000000001,0.1,False,3.3389011971561087,10.950339550071114
13.0,1500,0.01,0.0001,True,1.438162640064835,2.8516196237905405
13.0,1500,0.01,0.0001,False,5.3943786063219,13.551353192171312
13.0,1500,0.01,0.001,True,1.438162640064835,2.8516196237905405
13.0,1500,0.01,0.001,False,5.3943786063219,13.551353192171312
13.0,1500,0.01,0.01,True,1.438162640064835,2.8516196237905405
13.0,1500,0.01,0.01,False,5.3943786063219,13.551353192171312
13.0,1500,0.01,0.1,True,1.438162640064835,2.8516196237905405
13.0,1500,0.01,0.1,False,5.3943786063219,13.551353192171312
13.0,1500,0.01,0.0001,True,1.438162640064835,2.8516196237905405
13.0,1500,0.01,0.0001,False,5.3943786063219,13.551353192171312
13.0,1500,0.01,0.001,True,1.438162640064835,2.8516196237905405
13.0,1500,0.01,0.001,False,5.3943786063219,13.551353192171312
13.0,1500,0.01,0.01,True,1.438162640064835,2.8516196237905405
13.0,1500,0.01,0.01,False,5.3943786063219,13.551353192171312
13.0,1500,0.01,0.1,True,1.438162640064835,2.8516196237905405
13.0,1500,0.01,0.1,False,5.3943786063219,13.551353192171312
13.0,1500,0.02,0.0001,True,15.421959800546764,4.892525891944949
13.0,1500,0.02,0.0001,False,54.31256096615208,24.88811875237885
13.0,1500,0.02,0.001,True,15.421959800546764,4.892525891944949
13.0,1500,0.02,0.001,False,54.31256096615208,24.88811875237885
13.0,1500,0.02,0.01,True,15.421959800546764,4.892525891944949
13.0,1500,0.02,0.01,False,54.31256096615208,24.88811875237885
13.0,1500,0.02,0.1,True,15.421959800546764,4.892525891944949
13.0,1500,0.02,0.1,False,54.31256096615208,24.88811875237885
13.0,1500,0.03,0.0001,True,41.10458379398799,20.33995072016667
13.0,1500,0.03,0.0001,False,141.94605323198144,41.46297001141849
13.0,1500,0.03,0.001,True,41.10458379398799,20.33995072016667
13.0,1500,0.03,0.001,False,141.94605323198144,41.46297001141849
13.0,1500,0.03,0.01,True,41.10458379398799,20.33995072016667
13.0,1500,0.03,0.01,False,141.94605323198144,41.46297001141849
13.0,1500,0.03,0.1,True,41.10458379398799,20.33995072016667
13.0,1500,0.03,0.1,False,141.94605323198144,41.46297001141849
13.0,1500,0.04,0.0001,True,74.78920752358843,43.73705402752458
13.0,1500,0.04,0.0001,False,278.6367816373586,59.384002083375066
13.0,1500,0.04,0.001,True,74.78920752358843,43.73705402752458
13.0,1500,0.04,0.001,False,278.6367816373586,59.384002083375066
13.0,1500,0.04,0.01,True,74.78920752358843,43.73705402752458
13.0,1500,0.04,0.01,False,278.6367816373586,59.384002083375066
13.0,1500,0.04,0.1,True,74.78920752358843,43.73705402752458
13.0,1500,0.04,0.1,False,278.6367816373586,59.384002083375066
13.0,1500,0.05,0.0001,True,112.88548641747117,38.48214106853102
13.0,1500,0.05,0.0001,False,408.7263427856715,89.82691960976781
13.0,1500,0.05,0.001,True,112.88548641747117,38.48214106853102
13.0,1500,0.05,0.001,False,408.7263427856715,89.82691960976781
13.0,1500,0.05,0.01,True,112.88548641747117,38.48214106853102
13.0,1500,0.05,0.01,False,408.7263427856715,89.82691960976781
13.0,1500,0.05,0.1,True,112.88548641747117,38.48214106853102
13.0,1500,0.05,0.1,False,408.7263427856715,89.82691960976781
13.0,1500,0.06,0.0001,True,153.51114229254537,76.44203609847953
13.0,1500,0.06,0.0001,False,1000.0,90.0
13.0,1500,0.06,0.001,True,153.51114229254537,76.44203609847953
13.0,1500,0.06,0.001,False,1000.0,90.0
13.0,1500,0.06,0.01,True,153.51114229254537,76.44203609847953
13.0,1500,0.06,0.01,False,1000.0,90.0
13.0,1500,0.06,0.1,True,153.51114229254537,76.44203609847953
13.0,1500,0.06,0.1,False,1000.0,90.0
13.0,1500,0.07,0.0001,True,1000.0,86.40858190268234
13.0,1500,0.07,0.0001,False,1000.0,90.0
13.0,1500,0.07,0.001,True,1000.0,86.40858190268234
13.0,1500,0.07,0.001,False,1000.0,90.0
13.0,1500,0.07,0.01,True,1000.0,86.40858190268234
13.0,1500,0.07,0.01,False,1000.0,90.0
13.0,1500,0.07,0.1,True,1000.0,86.40858190268234
13.0,1500,0.07,0.1,False,1000.0,90.0
13.0,1500,0.08,0.0001,True,1000.0,72.75927001742822
13.0,1500,0.08,0.0001,False,1000.0,90.0
13.0,1500,0.08,0.001,True,1000.0,72.75927001742822
13.0,1500,0.08,0.001,False,1000.0,90.0
13.0,1500,0.08,0.01,True,1000.0,72.75927001742822
13.0,1500,0.08,0.01,False,1000.0,90.0
13.0,1500,0.08,0.1,True,1000.0,72.75927001742822
13.0,1500,0.08,0.1,False,1000.0,90.0
13.0,1500,0.09,0.0001,True,1000.0,71.61020853783128
13.0,1500,0.09,0.0001,False,1000.0,90.0
13.0,1500,0.09,0.001,True,1000.0,71.61020853783128
13.0,1500,0.09,0.001,False,1000.0,90.0
13.0,1500,0.09,0.01,True,1000.0,71.61020853783128
13.0,1500,0.09,0.01,False,1000.0,90.0
13.0,1500,0.09,0.1,True,1000.0,71.61020853783128
13.0,1500,0.09,0.1,False,1000.0,90.0
13.0,1500,0.1,0.0001,True,1000.0,89.99519221138243
13.0,1500,0.1,0.0001,False,1000.0,90.0
13.0,1500,0.1,0.001,True,1000.0,89.99519221138243
13.0,1500,0.1,0.001,False,1000.0,90.0
13.0,1500,0.1,0.01,True,1000.0,89.99519221138243
13.0,1500,0.1,0.01,False,1000.0,90.0
13.0,1500,0.1,0.1,True,1000.0,89.99519221138243
13.0,1500,0.1,0.1,False,1000.0,90.0
13.0,1500,0.1,0.0001,True,1000.0,89.99519221138243
13.0,1500,0.1,0.0001,False,1000.0,90.0
13.0,1500,0.1,0.001,True,1000.0,89.99519221138243
13.0,1500,0.1,0.001,False,1000.0,90.0
13.0,1500,0.1,0.01,True,1000.0,89.99519221138243
13.0,1500,0.1,0.01,False,1000.0,90.0
13.0,1500,0.1,0.1,True,1000.0,89.99519221138243
13.0,1500,0.1,0.1,False,1000.0,90.0
13.0,1500,0.2,0.0001,True,1000.0,90.0
13.0,1500,0.2,0.0001,False,1000.0,90.0
13.0,1500,0.2,0.001,True,1000.0,90.0
13.0,1500,0.2,0.001,False,1000.0,90.0
13.0,1500,0.2,0.01,True,1000.0,90.0
13.0,1500,0.2,0.01,False,1000.0,90.0
13.0,1500,0.2,0.1,True,1000.0,90.0
13.0,1500,0.2,0.1,False,1000.0,90.0
13.0,1500,0.30000000000000004,0.0001,True,1000.0,90.0
13.0,1500,0.30000000000000004,0.0001,False,1000.0,90.0
13.0,1500,0.30000000000000004,0.001,True,1000.0,90.0
13.0,1500,0.30000000000000004,0.001,False,1000.0,90.0
13.0,1500,0.30000000000000004,0.01,True,1000.0,90.0
13.0,1500,0.30000000000000004,0.01,False,1000.0,90.0
13.0,1500,0.30000000000000004,0.1,True,1000.0,90.0
13.0,1500,0.30000000000000004,0.1,False,1000.0,90.0
13.0,1500,0.4,0.0001,True,1000.0,90.0
13.0,1500,0.4,0.0001,False,1000.0,90.0
13.0,1500,0.4,0.001,True,1000.0,90.0
13.0,1500,0.4,0.001,False,1000.0,90.0
13.0,1500,0.4,0.01,True,1000.0,90.0
13.0,1500,0.4,0.01,False,1000.0,90.0
13.0,1500,0.4,0.1,True,1000.0,90.0
13.0,1500,0.4,0.1,False,1000.0,90.0
13.0,2000,0.001,0.0001,True,1.00707523247238,5.793986257737529
13.0,2000,0.001,0.0001,False,1.0069356087721064,7.101704761713975
13.0,2000,0.001,0.001,True,1.00707523247238,5.793986257737529
13.0,2000,0.001,0.001,False,1.0069356087721064,7.101704761713975
13.0,2000,0.001,0.01,True,1.00707523247238,5.793986257737529
13.0,2000,0.001,0.01,False,1.0069356087721064,7.101704761713975
13.0,2000,0.001,0.1,True,1.00707523247238,5.793986257737529
13.0,2000,0.001,0.1,False,1.0069356087721064,7.101704761713975
13.0,2000,0.002,0.0001,True,1.0119243094371644,3.0222961197139355
13.0,2000,0.002,0.0001,False,1.0116434905879774,3.563172339189485
13.0,2000,0.002,0.001,True,1.0119243094371644,3.0222961197139355
13.0,2000,0.002,0.001,False,1.0116434905879774,3.563172339189485
13.0,2000,0.002,0.01,True,1.0119243094371644,3.0222961197139355
13.0,2000,0.002,0.01,False,1.0116434905879774,3.563172339189485
13.0,2000,0.002,0.1,True,1.0119243094371644,3.0222961197139355
13.0,2000,0.002,0.1,False,1.0116434905879774,3.563172339189485
13.0,2000,0.003,0.0001,True,1.0167923192387676,2.0631422905106263
13.0,2000,0.003,0.0001,False,1.0163687230319387,2.717001542498849
13.0,2000,0.003,0.001,True,1.0167923192387676,2.0631422905106263
13.0,2000,0.003,0.001,False,1.0163687230319387,2.717001542498849
13.0,2000,0.003,0.01,True,1.0167923192387676,2.0631422905106263
13.0,2000,0.003,0.01,False,1.0163687230319387,2.717001542498849
13.0,2000,0.003,0.1,True,1.0167923192387676,2.0631422905106263
13.0,2000,0.003,0.1,False,1.0163687230319387,2.717001542498849
13.0,2000,0.004,0.0001,True,1.0216793639021657,1.9838137783208758
13.0,2000,0.004,0.0001,False,1.0211113973079886,4.147318656223078
13.0,2000,0.004,0.001,True,1.0216793639021657,1.9838137783208758
13.0,2000,0.004,0.001,False,1.0211113973079886,4.147318656223078
13.0,2000,0.004,0.01,True,1.0216793639021657,1.9838137783208758
13.0,2000,0.004,0.01,False,1.0211113973079886,4.147318656223078
13.0,2000,0.004,0.1,True,1.0216793639021657,1.9838137783208758
13.0,2000,0.004,0.1,False,1.0211113973079886,4.147318656223078
13.0,2000,0.005,0.0001,True,1.0265855461961146,3.2723011278270775
13.0,2000,0.005,0.0001,False,1.025871605302013,5.060798493559567
13.0,2000,0.005,0.001,True,1.0265855461961146,3.2723011278270775
13.0,2000,0.005,0.001,False,1.025871605302013,5.060798493559567
13.0,2000,0.005,0.01,True,1.0265855461961146,3.2723011278270775
13.0,2000,0.005,0.01,False,1.025871605302013,5.060798493559567
13.0,2000,0.005,0.1,True,1.0265855461961146,3.2723011278270775
13.0,2000,0.005,0.1,False,1.025871605302013,5.060798493559567
13.0,2000,0.006,0.0001,True,1.0315109696371576,3.2338388188865963
13.0,2000,0.006,0.0001,False,1.030649439586095,6.07524189186482
13.0,2000,0.006,0.001,True,1.0315109696371576,3.2338388188865963
13.0,2000,0.006,0.001,False,1.030649439586095,6.07524189186482
13.0,2000,0.006,0.01,True,1.0315109696371576,3.2338388188865963
13.0,2000,0.006,0.01,False,1.030649439586095,6.07524189186482
13.0,2000,0.006,0.1,True,1.0315109696371576,3.2338388188865963
13.0,2000,0.006,0.1,False,1.030649439586095,6.07524189186482
13.0,2000,0.007,0.0001,True,1.0364557384941668,2.738636591277867
13.0,2000,0.007,0.0001,False,1.4705563231413104,5.231474989482962
13.0,2000,0.007,0.001,True,1.0364557384941668,2.738636591277867
13.0,2000,0.007,0.001,False,1.4705563231413104,5.231474989482962
13.0,2000,0.007,0.01,True,1.0364557384941668,2.738636591277867
13.0,2000,0.007,0.01,False,1.4705563231413104,5.231474989482962
13.0,2000,0.007,0.1,True,1.0364557384941668,2.738636591277867
13.0,2000,0.007,0.1,False,1.4705563231413104,5.231474989482962
13.0,2000,0.008,0.0001,True,1.0414199577928345,3.6232696969089915
13.0,2000,0.008,0.0001,False,2.547534483213397,4.4958833309962145
13.0,2000,0.008,0.001,True,1.0414199577928345,3.6232696969089915
13.0,2000,0.008,0.001,False,2.547534483213397,4.4958833309962145
13.0,2000,0.008,0.01,True,1.0414199577928345,3.6232696969089915
13.0,2000,0.008,0.01,False,2.547534483213397,4.4958833309962145
13.0,2000,0.008,0.1,True,1.0414199577928345,3.6232696969089915
13.0,2000,0.008,0.1,False,2.547534483213397,4.4958833309962145
13.0,2000,0.009000000000000001,0.0001,True,1.2521874798126265,3.402111420501207
13.0,2000,0.009000000000000001,0.0001,False,4.4280124829830525,4.9165648350327515
13.0,2000,0.009000000000000001,0.001,True,1.2521874798126265,3.402111420501207
13.0,2000,0.009000000000000001,0.001,False,4.4280124829830525,4.9165648350327515
13.0,2000,0.009000000000000001,0.01,True,1.2521874798126265,3.402111420501207
13.0,2000,0.009000000000000001,0.01,False,4.4280124829830525,4.9165648350327515
13.0,2000,0.009000000000000001,0.1,True,1.2521874798126265,3.402111420501207
13.0,2000,0.009000000000000001,0.1,False,4.4280124829830525,4.9165648350327515
13.0,2000,0.01,0.0001,True,1.8138710478862619,2.9165247701276016
13.0,2000,0.01,0.0001,False,7.129905256152826,4.284340631823554
13.0,2000,0.01,0.001,True,1.8138710478862619,2.9165247701276016
13.0,2000,0.01,0.001,False,7.129905256152826,4.284340631823554
13.0,2000,0.01,0.01,True,1.8138710478862619,2.9165247701276016
13.0,2000,0.01,0.01,False,7.129905256152826,4.284340631823554
13.0,2000,0.01,0.1,True,1.8138710478862619,2.9165247701276016
13.0,2000,0.01,0.1,False,7.129905256152826,4.284340631823554
13.0,2000,0.01,0.0001,True,1.8138710478862619,2.9165247701276016
13.0,2000,0.01,0.0001,False,7.129905256152826,4.284340631823554
13.0,2000,0.01,0.001,True,1.8138710478862619,2.9165247701276016
13.0,2000,0.01,0.001,False,7.129905256152826,4.284340631823554
13.0,2000,0.01,0.01,True,1.8138710478862619,2.9165247701276016
13.0,2000,0.01,0.01,False,7.129905256152826,4.284340631823554
13.0,2000,0.01,0.1,True,1.8138710478862619,2.9165247701276016
13.0,2000,0.01,0.1,False,7.129905256152826,4.284340631823554
13.0,2000,0.02,0.0001,True,18.332651428497154,3.976642160299683
13.0,2000,0.02,0.0001,False,71.2345687188751,14.310983793745862
13.0,2000,0.02,0.001,True,18.332651428497154,3.976642160299683
13.0,2000,0.02,0.001,False,71.2345687188751,14.310983793745862
13.0,2000,0.02,0.01,True,18.332651428497154,3.976642160299683
13.0,2000,0.02,0.01,False,71.2345687188751,14.310983793745862
13.0,2000,0.02,0.1,True,18.332651428497154,3.976642160299683
13.0,2000,0.02,0.1,False,71.2345687188751,14.310983793745862
13.0,2000,0.03,0.0001,True,49.67012230920803,32.39788457300827
13.0,2000,0.03,0.0001,False,186.2076993946525,66.03076984715238
13.0,2000,0.03,0.001,True,49.67012230920803,32.39788457300827
13.0,2000,0.03,0.001,False,186.2076993946525,66.03076984715238
13.0,2000,0.03,0.01,True,49.67012230920803,32.39788457300827
13.0,2000,0.03,0.01,False,186.2076993946525,66.03076984715238
13.0,2000,0.03,0.1,True,49.67012230920803,32.39788457300827
13.0,2000,0.03,0.1,False,186.2076993946525,66.03076984715238
13.0,2000,0.04,0.0001,True,89.16948343768611,51.85260121396662
13.0,2000,0.04,0.0001,False,372.9987335160003,69.43708808269396
13.0,2000,0.04,0.001,True,89.16948343768611,51.85260121396662
13.0,2000,0.04,0.001,False,372.9987335160003,69.43708808269396
13.0,2000,0.04,0.01,True,89.16948343768611,51.85260121396662
13.0,2000,0.04,0.01,False,372.9987335160003,69.43708808269396
13.0,2000,0.04,0.1,True,89.16948343768611,51.85260121396662
13.0,2000,0.04,0.1,False,372.9987335160003,69.43708808269396
13.0,2000,0.05,0.0001,True,135.23922325400915,57.47290610789479
13.0,2000,0.05,0.0001,False,561.7429430859197,63.18215509124781
13.0,2000,0.05,0.001,True,135.23922325400915,57.47290610789479
13.0,2000,0.05,0.001,False,561.7429430859197,63.18215509124781
13.0,2000,0.05,0.01,True,135.23922325400915,57.47290610789479
13.0,2000,0.05,0.01,False,561.7429430859197,63.18215509124781
13.0,2000,0.05,0.1,True,135.23922325400915,57.47290610789479
13.0,2000,0.05,0.1,False,561.7429430859197,63.18215509124781
13.0,2000,0.06,0.0001,True,183.8280541441814,62.408101123820586
13.0,2000,0.06,0.0001,False,1000.0,90.0
13.0,2000,0.06,0.001,True,183.8280541441814,62.408101123820586
13.0,2000,0.06,0.001,False,1000.0,90.0
13.0,2000,0.06,0.01,True,183.8280541441814,62.408101123820586
13.0,2000,0.06,0.01,False,1000.0,90.0
13.0,2000,0.06,0.1,True,183.8280541441814,62.408101123820586
13.0,2000,0.06,0.1,False,1000.0,90.0
13.0,2000,0.07,0.0001,True,576.7560434612269,79.59113764298162
13.0,2000,0.07,0.0001,False,1000.0,90.0
13.0,2000,0.07,0.001,True,576.7560434612269,79.59113764298162
13.0,2000,0.07,0.001,False,1000.0,90.0
13.0,2000,0.07,0.01,True,576.7560434612269,79.59113764298162
13.0,2000,0.07,0.01,False,1000.0,90.0
13.0,2000,0.07,0.1,True,576.7560434612269,79.59113764298162
13.0,2000,0.07,0.1,False,1000.0,90.0
13.0,2000,0.08,0.0001,True,1000.0,89.93990264228049
13.0,2000,0.08,0.0001,False,1000.0,90.0
13.0,2000,0.08,0.001,True,1000.0,89.93990264228049
13.0,2000,0.08,0.001,False,1000.0,90.0
13.0,2000,0.08,0.01,True,1000.0,89.93990264228049
13.0,2000,0.08,0.01,False,1000.0,90.0
13.0,2000,0.08,0.1,True,1000.0,89.93990264228049
13.0,2000,0.08,0.1,False,1000.0,90.0
13.0,2000,0.09,0.0001,True,1000.0,90.0
13.0,2000,0.09,0.0001,False,1000.0,90.0
13.0,2000,0.09,0.001,True,1000.0,90.0
13.0,2000,0.09,0.001,False,1000.0,90.0
13.0,2000,0.09,0.01,True,1000.0,90.0
13.0,2000,0.09,0.01,False,1000.0,90.0
13.0,2000,0.09,0.1,True,1000.0,90.0
13.0,2000,0.09,0.1,False,1000.0,90.0
13.0,2000,0.1,0.0001,True,1000.0,72.761673911737
13.0,2000,0.1,0.0001,False,1000.0,90.0
13.0,2000,0.1,0.001,True,1000.0,72.761673911737
13.0,2000,0.1,0.001,False,1000.0,90.0
13.0,2000,0.1,0.01,True,1000.0,72.761673911737
13.0,2000,0.1,0.01,False,1000.0,90.0
13.0,2000,0.1,0.1,True,1000.0,72.761673911737
13.0,2000,0.1,0.1,False,1000.0,90.0
13.0,2000,0.1,0.0001,True,1000.0,72.761673911737
13.0,2000,0.1,0.0001,False,1000.0,90.0
13.0,2000,0.1,0.001,True,1000.0,72.761673911737
13.0,2000,0.1,0.001,False,1000.0,90.0
13.0,2000,0.1,0.01,True,1000.0,72.761673911737
13.0,2000,0.1,0.01,False,1000.0,90.0
13.0,2000,0.1,0.1,True,1000.0,72.761673911737
13.0,2000,0.1,0.1,False,1000.0,90.0
13.0,2000,0.2,0.0001,True,1000.0,90.0
13.0,2000,0.2,0.0001,False,1000.0,90.0
13.0,2000,0.2,0.001,True,1000.0,90.0
13.0,2000,0.2,0.001,False,1000.0,90.0
13.0,2000,0.2,0.01,True,1000.0,90.0
13.0,2000,0.2,0.01,False,1000.0,90.0
13.0,2000,0.2,0.1,True,1000.0,90.0
13.0,2000,0.2,0.1,False,1000.0,90.0
13.0,2000,0.30000000000000004,0.0001,True,1000.0,90.0
13.0,2000,0.30000000000000004,0.0001,False,1000.0,90.0
13.0,2000,0.30000000000000004,0.001,True,1000.0,90.0
13.0,2000,0.30000000000000004,0.001,False,1000.0,90.0
13.0,2000,0.30000000000000004,0.01,True,1000.0,90.0
13.0,2000,0.30000000000000004,0.01,False,1000.0,90.0
13.0,2000,0.30000000000000004,0.1,True,1000.0,90.0
13.0,2000,0.30000000000000004,0.1,False,1000.0,90.0
13.0,2000,0.4,0.0001,True,1000.0,90.0
13.0,2000,0.4,0.0001,False,1000.0,90.0
13.0,2000,0.4,0.001,True,1000.0,90.0
13.0,2000,0.4,0.001,False,1000.0,90.0
13.0,2000,0.4,0.01,True,1000.0,90.0
13.0,2000,0.4,0.01,False,1000.0,90.0
13.0,2000,0.4,0.1,True,1000.0,90.0
13.0,2000,0.4,0.1,False,1000.0,90.0
13.5,200,0.001,0.0001,True,2.0564448745140407,15.594663354634505
13.5,200,0.001,0.0001,False,6.4507601487265775,25.43620665478074
13.5,200,0.001,0.001,True,2.0564448745140407,15.594663354634505
13.5,200,0.001,0.001,False,6.4507601487265775,25.43620665478074
13.5,200,0.001,0.01,True,2.0564448745140407,15.594663354634505
13.5,200,0.001,0.01,False,6.4507601487265775,25.43620665478074
13.5,200,0.001,0.1,True,2.0564448745140407,15.594663354634505
13.5,200,0.001,0.1,False,6.4507601487265775,25.43620665478074
13.5,200,0.002,0.0001,True,1.1758223317740035,9.260401850998612
13.5,200,0.002,0.0001,False,4.3597110978312585,14.765319818105326
13.5,200,0.002,0.001,True,1.1758223317740035,9.260401850998612
13.5,200,0.002,0.001,False,4.3597110978312585,14.765319818105326
13.5,200,0.002,0.01,True,1.1758223317740035,9.260401850998612
13.5,200,0.002,0.01,False,4.3597110978312585,14.765319818105326
13.5,200,0.002,0.1,True,1.1758223317740035,9.260401850998612
13.5,200,0.002,0.1,False,4.3597110978312585,14.765319818105326
13.5,200,0.003,0.0001,True,0.9955423137244692,6.356497525992104
13.5,200,0.003,0.0001,False,4.00661403139709,11.171497826478891
13.5,200,0.003,0.001,True,0.9955423137244692,6.356497525992104
13.5,200,0.003,0.001,False,4.00661403139709,11.171497826478891
13.5,200,0.003,0.01,True,0.9955423137244692,6.356497525992104
13.5,200,0.003,0.01,False,4.00661403139709,11.171497826478891
13.5,200,0.003,0.1,True,0.9955423137244692,6.356497525992104
13.5,200,0.003,0.1,False,4.00661403139709,11.171497826478891
13.5,200,0.004,0.0001,True,0.9955651629224743,5.281956769967344
13.5,200,0.004,0.0001,False,4.149424569245936,8.945491696548409
13.5,200,0.004,0.001,True,0.9955651629224743,5.281956769967344
13.5,200,0.004,0.001,False,4.149424569245936,8.945491696548409
13.5,200,0.004,0.01,True,0.9955651629224743,5.281956769967344
13.5,200,0.004,0.01,False,4.149424569245936,8.945491696548409
13.5,200,0.004,0.1,True,0.9955651629224743,5.281956769967344
13.5,200,0.004,0.1,False,4.149424569245936,8.945491696548409
13.5,200,0.005,0.0001,True,0.995588000118652,5.00070113584006
13.5,200,0.005,0.0001,False,4.178722581099102,8.301248021795303
13.5,200,0.005,0.001,True,0.995588000118652,5.00070113584006
13.5,200,0.005,0.001,False,4.178722581099102,8.301248021795303
13.5,200,0.005,0.01,True,0.995588000118652,5.00070113584006
13.5,200,0.005,0.01,False,4.178722581099102,8.301248021795303
13.5,200,0.005,0.1,True,0.995588000118652,5.00070113584006
13.5,200,0.005,0.1,False,4.178722581099102,8.301248021795303
13.5,200,0.006,0.0001,True,0.9956108253130386,4.486267753761091
13.5,200,0.006,0.0001,False,4.565106653960484,7.435846070634426
13.5,200,0.006,0.001,True,0.9956108253130386,4.486267753761091
13.5,200,0.006,0.001,False,4.565106653960484,7.435846070634426
13.5,200,0.006,0.01,True,0.9956108253130386,4.486267753761091
13.5,200,0.006,0.01,False,4.565106653960484,7.435846070634426
13.5,200,0.006,0.1,True,0.9956108253130386,4.486267753761091
13.5,200,0.006,0.1,False,4.565106653960484,7.435846070634426
13.5,200,0.007,0.0001,True,0.9956336385058524,8.66183216811234
13.5,200,0.007,0.0001,False,4.634624910534029,8.522406298203087
13.5,200,0.007,0.001,True,0.9956336385058524,8.66183216811234
13.5,200,0.007,0.001,False,4.634624910534029,8.522406298203087
13.5,200,0.007,0.01,True,0.9956336385058524,8.66183216811234
13.5,200,0.007,0.01,False,4.634624910534029,8.522406298203087
13.5,200,0.007,0.1,True,0.9956336385058524,8.66183216811234
13.5,200,0.007,0.1,False,4.634624910534029,8.522406298203087
13.5,200,0.008,0.0001,True,1.09854064539144,22.41931929726156
13.5,200,0.008,0.0001,False,5.857767545603166,11.226787395580835
13.5,200,0.008,0.001,True,1.09854064539144,22.41931929726156
13.5,200,0.008,0.001,False,5.857767545603166,11.226787395580835
13.5,200,0.008,0.01,True,1.09854064539144,22.41931929726156
13.5,200,0.008,0.01,False,5.857767545603166,11.226787395580835
13.5,200,0.008,0.1,True,1.09854064539144,22.41931929726156
13.5,200,0.008,0.1,False,5.857767545603166,11.226787395580835
13.5,200,0.009000000000000001,0.0001,True,1.1491367605926412,19.789458923455996
13.5,200,0.009000000000000001,0.0001,False,6.98483812792079,22.789519020813714
13.5,200,0.009000000000000001,0.001,True,1.1491367605926412,19.789458923455996
13.5,200,0.009000000000000001,0.001,False,6.98483812792079,22.789519020813714
13.5,200,0.009000000000000001,0.01,True,1.1491367605926412,19.789458923455996
13.5,200,0.009000000000000001,0.01,False,6.98483812792079,22.789519020813714
13.5,200,0.009000000000000001,0.1,True,1.1491367605926412,19.789458923455996
13.5,200,0.009000000000000001,0.1,False,6.98483812792079,22.789519020813714
13.5,200,0.01,0.0001,True,1.1242520121973865,15.524950419679875
13.5,200,0.01,0.0001,False,7.066538333322917,26.87133155712253
13.5,200,0.01,0.001,True,1.1242520121973865,15.524950419679875
13.5,200,0.01,0.001,False,7.066538333322917,26.87133155712253
13.5,200,0.01,0.01,True,1.1242520121973865,15.524950419679875
13.5,200,0.01,0.01,False,7.066538333322917,26.87133155712253
13.5,200,0.01,0.1,True,1.1242520121973865,15.524950419679875
13.5,200,0.01,0.1,False,7.066538333322917,26.87133155712253
13.5,200,0.01,0.0001,True,1.1242520121973865,15.524950419679875
13.5,200,0.01,0.0001,False,7.066538333322917,26.87133155712253
13.5,200,0.01,0.001,True,1.1242520121973865,15.524950419679875
13.5,200,0.01,0.001,False,7.066538333322917,26.87133155712253
13.5,200,0.01,0.01,True,1.1242520121973865,15.524950419679875
13.5,200,0.01,0.01,False,7.066538333322917,26.87133155712253
13.5,200,0.01,0.1,True,1.1242520121973865,15.524950419679875
13.5,200,0.01,0.1,False,7.066538333322917,26.87133155712253
13.5,200,0.02,0.0001,True,23.181816688978245,28.412227809050655
13.5,200,0.02,0.0001,False,165.42914111365172,39.90043871071134
13.5,200,0.02,0.001,True,23.181816688978245,28.412227809050655
13.5,200,0.02,0.001,False,165.42914111365172,39.90043871071134
13.5,200,0.02,0.01,True,23.181816688978245,28.412227809050655
13.5,200,0.02,0.01,False,165.42914111365172,39.90043871071134
13.5,200,0.02,0.1,True,23.181816688978245,28.412227809050655
13.5,200,0.02,0.1,False,165.42914111365172,39.90043871071134
13.5,200,0.03,0.0001,True,1000.0,89.99038442276488
13.5,200,0.03,0.0001,False,1000.0,90.0
13.5,200,0.03,0.001,True,1000.0,89.99038442276488
13.5,200,0.03,0.001,False,1000.0,90.0
13.5,200,0.03,0.01,True,1000.0,89.99038442276488
13.5,200,0.03,0.01,False,1000.0,90.0
13.5,200,0.03,0.1,True,1000.0,89.99038442276488
13.5,200,0.03,0.1,False,1000.0,90.0
13.5,200,0.04,0.0001,True,1000.0,90.0
13.5,200,0.04,0.0001,False,1000.0,90.0
13.5,200,0.04,0.001,True,1000.0,90.0
13.5,200,0.04,0.001,False,1000.0,90.0
13.5,200,0.04,0.01,True,1000.0,90.0
13.5,200,0.04,0.01,False,1000.0,90.0
13.5,200,0.04,0.1,True,1000.0,90.0
13.5,200,0.04,0.1,False,1000.0,90.0
13.5,200,0.05,0.0001,True,1000.0,90.0
13.5,200,0.05,0.0001,False,1000.0,90.0
13.5,200,0.05,0.001,True,1000.0,90.0
13.5,200,0.05,0.001,False,1000.0,90.0
13.5,200,0.05,0.01,True,1000.0,90.0
13.5,200,0.05,0.01,False,1000.0,90.0
13.5,200,0.05,0.1,True,1000.0,90.0
13.5,200,0.05,0.1,False,1000.0,90.0
13.5,200,0.06,0.0001,True,1000.0,90.0
13.5,200,0.06,0.0001,False,1000.0,90.0
13.5,200,0.06,0.001,True,1000.0,90.0
13.5,200,0.06,0.001,False,1000.0,90.0
13.5,200,0.06,0.01,True,1000.0,90.0
13.5,200,0.06,0.01,False,1000.0,90.0
13.5,200,0.06,0.1,True,1000.0,90.0
13.5,200,0.06,0.1,False,1000.0,90.0
13.5,200,0.07,0.0001,True,1000.0,90.0
13.5,200,0.07,0.0001,False,1000.0,90.0
13.5,200,0.07,0.001,True,1000.0,90.0
13.5,200,0.07,0.001,False,1000.0,90.0
13.5,200,0.07,0.01,True,1000.0,90.0
13.5,200,0.07,0.01,False,1000.0,90.0
13.5,200,0.07,0.1,True,1000.0,90.0
13.5,200,0.07,0.1,False,1000.0,90.0
13.5,200,0.08,0.0001,True,1000.0,90.0
13.5,200,0.08,0.0001,False,1000.0,90.0
13.5,200,0.08,0.001,True,1000.0,90.0
13.5,200,0.08,0.001,False,1000.0,90.0
13.5,200,0.08,0.01,True,1000.0,90.0
13.5,200,0.08,0.01,False,1000.0,90.0
13.5,200,0.08,0.1,True,1000.0,90.0
13.5,200,0.08,0.1,False,1000.0,90.0
13.5,200,0.09,0.0001,True,1000.0,90.0
13.5,200,0.09,0.0001,False,1000.0,90.0
13.5,200,0.09,0.001,True,1000.0,90.0
13.5,200,0.09,0.001,False,1000.0,90.0
13.5,200,0.09,0.01,True,1000.0,90.0
13.5,200,0.09,0.01,False,1000.0,90.0
13.5,200,0.09,0.1,True,1000.0,90.0
13.5,200,0.09,0.1,False,1000.0,90.0
13.5,200,0.1,0.0001,True,1000.0,90.0
13.5,200,0.1,0.0001,False,1000.0,90.0
13.5,200,0.1,0.001,True,1000.0,90.0
13.5,200,0.1,0.001,False,1000.0,90.0
13.5,200,0.1,0.01,True,1000.0,90.0
13.5,200,0.1,0.01,False,1000.0,90.0
13.5,200,0.1,0.1,True,1000.0,90.0
13.5,200,0.1,0.1,False,1000.0,90.0
13.5,200,0.1,0.0001,True,1000.0,90.0
13.5,200,0.1,0.0001,False,1000.0,90.0
13.5,200,0.1,0.001,True,1000.0,90.0
13.5,200,0.1,0.001,False,1000.0,90.0
13.5,200,0.1,0.01,True,1000.0,90.0
13.5,200,0.1,0.01,False,1000.0,90.0
13.5,200,0.1,0.1,True,1000.0,90.0
13.5,200,0.1,0.1,False,1000.0,90.0
13.5,200,0.2,0.0001,True,1000.0,90.0
13.5,200,0.2,0.0001,False,1000.0,90.0
13.5,200,0.2,0.001,True,1000.0,90.0
13.5,200,0.2,0.001,False,1000.0,90.0
13.5,200,0.2,0.01,True,1000.0,90.0
13.5,200,0.2,0.01,False,1000.0,90.0
13.5,200,0.2,0.1,True,1000.0,90.0
13.5,200,0.2,0.1,False,1000.0,90.0
13.5,200,0.30000000000000004,0.0001,True,1000.0,90.0
13.5,200,0.30000000000000004,0.0001,False,1000.0,90.0
13.5,200,0.30000000000000004,0.001,True,1000.0,90.0
13.5,200,0.30000000000000004,0.001,False,1000.0,90.0
13.5,200,0.30000000000000004,0.01,True,1000.0,90.0
13.5,200,0.30000000000000004,0.01,False,1000.0,90.0
13.5,200,0.30000000000000004,0.1,True,1000.0,90.0
13.5,200,0.30000000000000004,0.1,False,1000.0,90.0
13.5,200,0.4,0.0001,True,1000.0,90.0
13.5,200,0.4,0.0001,False,1000.0,90.0
13.5,200,0.4,0.001,True,1000.0,90.0
13.5,200,0.4,0.001,False,1000.0,90.0
13.5,200,0.4,0.01,True,1000.0,90.0
13.5,200,0.4,0.01,False,1000.0,90.0
13.5,200,0.4,0.1,True,1000.0,90.0
13.5,200,0.4,0.1,False,1000.0,90.0
13.5,400,0.001,0.0001,True,0.9981395562810714,6.471884452813555
13.5,400,0.001,0.0001,False,1.0113677835492652,7.873354834832426
13.5,400,0.001,0.001,True,0.9981395562810714,6.471884452813555
13.5,400,0.001,0.001,False,1.0113677835492652,7.873354834832426
13.5,400,0.001,0.01,True,0.9981395562810714,6.471884452813555
13.5,400,0.001,0.01,False,1.0113677835492652,7.873354834832426
13.5,400,0.001,0.1,True,0.9981395562810714,6.471884452813555
13.5,400,0.001,0.1,False,1.0113677835492652,7.873354834832426
13.5,400,0.002,0.0001,True,0.9971836777826174,3.10402852621246
13.5,400,0.002,0.0001,False,1.0238293125871154,5.022336184619078
13.5,400,0.002,0.001,True,0.9971836777826174,3.10402852621246
13.5,400,0.002,0.001,False,1.0238293125871154,5.022336184619078
13.5,400,0.002,0.01,True,0.9971836777826174,3.10402852621246
13.5,400,0.002,0.01,False,1.0238293125871154,5.022336184619078
13.5,400,0.002,0.1,True,0.9971836777826174,3.10402852621246
13.5,400,0.002,0.1,False,1.0238293125871154,5.022336184619078
13.5,400,0.003,0.0001,True,0.9972315882580927,1.954967046615515
13.5,400,0.003,0.0001,False,1.0373130328358484,15.801398265189604
13.5,400,0.003,0.001,True,0.9972315882580927,1.954967046615515
13.5,400,0.003,0.001,False,1.0373130328358484,15.801398265189604
13.5,400,0.003,0.01,True,0.9972315882580927,1.954967046615515
13.5,400,0.003,0.01,False,1.0373130328358484,15.801398265189604
13.5,400,0.003,0.1,True,0.9972315882580927,1.954967046615515
13.5,400,0.003,0.1,False,1.0373130328358484,15.801398265189604
13.5,400,0.004,0.0001,True,0.9972793574333642,1.6929425669584717
13.5,400,0.004,0.0001,False,1.051772576156425,36.32584787355515
13.5,400,0.004,0.001,True,0.9972793574333642,1.6929425669584717
13.5,400,0.004,0.001,False,1.051772576156425,36.32584787355515
13.5,400,0.004,0.01,True,0.9972793574333642,1.6929425669584717
13.5,400,0.004,0.01,False,1.051772576156425,36.32584787355515
13.5,400,0.004,0.1,True,0.9972793574333642,1.6929425669584717
13.5,400,0.004,0.1,False,1.051772576156425,36.32584787355515
13.5,400,0.005,0.0001,True,0.9973269853667965,3.4694204611470525
13.5,400,0.005,0.0001,False,1.22042239669858,46.34287545824235
13.5,400,0.005,0.001,True,0.9973269853667965,3.4694204611470525
13.5,400,0.005,0.001,False,1.22042239669858,46.34287545824235
13.5,400,0.005,0.01,True,0.9973269853667965,3.4694204611470525
13.5,400,0.005,0.01,False,1.22042239669858,46.34287545824235
13.5,400,0.005,0.1,True,0.9973269853667965,3.4694204611470525
13.5,400,0.005,0.1,False,1.22042239669858,46.34287545824235
13.5,400,0.006,0.0001,True,0.9973744721167527,13.354233858851337
13.5,400,0.006,0.0001,False,2.951774199248044,77.65600272441354
13.5,400,0.006,0.001,True,0.9973744721167527,13.354233858851337
13.5,400,0.006,0.001,False,2.951774199248044,77.65600272441354
13.5,400,0.006,0.01,True,0.9973744721167527,13.354233858851337
13.5,400,0.006,0.01,False,2.951774199248044,77.65600272441354
13.5,400,0.006,0.1,True,0.9973744721167527,13.354233858851337
13.5,400,0.006,0.1,False,2.951774199248044,77.65600272441354
13.5,400,0.007,0.0001,True,0.9974218177418341,12.306135940223157
13.5,400,0.007,0.0001,False,9.251486330057753,89.94471043089804
13.5,400,0.007,0.001,True,0.9974218177418341,12.306135940223157
13.5,400,0.007,0.001,False,9.251486330057753,89.94471043089804
13.5,400,0.007,0.01,True,0.9974218177418341,12.306135940223157
13.5,400,0.007,0.01,False,9.251486330057753,89.94471043089804
13.5,400,0.007,0.1,True,0.9974218177418341,12.306135940223157
13.5,400,0.007,0.1,False,9.251486330057753,89.94471043089804
13.5,400,0.008,0.0001,True,0.997469022300545,54.213225425188796
13.5,400,0.008,0.0001,False,22.553569792676498,90.0
13.5,400,0.008,0.001,True,0.997469022300545,54.213225425188796
13.5,400,0.008,0.001,False,22.553569792676498,90.0
13.5,400,0.008,0.01,True,0.997469022300545,54.213225425188796
13.5,400,0.008,0.01,False,22.553569792676498,90.0
13.5,400,0.008,0.1,True,0.997469022300545,54.213225425188796
13.5,400,0.008,0.1,False,22.553569792676498,90.0
13.5,400,0.009000000000000001,0.0001,True,2.942977795098708,29.998798052845608
13.5,400,0.009000000000000001,0.0001,False,44.61308043151689,90.0
13.5,400,0.009000000000000001,0.001,True,2.942977795098708,29.998798052845608
13.5,400,0.009000000000000001,0.001,False,44.61308043151689,90.0
13.5,400,0.009000000000000001,0.01,True,2.942977795098708,29.998798052845608
13.5,400,0.009000000000000001,0.01,False,44.61308043151689,90.0
13.5,400,0.009000000000000001,0.1,True,2.942977795098708,29.998798052845608
13.5,400,0.009000000000000001,0.1,False,44.61308043151689,90.0
13.5,400,0.01,0.0001,True,75.03773078304398,61.482601814940196
13.5,400,0.01,0.0001,False,352.2559424882755,90.0
13.5,400,0.01,0.001,True,75.03773078304398,61.482601814940196
13.5,400,0.01,0.001,False,352.2559424882755,90.0
13.5,400,0.01,0.01,True,75.03773078304398,61.482601814940196
13.5,400,0.01,0.01,False,352.2559424882755,90.0
13.5,400,0.01,0.1,True,75.03773078304398,61.482601814940196
13.5,400,0.01,0.1,False,352.2559424882755,90.0
13.5,400,0.01,0.0001,True,75.03773078304398,61.482601814940196
13.5,400,0.01,0.0001,False,352.2559424882755,90.0
13.5,400,0.01,0.001,True,75.03773078304398,61.482601814940196
13.5,400,0.01,0.001,False,352.2559424882755,90.0
13.5,400,0.01,0.01,True,75.03773078304398,61.482601814940196
13.5,400,0.01,0.01,False,352.2559424882755,90.0
13.5,400,0.01,0.1,True,75.03773078304398,61.482601814940196
13.5,400,0.01,0.1,False,352.2559424882755,90.0
13.5,400,0.02,0.0001,True,1000.0,90.0
13.5,400,0.02,0.0001,False,1000.0,90.0
13.5,400,0.02,0.001,True,1000.0,90.0
13.5,400,0.02,0.001,False,1000.0,90.0
13.5,400,0.02,0.01,True,1000.0,90.0
13.5,400,0.02,0.01,False,1000.0,90.0
13.5,400,0.02,0.1,True,1000.0,90.0
13.5,400,0.02,0.1,False,1000.0,90.0
13.5,400,0.03,0.0001,True,1000.0,90.0
13.5,400,0.03,0.0001,False,1000.0,90.0
13.5,400,0.03,0.001,True,1000.0,90.0
13.5,400,0.03,0.001,False,1000.0,90.0
13.5,400,0.03,0.01,True,1000.0,90.0
13.5,400,0.03,0.01,False,1000.0,90.0
13.5,400,0.03,0.1,True,1000.0,90.0
13.5,400,0.03,0.1,False,1000.0,90.0
13.5,400,0.04,0.0001,True,1000.0,90.0
13.5,400,0.04,0.0001,False,1000.0,90.0
13.5,400,0.04,0.001,True,1000.0,90.0
13.5,400,0.04,0.001,False,1000.0,90.0
13.5,400,0.04,0.01,True,1000.0,90.0
13.5,400,0.04,0.01,False,1000.0,90.0
13.5,400,0.04,0.1,True,1000.0,90.0
13.5,400,0.04,0.1,False,1000.0,90.0
13.5,400,0.05,0.0001,True,1000.0,90.0
13.5,400,0.05,0.0001,False,1000.0,90.0
13.5,400,0.05,0.001,True,1000.0,90.0
13.5,400,0.05,0.001,False,1000.0,90.0
13.5,400,0.05,0.01,True,1000.0,90.0
13.5,400,0.05,0.01,False,1000.0,90.0
13.5,400,0.05,0.1,True,1000.0,90.0
13.5,400,0.05,0.1,False,1000.0,90.0
13.5,400,0.06,0.0001,True,1000.0,90.0
13.5,400,0.06,0.0001,False,1000.0,90.0
13.5,400,0.06,0.001,True,1000.0,90.0
13.5,400,0.06,0.001,False,1000.0,90.0
13.5,400,0.06,0.01,True,1000.0,90.0
13.5,400,0.06,0.01,False,1000.0,90.0
13.5,400,0.06,0.1,True,1000.0,90.0
13.5,400,0.06,0.1,False,1000.0,90.0
13.5,400,0.07,0.0001,True,1000.0,90.0
13.5,400,0.07,0.0001,False,1000.0,90.0
13.5,400,0.07,0.001,True,1000.0,90.0
13.5,400,0.07,0.001,False,1000.0,90.0
13.5,400,0.07,0.01,True,1000.0,90.0
13.5,400,0.07,0.01,False,1000.0,90.0
13.5,400,0.07,0.1,True,1000.0,90.0
13.5,400,0.07,0.1,False,1000.0,90.0
13.5,400,0.08,0.0001,True,1000.0,90.0
13.5,400,0.08,0.0001,False,1000.0,90.0
13.5,400,0.08,0.001,True,1000.0,90.0
13.5,400,0.08,0.001,False,1000.0,90.0
13.5,400,0.08,0.01,True,1000.0,90.0
13.5,400,0.08,0.01,False,1000.0,90.0
13.5,400,0.08,0.1,True,1000.0,90.0
13.5,400,0.08,0.1,False,1000.0,90.0
13.5,400,0.09,0.0001,True,1000.0,90.0
13.5,400,0.09,0.0001,False,1000.0,90.0
13.5,400,0.09,0.001,True,1000.0,90.0
13.5,400,0.09,0.001,False,1000.0,90.0
13.5,400,0.09,0.01,True,1000.0,90.0
13.5,400,0.09,0.01,False,1000.0,90.0
13.5,400,0.09,0.1,True,1000.0,90.0
13.5,400,0.09,0.1,False,1000.0,90.0
13.5,400,0.1,0.0001,True,1000.0,90.0
13.5,400,0.1,0.0001,False,1000.0,90.0
13.5,400,0.1,0.001,True,1000.0,90.0
13.5,400,0.1,0.001,False,1000.0,90.0
13.5,400,0.1,0.01,True,1000.0,90.0
13.5,400,0.1,0.01,False,1000.0,90.0
13.5,400,0.1,0.1,True,1000.0,90.0
13.5,400,0.1,0.1,False,1000.0,90.0
13.5,400,0.1,0.0001,True,1000.0,90.0
13.5,400,0.1,0.0001,False,1000.0,90.0
13.5,400,0.1,0.001,True,1000.0,90.0
13.5,400,0.1,0.001,False,1000.0,90.0
13.5,400,0.1,0.01,True,1000.0,90.0
13.5,400,0.1,0.01,False,1000.0,90.0
13.5,400,0.1,0.1,True,1000.0,90.0
13.5,400,0.1,0.1,False,1000.0,90.0
13.5,400,0.2,0.0001,True,1000.0,90.0
13.5,400,0.2,0.0001,False,1000.0,90.0
13.5,400,0.2,0.001,True,1000.0,90.0
13.5,400,0.2,0.001,False,1000.0,90.0
13.5,400,0.2,0.01,True,1000.0,90.0
13.5,400,0.2,0.01,False,1000.0,90.0
13.5,400,0.2,0.1,True,1000.0,90.0
13.5,400,0.2,0.1,False,1000.0,90.0
13.5,400,0.30000000000000004,0.0001,True,1000.0,90.0
13.5,400,0.30000000000000004,0.0001,False,1000.0,90.0
13.5,400,0.30000000000000004,0.001,True,1000.0,90.0
13.5,400,0.30000000000000004,0.001,False,1000.0,90.0
13.5,400,0.30000000000000004,0.01,True,1000.0,90.0
13.5,400,0.30000000000000004,0.01,False,1000.0,90.0
13.5,400,0.30000000000000004,0.1,True,1000.0,90.0
13.5,400,0.30000000000000004,0.1,False,1000.0,90.0
13.5,400,0.4,0.0001,True,1000.0,90.0
13.5,400,0.4,0.0001,False,1000.0,90.0
13.5,400,0.4,0.001,True,1000.0,90.0
13.5,400,0.4,0.001,False,1000.0,90.0
13.5,400,0.4,0.01,True,1000.0,90.0
13.5,400,0.4,0.01,False,1000.0,90.0
13.5,400,0.4,0.1,True,1000.0,90.0
13.5,400,0.4,0.1,False,1000.0,90.0
13.5,600,0.001,0.0001,True,1.0020452485524514,5.914180973176542
13.5,600,0.001,0.0001,False,0.9996592671290486,6.618522005649147
13.5,600,0.001,0.001,True,1.0020452485524514,5.914180973176542
13.5,600,0.001,0.001,False,0.9996592671290486,6.618522005649147
13.5,600,0.001,0.01,True,1.0020452485524514,5.914180973176542
13.5,600,0.001,0.01,False,0.9996592671290486,6.618522005649147
13.5,600,0.001,0.1,True,1.0020452485524514,5.914180973176542
13.5,600,0.001,0.1,False,0.9996592671290486,6.618522005649147
13.5,600,0.002,0.0001,True,1.0049783727476698,3.1016246319036824
13.5,600,0.002,0.0001,False,1.0001934756344966,3.17374146116709
13.5,600,0.002,0.001,True,1.0049783727476698,3.1016246319036824
13.5,600,0.002,0.001,False,1.0001934756344966,3.17374146116709
13.5,600,0.002,0.01,True,1.0049783727476698,3.1016246319036824
13.5,600,0.002,0.01,False,1.0001934756344966,3.17374146116709
13.5,600,0.002,0.1,True,1.0049783727476698,3.1016246319036824
13.5,600,0.002,0.1,False,1.0001934756344966,3.17374146116709
13.5,600,0.003,0.0001,True,1.0079183597078136,1.950159257997953
13.5,600,0.003,0.0001,False,1.0007215822102724,4.200204331016245
13.5,600,0.003,0.001,True,1.0079183597078136,1.950159257997953
13.5,600,0.003,0.001,False,1.0007215822102724,4.200204331016245
13.5,600,0.003,0.01,True,1.0079183597078136,1.950159257997953
13.5,600,0.003,0.01,False,1.0007215822102724,4.200204331016245
13.5,600,0.003,0.1,True,1.0079183597078136,1.950159257997953
13.5,600,0.003,0.1,False,1.0007215822102724,4.200204331016245
13.5,600,0.004,0.0001,True,1.0108652298517191,3.029507802640275
13.5,600,0.004,0.0001,False,1.0012435768224761,4.337226306616714
13.5,600,0.004,0.001,True,1.0108652298517191,3.029507802640275
13.5,600,0.004,0.001,False,1.0012435768224761,4.337226306616714
13.5,600,0.004,0.01,True,1.0108652298517191,3.029507802640275
13.5,600,0.004,0.01,False,1.0012435768224761,4.337226306616714
13.5,600,0.004,0.1,True,1.0108652298517191,3.029507802640275
13.5,600,0.004,0.1,False,1.0012435768224761,4.337226306616714
13.5,600,0.005,0.0001,True,1.0138190036804937,3.967026583064559
13.5,600,0.005,0.0001,False,1.0019616190810838,12.29652036298804
13.5,600,0.005,0.001,True,1.0138190036804937,3.967026583064559
13.5,600,0.005,0.001,False,1.0019616190810838,12.29652036298804
13.5,600,0.005,0.01,True,1.0138190036804937,3.967026583064559
13.5,600,0.005,0.01,False,1.0019616190810838,12.29652036298804
13.5,600,0.005,0.1,True,1.0138190036804937,3.967026583064559
13.5,600,0.005,0.1,False,1.0019616190810838,12.29652036298804
13.5,600,0.006,0.0001,True,1.016779701777383,3.1617219896231887
13.5,600,0.006,0.0001,False,1.027817870417731,19.16204250886436
13.5,600,0.006,0.001,True,1.016779701777383,3.1617219896231887
13.5,600,0.006,0.001,False,1.027817870417731,19.16204250886436
13.5,600,0.006,0.01,True,1.016779701777383,3.1617219896231887
13.5,600,0.006,0.01,False,1.027817870417731,19.16204250886436
13.5,600,0.006,0.1,True,1.016779701777383,3.1617219896231887
13.5,600,0.006,0.1,False,1.027817870417731,19.16204250886436
13.5,600,0.007,0.0001,True,1.0197473448084824,2.914120875818824
13.5,600,0.007,0.0001,False,2.1843697370611816,47.17702678338908
13.5,600,0.007,0.001,True,1.0197473448084824,2.914120875818824
13.5,600,0.007,0.001,False,2.1843697370611816,47.17702678338908
13.5,600,0.007,0.01,True,1.0197473448084824,2.914120875818824
13.5,600,0.007,0.01,False,2.1843697370611816,47.17702678338908
13.5,600,0.007,0.1,True,1.0197473448084824,2.914120875818824
13.5,600,0.007,0.1,False,2.1843697370611816,47.17702678338908
13.5,600,0.008,0.0001,True,1.0492822487334859,2.664115867705682
13.5,600,0.008,0.0001,False,7.870676756531199,60.86960876620124
13.5,600,0.008,0.001,True,1.0492822487334859,2.664115867705682
13.5,600,0.008,0.001,False,7.870676756531199,60.86960876620124
13.5,600,0.008,0.01,True,1.0492822487334859,2.664115867705682
13.5,600,0.008,0.01,False,7.870676756531199,60.86960876620124
13.5,600,0.008,0.1,True,1.0492822487334859,2.664115867705682
13.5,600,0.008,0.1,False,7.870676756531199,60.86960876620124
13.5,600,0.009000000000000001,0.0001,True,1.5790311648096362,3.3107634367675587
13.5,600,0.009000000000000001,0.0001,False,17.243665838246482,90.0
13.5,600,0.009000000000000001,0.001,True,1.5790311648096362,3.3107634367675587
13.5,600,0.009000000000000001,0.001,False,17.243665838246482,90.0
13.5,600,0.009000000000000001,0.01,True,1.5790311648096362,3.3107634367675587
13.5,600,0.009000000000000001,0.01,False,17.243665838246482,90.0
13.5,600,0.009000000000000001,0.1,True,1.5790311648096362,3.3107634367675587
13.5,600,0.009000000000000001,0.1,False,17.243665838246482,90.0
13.5,600,0.01,0.0001,True,2.2540191376807375,3.928564274124078
13.5,600,0.01,0.0001,False,147.58326971229613,90.0
13.5,600,0.01,0.001,True,2.2540191376807375,3.928564274124078
13.5,600,0.01,0.001,False,147.58326971229613,90.0
13.5,600,0.01,0.01,True,2.2540191376807375,3.928564274124078
13.5,600,0.01,0.01,False,147.58326971229613,90.0
13.5,600,0.01,0.1,True,2.2540191376807375,3.928564274124078
13.5,600,0.01,0.1,False,147.58326971229613,90.0
13.5,600,0.01,0.0001,True,2.2540191376807375,3.928564274124078
13.5,600,0.01,0.0001,False,147.58326971229613,90.0
13.5,600,0.01,0.001,True,2.2540191376807375,3.928564274124078
13.5,600,0.01,0.001,False,147.58326971229613,90.0
13.5,600,0.01,0.01,True,2.2540191376807375,3.928564274124078
13.5,600,0.01,0.01,False,147.58326971229613,90.0
13.5,600,0.01,0.1,True,2.2540191376807375,3.928564274124078
13.5,600,0.01,0.1,False,147.58326971229613,90.0
13.5,600,0.02,0.0001,True,14.390497764786867,11.839780444319793
13.5,600,0.02,0.0001,False,1000.0,90.0
13.5,600,0.02,0.001,True,14.390497764786867,11.839780444319793
13.5,600,0.02,0.001,False,1000.0,90.0
13.5,600,0.02,0.01,True,14.390497764786867,11.839780444319793
13.5,600,0.02,0.01,False,1000.0,90.0
13.5,600,0.02,0.1,True,14.390497764786867,11.839780444319793
13.5,600,0.02,0.1,False,1000.0,90.0
13.5,600,0.03,0.0001,True,31.800486407192025,24.133295939421856
13.5,600,0.03,0.0001,False,1000.0,90.0
13.5,600,0.03,0.001,True,31.800486407192025,24.133295939421856
13.5,600,0.03,0.001,False,1000.0,90.0
13.5,600,0.03,0.01,True,31.800486407192025,24.133295939421856
13.5,600,0.03,0.01,False,1000.0,90.0
13.5,600,0.03,0.1,True,31.800486407192025,24.133295939421856
13.5,600,0.03,0.1,False,1000.0,90.0
13.5,600,0.04,0.0001,True,51.74820000524079,44.201005629119166
13.5,600,0.04,0.0001,False,1000.0,90.0
13.5,600,0.04,0.001,True,51.74820000524079,44.201005629119166
13.5,600,0.04,0.001,False,1000.0,90.0
13.5,600,0.04,0.01,True,51.74820000524079,44.201005629119166
13.5,600,0.04,0.01,False,1000.0,90.0
13.5,600,0.04,0.1,True,51.74820000524079,44.201005629119166
13.5,600,0.04,0.1,False,1000.0,90.0
13.5,600,0.05,0.0001,True,166.19956692770512,68.27600713155311
13.5,600,0.05,0.0001,False,1000.0,90.0
13.5,600,0.05,0.001,True,166.19956692770512,68.27600713155311
13.5,600,0.05,0.001,False,1000.0,90.0
13.5,600,0.05,0.01,True,166.19956692770512,68.27600713155311
13.5,600,0.05,0.01,False,1000.0,90.0
13.5,600,0.05,0.1,True,166.19956692770512,68.27600713155311
13.5,600,0.05,0.1,False,1000.0,90.0
13.5,600,0.06,0.0001,True,1000.0,71.81694344838638
13.5,600,0.06,0.0001,False,1000.0,90.0
13.5,600,0.06,0.001,True,1000.0,71.81694344838638
13.5,600,0.06,0.001,False,1000.0,90.0
13.5,600,0.06,0.01,True,1000.0,71.81694344838638
13.5,600,0.06,0.01,False,1000.0,90.0
13.5,600,0.06,0.1,True,1000.0,71.81694344838638
13.5,600,0.06,0.1,False,1000.0,90.0
13.5,600,0.07,0.0001,True,1000.0,79.80508423646306
13.5,600,0.07,0.0001,False,1000.0,90.0
13.5,600,0.07,0.001,True,1000.0,79.80508423646306
13.5,600,0.07,0.001,False,1000.0,90.0
13.5,600,0.07,0.01,True,1000.0,79.80508423646306
13.5,600,0.07,0.01,False,1000.0,90.0
13.5,600,0.07,0.1,True,1000.0,79.80508423646306
13.5,600,0.07,0.1,False,1000.0,90.0
13.5,600,0.08,0.0001,True,1000.0,90.0
13.5,600,0.08,0.0001,False,1000.0,90.0
13.5,600,0.08,0.001,True,1000.0,90.0
13.5,600,0.08,0.001,False,1000.0,90.0
13.5,600,0.08,0.01,True,1000.0,90.0
13.5,600,0.08,0.01,False,1000.0,90.0
13.5,600,0.08,0.1,True,1000.0,90.0
13.5,600,0.08,0.1,False,1000.0,90.0
13.5,600,0.09,0.0001,True,1000.0,90.0
13.5,600,0.09,0.0001,False,1000.0,90.0
13.5,600,0.09,0.001,True,1000.0,90.0
13.5,600,0.09,0.001,False,1000.0,90.0
13.5,600,0.09,0.01,True,1000.0,90.0
13.5,600,0.09,0.01,False,1000.0,90.0
13.5,600,0.09,0.1,True,1000.0,90.0
13.5,600,0.09,0.1,False,1000.0,90.0
13.5,600,0.1,0.0001,True,1000.0,90.0
13.5,600,0.1,0.0001,False,1000.0,90.0
13.5,600,0.1,0.001,True,1000.0,90.0
13.5,600,0.1,0.001,False,1000.0,90.0
13.5,600,0.1,0.01,True,1000.0,90.0
13.5,600,0.1,0.01,False,1000.0,90.0
13.5,600,0.1,0.1,True,1000.0,90.0
13.5,600,0.1,0.1,False,1000.0,90.0
13.5,600,0.1,0.0001,True,1000.0,90.0
13.5,600,0.1,0.0001,False,1000.0,90.0
13.5,600,0.1,0.001,True,1000.0,90.0
13.5,600,0.1,0.001,False,1000.0,90.0
13.5,600,0.1,0.01,True,1000.0,90.0
13.5,600,0.1,0.01,False,1000.0,90.0
13.5,600,0.1,0.1,True,1000.0,90.0
13.5,600,0.1,0.1,False,1000.0,90.0
13.5,600,0.2,0.0001,True,1000.0,90.0
13.5,600,0.2,0.0001,False,1000.0,90.0
13.5,600,0.2,0.001,True,1000.0,90.0
13.5,600,0.2,0.001,False,1000.0,90.0
13.5,600,0.2,0.01,True,1000.0,90.0
13.5,600,0.2,0.01,False,1000.0,90.0
13.5,600,0.2,0.1,True,1000.0,90.0
13.5,600,0.2,0.1,False,1000.0,90.0
13.5,600,0.30000000000000004,0.0001,True,1000.0,90.0
13.5,600,0.30000000000000004,0.0001,False,1000.0,90.0
13.5,600,0.30000000000000004,0.001,True,1000.0,90.0
13.5,600,0.30000000000000004,0.001,False,1000.0,90.0
13.5,600,0.30000000000000004,0.01,True,1000.0,90.0
13.5,600,0.30000000000000004,0.01,False,1000.0,90.0
13.5,600,0.30000000000000004,0.1,True,1000.0,90.0
13.5,600,0.30000000000000004,0.1,False,1000.0,90.0
13.5,600,0.4,0.0001,True,1000.0,90.0
13.5,600,0.4,0.0001,False,1000.0,90.0
13.5,600,0.4,0.001,True,1000.0,90.0
13.5,600,0.4,0.001,False,1000.0,90.0
13.5,600,0.4,0.01,True,1000.0,90.0
13.5,600,0.4,0.01,False,1000.0,90.0
13.5,600,0.4,0.1,True,1000.0,90.0
13.5,600,0.4,0.1,False,1000.0,90.0
13.5,800,0.001,0.0001,True,1.002027391534603,5.839660249604357
13.5,800,0.001,0.0001,False,1.0015557494204386,7.505559005589049
13.5,800,0.001,0.001,True,1.002027391534603,5.839660249604357
13.5,800,0.001,0.001,False,1.0015557494204386,7.505559005589049
13.5,800,0.001,0.01,True,1.002027391534603,5.839660249604357
13.5,800,0.001,0.01,False,1.0015557494204386,7.505559005589049
13.5,800,0.001,0.1,True,1.002027391534603,5.839660249604357
13.5,800,0.001,0.1,False,1.0015557494204386,7.505559005589049
13.5,800,0.002,0.0001,True,1.004942466200788,2.8780624611871204
13.5,800,0.002,0.0001,False,1.0039971995395085,3.7290410464953183
13.5,800,0.002,0.001,True,1.004942466200788,2.8780624611871204
13.5,800,0.002,0.001,False,1.0039971995395085,3.7290410464953183
13.5,800,0.002,0.01,True,1.004942466200788,2.8780624611871204
13.5,800,0.002,0.01,False,1.0039971995395085,3.7290410464953183
13.5,800,0.002,0.1,True,1.004942466200788,2.8780624611871204
13.5,800,0.002,0.1,False,1.0039971995395085,3.7290410464953183
13.5,800,0.003,0.0001,True,1.007864210153354,2.019872192952583
13.5,800,0.003,0.0001,False,1.006443328294866,3.1713375668583055
13.5,800,0.003,0.001,True,1.007864210153354,2.019872192952583
13.5,800,0.003,0.001,False,1.006443328294866,3.1713375668583055
13.5,800,0.003,0.01,True,1.007864210153354,2.019872192952583
13.5,800,0.003,0.01,False,1.006443328294866,3.1713375668583055
13.5,800,0.003,0.1,True,1.007864210153354,2.019872192952583
13.5,800,0.003,0.1,False,1.006443328294866,3.1713375668583055
13.5,800,0.004,0.0001,True,1.0107926428404765,2.998257176626133
13.5,800,0.004,0.0001,False,1.0088941468765487,3.1328752579178243
13.5,800,0.004,0.001,True,1.0107926428404765,2.998257176626133
13.5,800,0.004,0.001,False,1.0088941468765487,3.1328752579178243
13.5,800,0.004,0.01,True,1.0107926428404765,2.998257176626133
13.5,800,0.004,0.01,False,1.0088941468765487,3.1328752579178243
13.5,800,0.004,0.1,True,1.0107926428404765,2.998257176626133
13.5,800,0.004,0.1,False,1.0088941468765487,3.1328752579178243
13.5,800,0.005,0.0001,True,1.01372778378896,3.099220737594898
13.5,800,0.005,0.0001,False,1.011349666511609,9.654640517638569
13.5,800,0.005,0.001,True,1.01372778378896,3.099220737594898
13.5,800,0.005,0.001,False,1.011349666511609,9.654640517638569
13.5,800,0.005,0.01,True,1.01372778378896,3.099220737594898
13.5,800,0.005,0.01,False,1.011349666511609,9.654640517638569
13.5,800,0.005,0.1,True,1.01372778378896,3.099220737594898
13.5,800,0.005,0.1,False,1.011349666511609,9.654640517638569
13.5,800,0.006,0.0001,True,1.0166696526048338,3.0271039083314975
13.5,800,0.006,0.0001,False,1.0138098984645092,23.484244476051202
13.5,800,0.006,0.001,True,1.0166696526048338,3.0271039083314975
13.5,800,0.006,0.001,False,1.0138098984645092,23.484244476051202
13.5,800,0.006,0.01,True,1.0166696526048338,3.0271039083314975
13.5,800,0.006,0.01,False,1.0138098984645092,23.484244476051202
13.5,800,0.006,0.1,True,1.0166696526048338,3.0271039083314975
13.5,800,0.006,0.1,False,1.0138098984645092,23.484244476051202
13.5,800,0.007,0.0001,True,1.0196182689733189,2.849215729481756
13.5,800,0.007,0.0001,False,1.432333615001081,25.433802760471963
13.5,800,0.007,0.001,True,1.0196182689733189,2.849215729481756
13.5,800,0.007,0.001,False,1.432333615001081,25.433802760471963
13.5,800,0.007,0.01,True,1.0196182689733189,2.849215729481756
13.5,800,0.007,0.01,False,1.432333615001081,25.433802760471963
13.5,800,0.007,0.1,True,1.0196182689733189,2.849215729481756
13.5,800,0.007,0.1,False,1.432333615001081,25.433802760471963
13.5,800,0.008,0.0001,True,1.0624301273716563,3.51509445301388
13.5,800,0.008,0.0001,False,3.8314110104613546,26.416995532763075
13.5,800,0.008,0.001,True,1.0624301273716563,3.51509445301388
13.5,800,0.008,0.001,False,3.8314110104613546,26.416995532763075
13.5,800,0.008,0.01,True,1.0624301273716563,3.51509445301388
13.5,800,0.008,0.01,False,3.8314110104613546,26.416995532763075
13.5,800,0.008,0.1,True,1.0624301273716563,3.51509445301388
13.5,800,0.008,0.1,False,3.8314110104613546,26.416995532763075
13.5,800,0.009000000000000001,0.0001,True,1.6098363054455562,4.257897794426967
13.5,800,0.009000000000000001,0.0001,False,8.470182620788124,49.53765099461127
13.5,800,0.009000000000000001,0.001,True,1.6098363054455562,4.257897794426967
13.5,800,0.009000000000000001,0.001,False,8.470182620788124,49.53765099461127
13.5,800,0.009000000000000001,0.01,True,1.6098363054455562,4.257897794426967
13.5,800,0.009000000000000001,0.01,False,8.470182620788124,49.53765099461127
13.5,800,0.009000000000000001,0.1,True,1.6098363054455562,4.257897794426967
13.5,800,0.009000000000000001,0.1,False,8.470182620788124,49.53765099461127
13.5,800,0.01,0.0001,True,2.304117892442097,4.358861355395739
13.5,800,0.01,0.0001,False,11.877340699396216,54.60746409182876
13.5,800,0.01,0.001,True,2.304117892442097,4.358861355395739
13.5,800,0.01,0.001,False,11.877340699396216,54.60746409182876
13.5,800,0.01,0.01,True,2.304117892442097,4.358861355395739
13.5,800,0.01,0.01,False,11.877340699396216,54.60746409182876
13.5,800,0.01,0.1,True,2.304117892442097,4.358861355395739
13.5,800,0.01,0.1,False,11.877340699396216,54.60746409182876
13.5,800,0.01,0.0001,True,2.304117892442097,4.358861355395739
13.5,800,0.01,0.0001,False,11.877340699396216,54.60746409182876
13.5,800,0.01,0.001,True,2.304117892442097,4.358861355395739
13.5,800,0.01,0.001,False,11.877340699396216,54.60746409182876
13.5,800,0.01,0.01,True,2.304117892442097,4.358861355395739
13.5,800,0.01,0.01,False,11.877340699396216,54.60746409182876
13.5,800,0.01,0.1,True,2.304117892442097,4.358861355395739
13.5,800,0.01,0.1,False,11.877340699396216,54.60746409182876
13.5,800,0.02,0.0001,True,15.12283684713802,15.926400769246179
13.5,800,0.02,0.0001,False,1000.0,90.0
13.5,800,0.02,0.001,True,15.12283684713802,15.926400769246179
13.5,800,0.02,0.001,False,1000.0,90.0
13.5,800,0.02,0.01,True,15.12283684713802,15.926400769246179
13.5,800,0.02,0.01,False,1000.0,90.0
13.5,800,0.02,0.1,True,15.12283684713802,15.926400769246179
13.5,800,0.02,0.1,False,1000.0,90.0
13.5,800,0.03,0.0001,True,33.9771194779497,29.126184418758385
13.5,800,0.03,0.0001,False,1000.0,90.0
13.5,800,0.03,0.001,True,33.9771194779497,29.126184418758385
13.5,800,0.03,0.001,False,1000.0,90.0
13.5,800,0.03,0.01,True,33.9771194779497,29.126184418758385
13.5,800,0.03,0.01,False,1000.0,90.0
13.5,800,0.03,0.1,True,33.9771194779497,29.126184418758385
13.5,800,0.03,0.1,False,1000.0,90.0
13.5,800,0.04,0.0001,True,55.770605238707304,46.10729381598189
13.5,800,0.04,0.0001,False,1000.0,90.0
13.5,800,0.04,0.001,True,55.770605238707304,46.10729381598189
13.5,800,0.04,0.001,False,1000.0,90.0
13.5,800,0.04,0.01,True,55.770605238707304,46.10729381598189
13.5,800,0.04,0.01,False,1000.0,90.0
13.5,800,0.04,0.1,True,55.770605238707304,46.10729381598189
13.5,800,0.04,0.1,False,1000.0,90.0
13.5,800,0.05,0.0001,True,652.2784745144194,77.25214848053847
13.5,800,0.05,0.0001,False,1000.0,90.0
13.5,800,0.05,0.001,True,652.2784745144194,77.25214848053847
13.5,800,0.05,0.001,False,1000.0,90.0
13.5,800,0.05,0.01,True,652.2784745144194,77.25214848053847
13.5,800,0.05,0.01,False,1000.0,90.0
13.5,800,0.05,0.1,True,652.2784745144194,77.25214848053847
13.5,800,0.05,0.1,False,1000.0,90.0
13.5,800,0.06,0.0001,True,1000.0,89.5985496504337
13.5,800,0.06,0.0001,False,1000.0,90.0
13.5,800,0.06,0.001,True,1000.0,89.5985496504337
13.5,800,0.06,0.001,False,1000.0,90.0
13.5,800,0.06,0.01,True,1000.0,89.5985496504337
13.5,800,0.06,0.01,False,1000.0,90.0
13.5,800,0.06,0.1,True,1000.0,89.5985496504337
13.5,800,0.06,0.1,False,1000.0,90.0
13.5,800,0.07,0.0001,True,715.0985147129404,83.24024920371001
13.5,800,0.07,0.0001,False,1000.0,90.0
13.5,800,0.07,0.001,True,715.0985147129404,83.24024920371001
13.5,800,0.07,0.001,False,1000.0,90.0
13.5,800,0.07,0.01,True,715.0985147129404,83.24024920371001
13.5,800,0.07,0.01,False,1000.0,90.0
13.5,800,0.07,0.1,True,715.0985147129404,83.24024920371001
13.5,800,0.07,0.1,False,1000.0,90.0
13.5,800,0.08,0.0001,True,1000.0,54.94881708367555
13.5,800,0.08,0.0001,False,1000.0,90.0
13.5,800,0.08,0.001,True,1000.0,54.94881708367555
13.5,800,0.08,0.001,False,1000.0,90.0
13.5,800,0.08,0.01,True,1000.0,54.94881708367555
13.5,800,0.08,0.01,False,1000.0,90.0
13.5,800,0.08,0.1,True,1000.0,54.94881708367555
13.5,800,0.08,0.1,False,1000.0,90.0
13.5,800,0.09,0.0001,True,1000.0,90.0
13.5,800,0.09,0.0001,False,1000.0,90.0
13.5,800,0.09,0.001,True,1000.0,90.0
13.5,800,0.09,0.001,False,1000.0,90.0
13.5,800,0.09,0.01,True,1000.0,90.0
13.5,800,0.09,0.01,False,1000.0,90.0
13.5,800,0.09,0.1,True,1000.0,90.0
13.5,800,0.09,0.1,False,1000.0,90.0
13.5,800,0.1,0.0001,True,1000.0,90.0
13.5,800,0.1,0.0001,False,1000.0,90.0
13.5,800,0.1,0.001,True,1000.0,90.0
13.5,800,0.1,0.001,False,1000.0,90.0
13.5,800,0.1,0.01,True,1000.0,90.0
13.5,800,0.1,0.01,False,1000.0,90.0
13.5,800,0.1,0.1,True,1000.0,90.0
13.5,800,0.1,0.1,False,1000.0,90.0
13.5,800,0.1,0.0001,True,1000.0,90.0
13.5,800,0.1,0.0001,False,1000.0,90.0
13.5,800,0.1,0.001,True,1000.0,90.0
13.5,800,0.1,0.001,False,1000.0,90.0
13.5,800,0.1,0.01,True,1000.0,90.0
13.5,800,0.1,0.01,False,1000.0,90.0
13.5,800,0.1,0.1,True,1000.0,90.0
13.5,800,0.1,0.1,False,1000.0,90.0
13.5,800,0.2,0.0001,True,1000.0,90.0
13.5,800,0.2,0.0001,False,1000.0,90.0
13.5,800,0.2,0.001,True,1000.0,90.0
13.5,800,0.2,0.001,False,1000.0,90.0
13.5,800,0.2,0.01,True,1000.0,90.0
13.5,800,0.2,0.01,False,1000.0,90.0
13.5,800,0.2,0.1,True,1000.0,90.0
13.5,800,0.2,0.1,False,1000.0,90.0
13.5,800,0.30000000000000004,0.0001,True,1000.0,90.0
13.5,800,0.30000000000000004,0.0001,False,1000.0,90.0
13.5,800,0.30000000000000004,0.001,True,1000.0,90.0
13.5,800,0.30000000000000004,0.001,False,1000.0,90.0
13.5,800,0.30000000000000004,0.01,True,1000.0,90.0
13.5,800,0.30000000000000004,0.01,False,1000.0,90.0
13.5,800,0.30000000000000004,0.1,True,1000.0,90.0
13.5,800,0.30000000000000004,0.1,False,1000.0,90.0
13.5,800,0.4,0.0001,True,1000.0,90.0
13.5,800,0.4,0.0001,False,1000.0,90.0
13.5,800,0.4,0.001,True,1000.0,90.0
13.5,800,0.4,0.001,False,1000.0,90.0
13.5,800,0.4,0.01,True,1000.0,90.0
13.5,800,0.4,0.01,False,1000.0,90.0
13.5,800,0.4,0.1,True,1000.0,90.0
13.5,800,0.4,0.1,False,1000.0,90.0
13.5,1000,0.001,0.0001,True,1.0020274200608699,5.765139526032172
13.5,1000,0.001,0.0001,False,1.0032179226994666,7.096896973096413
13.5,1000,0.001,0.001,True,1.0020274200608699,5.765139526032172
13.5,1000,0.001,0.001,False,1.0032179226994666,7.096896973096413
13.5,1000,0.001,0.01,True,1.0020274200608699,5.765139526032172
13.5,1000,0.001,0.01,False,1.0032179226994666,7.096896973096413
13.5,1000,0.001,0.1,True,1.0020274200608699,5.765139526032172
13.5,1000,0.001,0.1,False,1.0032179226994666,7.096896973096413
13.5,1000,0.002,0.0001,True,1.004942496188767,2.8780624611871204
13.5,1000,0.002,0.0001,False,1.007331346850825,3.3203790140026825
13.5,1000,0.002,0.001,True,1.004942496188767,2.8780624611871204
13.5,1000,0.002,0.001,False,1.007331346850825,3.3203790140026825
13.5,1000,0.002,0.01,True,1.004942496188767,2.8780624611871204
13.5,1000,0.002,0.01,False,1.007331346850825,3.3203790140026825
13.5,1000,0.002,0.1,True,1.004942496188767,2.8780624611871204
13.5,1000,0.002,0.1,False,1.007331346850825,3.3203790140026825
13.5,1000,0.003,0.0001,True,1.0078642142263734,2.0222760872613605
13.5,1000,0.003,0.0001,False,1.0114592938705655,3.1352791522266017
13.5,1000,0.003,0.001,True,1.0078642142263734,2.0222760872613605
13.5,1000,0.003,0.001,False,1.0114592938705655,3.1352791522266017
13.5,1000,0.003,0.01,True,1.0078642142263734,2.0222760872613605
13.5,1000,0.003,0.01,False,1.0114592938705655,3.1352791522266017
13.5,1000,0.003,0.1,True,1.0078642142263734,2.0222760872613605
13.5,1000,0.003,0.1,False,1.0114592938705655,3.1352791522266017
13.5,1000,0.004,0.0001,True,1.010792593307792,2.743444379895429
13.5,1000,0.004,0.0001,False,1.0156018186198494,5.870910875618499
13.5,1000,0.004,0.001,True,1.010792593307792,2.743444379895429
13.5,1000,0.004,0.001,False,1.0156018186198494,5.870910875618499
13.5,1000,0.004,0.01,True,1.010792593307792,2.743444379895429
13.5,1000,0.004,0.01,False,1.0156018186198494,5.870910875618499
13.5,1000,0.004,0.1,True,1.010792593307792,2.743444379895429
13.5,1000,0.004,0.1,False,1.0156018186198494,5.870910875618499
13.5,1000,0.005,0.0001,True,1.0137276526443648,3.786734509906047
13.5,1000,0.005,0.0001,False,1.0197589761908121,19.527434443798953
13.5,1000,0.005,0.001,True,1.0137276526443648,3.786734509906047
13.5,1000,0.005,0.001,False,1.0197589761908121,19.527434443798953
13.5,1000,0.005,0.01,True,1.0137276526443648,3.786734509906047
13.5,1000,0.005,0.01,False,1.0197589761908121,19.527434443798953
13.5,1000,0.005,0.1,True,1.0137276526443648,3.786734509906047
13.5,1000,0.005,0.1,False,1.0197589761908121,19.527434443798953
13.5,1000,0.006,0.0001,True,1.0166694115243524,3.673751477393374
13.5,1000,0.006,0.0001,False,1.356018115784672,25.626114305174376
13.5,1000,0.006,0.001,True,1.0166694115243524,3.673751477393374
13.5,1000,0.006,0.001,False,1.356018115784672,25.626114305174376
13.5,1000,0.006,0.01,True,1.0166694115243524,3.673751477393374
13.5,1000,0.006,0.01,False,1.356018115784672,25.626114305174376
13.5,1000,0.006,0.1,True,1.0166694115243524,3.673751477393374
13.5,1000,0.006,0.1,False,1.356018115784672,25.626114305174376
13.5,1000,0.007,0.0001,True,1.019617889313611,3.6977904204811765
13.5,1000,0.007,0.0001,False,2.505424832097214,27.316052004246878
13.5,1000,0.007,0.001,True,1.019617889313611,3.6977904204811765
13.5,1000,0.007,0.001,False,2.505424832097214,27.316052004246878
13.5,1000,0.007,0.01,True,1.019617889313611,3.6977904204811765
13.5,1000,0.007,0.01,False,2.505424832097214,27.316052004246878
13.5,1000,0.007,0.1,True,1.019617889313611,3.6977904204811765
13.5,1000,0.007,0.1,False,2.505424832097214,27.316052004246878
13.5,1000,0.008,0.0001,True,1.07407670907768,3.7290410464953183
13.5,1000,0.008,0.0001,False,4.2314210952569695,24.775135719866178
13.5,1000,0.008,0.001,True,1.07407670907768,3.7290410464953183
13.5,1000,0.008,0.001,False,4.2314210952569695,24.775135719866178
13.5,1000,0.008,0.01,True,1.07407670907768,3.7290410464953183
13.5,1000,0.008,0.01,False,4.2314210952569695,24.775135719866178
13.5,1000,0.008,0.1,True,1.07407670907768,3.7290410464953183
13.5,1000,0.008,0.1,False,4.2314210952569695,24.775135719866178
13.5,1000,0.009000000000000001,0.0001,True,1.6485110732107953,3.625673591217769
13.5,1000,0.009000000000000001,0.0001,False,6.6446674819726566,32.39788457300827
13.5,1000,0.009000000000000001,0.001,True,1.6485110732107953,3.625673591217769
13.5,1000,0.009000000000000001,0.001,False,6.6446674819726566,32.39788457300827
13.5,1000,0.009000000000000001,0.01,True,1.6485110732107953,3.625673591217769
13.5,1000,0.009000000000000001,0.01,False,6.6446674819726566,32.39788457300827
13.5,1000,0.009000000000000001,0.1,True,1.6485110732107953,3.625673591217769
13.5,1000,0.009000000000000001,0.1,False,6.6446674819726566,32.39788457300827
13.5,1000,0.01,0.0001,True,2.372401893397532,3.9646226887557816
13.5,1000,0.01,0.0001,False,9.649441658163997,32.042108215308794
13.5,1000,0.01,0.001,True,2.372401893397532,3.9646226887557816
13.5,1000,0.01,0.001,False,9.649441658163997,32.042108215308794
13.5,1000,0.01,0.01,True,2.372401893397532,3.9646226887557816
13.5,1000,0.01,0.01,False,9.649441658163997,32.042108215308794
13.5,1000,0.01,0.1,True,2.372401893397532,3.9646226887557816
13.5,1000,0.01,0.1,False,9.649441658163997,32.042108215308794
13.5,1000,0.01,0.0001,True,2.372401893397532,3.9646226887557816
13.5,1000,0.01,0.0001,False,9.649441658163997,32.042108215308794
13.5,1000,0.01,0.001,True,2.372401893397532,3.9646226887557816
13.5,1000,0.01,0.001,False,9.649441658163997,32.042108215308794
13.5,1000,0.01,0.01,True,2.372401893397532,3.9646226887557816
13.5,1000,0.01,0.01,False,9.649441658163997,32.042108215308794
13.5,1000,0.01,0.1,True,2.372401893397532,3.9646226887557816
13.5,1000,0.01,0.1,False,9.649441658163997,32.042108215308794
13.5,1000,0.02,0.0001,True,16.322874854920627,16.044191590376407
13.5,1000,0.02,0.0001,False,73.07713486171303,84.61287285402351
13.5,1000,0.02,0.001,True,16.322874854920627,16.044191590376407
13.5,1000,0.02,0.001,False,73.07713486171303,84.61287285402351
13.5,1000,0.02,0.01,True,16.322874854920627,16.044191590376407
13.5,1000,0.02,0.01,False,73.07713486171303,84.61287285402351
13.5,1000,0.02,0.1,True,16.322874854920627,16.044191590376407
13.5,1000,0.02,0.1,False,73.07713486171303,84.61287285402351
13.5,1000,0.03,0.0001,True,36.47539305638502,36.08065065405957
13.5,1000,0.03,0.0001,False,532.4837172926217,89.98317273983852
13.5,1000,0.03,0.001,True,36.47539305638502,36.08065065405957
13.5,1000,0.03,0.001,False,532.4837172926217,89.98317273983852
13.5,1000,0.03,0.01,True,36.47539305638502,36.08065065405957
13.5,1000,0.03,0.01,False,532.4837172926217,89.98317273983852
13.5,1000,0.03,0.1,True,36.47539305638502,36.08065065405957
13.5,1000,0.03,0.1,False,532.4837172926217,89.98317273983852
13.5,1000,0.04,0.0001,True,60.31535222558844,27.844908752178526
13.5,1000,0.04,0.0001,False,212.64690499968904,90.0
13.5,1000,0.04,0.001,True,60.31535222558844,27.844908752178526
13.5,1000,0.04,0.001,False,212.64690499968904,90.0
13.5,1000,0.04,0.01,True,60.31535222558844,27.844908752178526
13.5,1000,0.04,0.01,False,212.64690499968904,90.0
13.5,1000,0.04,0.1,True,60.31535222558844,27.844908752178526
13.5,1000,0.04,0.1,False,212.64690499968904,90.0
13.5,1000,0.05,0.0001,True,133.26528912876276,51.691540295278344
13.5,1000,0.05,0.0001,False,1000.0,90.0
13.5,1000,0.05,0.001,True,133.26528912876276,51.691540295278344
13.5,1000,0.05,0.001,False,1000.0,90.0
13.5,1000,0.05,0.01,True,133.26528912876276,51.691540295278344
13.5,1000,0.05,0.01,False,1000.0,90.0
13.5,1000,0.05,0.1,True,133.26528912876276,51.691540295278344
13.5,1000,0.05,0.1,False,1000.0,90.0
13.5,1000,0.06,0.0001,True,1000.0,88.151405276548
13.5,1000,0.06,0.0001,False,1000.0,90.0
13.5,1000,0.06,0.001,True,1000.0,88.151405276548
13.5,1000,0.06,0.001,False,1000.0,90.0
13.5,1000,0.06,0.01,True,1000.0,88.151405276548
13.5,1000,0.06,0.01,False,1000.0,90.0
13.5,1000,0.06,0.1,True,1000.0,88.151405276548
13.5,1000,0.06,0.1,False,1000.0,90.0
13.5,1000,0.07,0.0001,True,1000.0,89.99759610569122
13.5,1000,0.07,0.0001,False,1000.0,90.0
13.5,1000,0.07,0.001,True,1000.0,89.99759610569122
13.5,1000,0.07,0.001,False,1000.0,90.0
13.5,1000,0.07,0.01,True,1000.0,89.99759610569122
13.5,1000,0.07,0.01,False,1000.0,90.0
13.5,1000,0.07,0.1,True,1000.0,89.99759610569122
13.5,1000,0.07,0.1,False,1000.0,90.0
13.5,1000,0.08,0.0001,True,1000.0,90.0
13.5,1000,0.08,0.0001,False,1000.0,90.0
13.5,1000,0.08,0.001,True,1000.0,90.0
13.5,1000,0.08,0.001,False,1000.0,90.0
13.5,1000,0.08,0.01,True,1000.0,90.0
13.5,1000,0.08,0.01,False,1000.0,90.0
13.5,1000,0.08,0.1,True,1000.0,90.0
13.5,1000,0.08,0.1,False,1000.0,90.0
13.5,1000,0.09,0.0001,True,1000.0,90.0
13.5,1000,0.09,0.0001,False,1000.0,90.0
13.5,1000,0.09,0.001,True,1000.0,90.0
13.5,1000,0.09,0.001,False,1000.0,90.0
13.5,1000,0.09,0.01,True,1000.0,90.0
13.5,1000,0.09,0.01,False,1000.0,90.0
13.5,1000,0.09,0.1,True,1000.0,90.0
13.5,1000,0.09,0.1,False,1000.0,90.0
13.5,1000,0.1,0.0001,True,1000.0,90.0
13.5,1000,0.1,0.0001,False,1000.0,90.0
13.5,1000,0.1,0.001,True,1000.0,90.0
13.5,1000,0.1,0.001,False,1000.0,90.0
13.5,1000,0.1,0.01,True,1000.0,90.0
13.5,1000,0.1,0.01,False,1000.0,90.0
13.5,1000,0.1,0.1,True,1000.0,90.0
13.5,1000,0.1,0.1,False,1000.0,90.0
13.5,1000,0.1,0.0001,True,1000.0,90.0
13.5,1000,0.1,0.0001,False,1000.0,90.0
13.5,1000,0.1,0.001,True,1000.0,90.0
13.5,1000,0.1,0.001,False,1000.0,90.0
13.5,1000,0.1,0.01,True,1000.0,90.0
13.5,1000,0.1,0.01,False,1000.0,90.0
13.5,1000,0.1,0.1,True,1000.0,90.0
13.5,1000,0.1,0.1,False,1000.0,90.0
13.5,1000,0.2,0.0001,True,1000.0,90.0
13.5,1000,0.2,0.0001,False,1000.0,90.0
13.5,1000,0.2,0.001,True,1000.0,90.0
13.5,1000,0.2,0.001,False,1000.0,90.0
13.5,1000,0.2,0.01,True,1000.0,90.0
13.5,1000,0.2,0.01,False,1000.0,90.0
13.5,1000,0.2,0.1,True,1000.0,90.0
13.5,1000,0.2,0.1,False,1000.0,90.0
13.5,1000,0.30000000000000004,0.0001,True,1000.0,90.0
13.5,1000,0.30000000000000004,0.0001,False,1000.0,90.0
13.5,1000,0.30000000000000004,0.001,True,1000.0,90.0
13.5,1000,0.30000000000000004,0.001,False,1000.0,90.0
13.5,1000,0.30000000000000004,0.01,True,1000.0,90.0
13.5,1000,0.30000000000000004,0.01,False,1000.0,90.0
13.5,1000,0.30000000000000004,0.1,True,1000.0,90.0
13.5,1000,0.30000000000000004,0.1,False,1000.0,90.0
13.5,1000,0.4,0.0001,True,1000.0,90.0
13.5,1000,0.4,0.0001,False,1000.0,90.0
13.5,1000,0.4,0.001,True,1000.0,90.0
13.5,1000,0.4,0.001,False,1000.0,90.0
13.5,1000,0.4,0.01,True,1000.0,90.0
13.5,1000,0.4,0.01,False,1000.0,90.0
13.5,1000,0.4,0.1,True,1000.0,90.0
13.5,1000,0.4,0.1,False,1000.0,90.0
13.5,1500,0.001,0.0001,True,1.0020405196553093,5.69061880245998
13.5,1500,0.001,0.0001,False,1.0024622617500916,7.0608385584647095
13.5,1500,0.001,0.001,True,1.0020405196553093,5.69061880245998
13.5,1500,0.001,0.001,False,1.0024622617500916,7.0608385584647095
13.5,1500,0.001,0.01,True,1.0020405196553093,5.69061880245998
13.5,1500,0.001,0.01,False,1.0024622617500916,7.0608385584647095
13.5,1500,0.001,0.1,True,1.0020405196553093,5.69061880245998
13.5,1500,0.001,0.1,False,1.0024622617500916,7.0608385584647095
13.5,1500,0.002,0.0001,True,1.0049687170157855,3.099220737594898
13.5,1500,0.002,0.0001,False,1.0058147865184854,3.3948997375748675
13.5,1500,0.002,0.001,True,1.0049687170157855,3.099220737594898
13.5,1500,0.002,0.001,False,1.0058147865184854,3.3948997375748675
13.5,1500,0.002,0.01,True,1.0049687170157855,3.099220737594898
13.5,1500,0.002,0.01,False,1.0058147865184854,3.3948997375748675
13.5,1500,0.002,0.1,True,1.0049687170157855,3.099220737594898
13.5,1500,0.002,0.1,False,1.0058147865184854,3.3948997375748675
13.5,1500,0.003,0.0001,True,1.0079035776680412,2.0583345018930643
13.5,1500,0.003,0.0001,False,1.0091765701928594,3.0607584286544167
13.5,1500,0.003,0.001,True,1.0079035776680412,2.0583345018930643
13.5,1500,0.003,0.001,False,1.0091765701928594,3.0607584286544167
13.5,1500,0.003,0.01,True,1.0079035776680412,2.0583345018930643
13.5,1500,0.003,0.01,False,1.0091765701928594,3.0607584286544167
13.5,1500,0.003,0.1,True,1.0079035776680412,2.0583345018930643
13.5,1500,0.003,0.1,False,1.0091765701928594,3.0607584286544167
13.5,1500,0.004,0.0001,True,1.0108451204883773,2.7770989002183484
13.5,1500,0.004,0.0001,False,1.0125476419890833,5.584847452873653
13.5,1500,0.004,0.001,True,1.0108451204883773,2.7770989002183484
13.5,1500,0.004,0.001,False,1.0125476419890833,5.584847452873653
13.5,1500,0.004,0.01,True,1.0108451204883773,2.7770989002183484
13.5,1500,0.004,0.01,False,1.0125476419890833,5.584847452873653
13.5,1500,0.004,0.1,True,1.0108451204883773,2.7770989002183484
13.5,1500,0.004,0.1,False,1.0125476419890833,5.584847452873653
13.5,1500,0.005,0.0001,True,1.0137933644283288,4.041547306636751
13.5,1500,0.005,0.0001,False,1.015928031236689,5.546385143933172
13.5,1500,0.005,0.001,True,1.0137933644283288,4.041547306636751
13.5,1500,0.005,0.001,False,1.015928031236689,5.546385143933172
13.5,1500,0.005,0.01,True,1.0137933644283288,4.041547306636751
13.5,1500,0.005,0.01,False,1.015928031236689,5.546385143933172
13.5,1500,0.005,0.1,True,1.0137933644283288,4.041547306636751
13.5,1500,0.005,0.1,False,1.015928031236689,5.546385143933172
13.5,1500,0.006,0.0001,True,1.0167483285145165,3.822792924537751
13.5,1500,0.006,0.0001,False,1.0773001611898554,9.411847192451766
13.5,1500,0.006,0.001,True,1.0167483285145165,3.822792924537751
13.5,1500,0.006,0.001,False,1.0773001611898554,9.411847192451766
13.5,1500,0.006,0.01,True,1.0167483285145165,3.822792924537751
13.5,1500,0.006,0.01,False,1.0773001611898554,9.411847192451766
13.5,1500,0.006,0.1,True,1.0167483285145165,3.822792924537751
13.5,1500,0.006,0.1,False,1.0773001611898554,9.411847192451766
13.5,1500,0.007,0.0001,True,1.0197100318492982,4.707426030168868
13.5,1500,0.007,0.0001,False,2.423988128110857,10.010416875338045
13.5,1500,0.007,0.001,True,1.0197100318492982,4.707426030168868
13.5,1500,0.007,0.001,False,2.423988128110857,10.010416875338045
13.5,1500,0.007,0.01,True,1.0197100318492982,4.707426030168868
13.5,1500,0.007,0.01,False,2.423988128110857,10.010416875338045
13.5,1500,0.007,0.1,True,1.0197100318492982,4.707426030168868
13.5,1500,0.007,0.1,False,2.423988128110857,10.010416875338045
13.5,1500,0.008,0.0001,True,1.140343410899991,4.382900298483541
13.5,1500,0.008,0.0001,False,4.366931058537057,9.339730363188359
13.5,1500,0.008,0.001,True,1.140343410899991,4.382900298483541
13.5,1500,0.008,0.001,False,4.366931058537057,9.339730363188359
13.5,1500,0.008,0.01,True,1.140343410899991,4.382900298483541
13.5,1500,0.008,0.01,False,4.366931058537057,9.339730363188359
13.5,1500,0.008,0.1,True,1.140343410899991,4.382900298483541
13.5,1500,0.008,0.1,False,4.366931058537057,9.339730363188359
13.5,1500,0.009000000000000001,0.0001,True,1.799083565644754,3.584807387968503
13.5,1500,0.009000000000000001,0.0001,False,6.919108798221633,13.37827280193914
13.5,1500,0.009000000000000001,0.001,True,1.799083565644754,3.584807387968503
13.5,1500,0.009000000000000001,0.001,False,6.919108798221633,13.37827280193914
13.5,1500,0.009000000000000001,0.01,True,1.799083565644754,3.584807387968503
13.5,1500,0.009000000000000001,0.01,False,6.919108798221633,13.37827280193914
13.5,1500,0.009000000000000001,0.1,True,1.799083565644754,3.584807387968503
13.5,1500,0.009000000000000001,0.1,False,6.919108798221633,13.37827280193914
13.5,1500,0.01,0.0001,True,2.66099202172845,5.818025200825332
13.5,1500,0.01,0.0001,False,10.171064888997314,14.823013281516054
13.5,1500,0.01,0.001,True,2.66099202172845,5.818025200825332
13.5,1500,0.01,0.001,False,10.171064888997314,14.823013281516054
13.5,1500,0.01,0.01,True,2.66099202172845,5.818025200825332
13.5,1500,0.01,0.01,False,10.171064888997314,14.823013281516054
13.5,1500,0.01,0.1,True,2.66099202172845,5.818025200825332
13.5,1500,0.01,0.1,False,10.171064888997314,14.823013281516054
13.5,1500,0.01,0.0001,True,2.66099202172845,5.818025200825332
13.5,1500,0.01,0.0001,False,10.171064888997314,14.823013281516054
13.5,1500,0.01,0.001,True,2.66099202172845,5.818025200825332
13.5,1500,0.01,0.001,False,10.171064888997314,14.823013281516054
13.5,1500,0.01,0.01,True,2.66099202172845,5.818025200825332
13.5,1500,0.01,0.01,False,10.171064888997314,14.823013281516054
13.5,1500,0.01,0.1,True,2.66099202172845,5.818025200825332
13.5,1500,0.01,0.1,False,10.171064888997314,14.823013281516054
13.5,1500,0.02,0.0001,True,19.393318641460613,29.347342695166162
13.5,1500,0.02,0.0001,False,72.40248068972865,37.19124982471604
13.5,1500,0.02,0.001,True,19.393318641460613,29.347342695166162
13.5,1500,0.02,0.001,False,72.40248068972865,37.19124982471604
13.5,1500,0.02,0.01,True,19.393318641460613,29.347342695166162
13.5,1500,0.02,0.01,False,72.40248068972865,37.19124982471604
13.5,1500,0.02,0.1,True,19.393318641460613,29.347342695166162
13.5,1500,0.02,0.1,False,72.40248068972865,37.19124982471604
13.5,1500,0.03,0.0001,True,44.53260401063423,43.713015084436776
13.5,1500,0.03,0.0001,False,197.37008825847334,49.253991466175194
13.5,1500,0.03,0.001,True,44.53260401063423,43.713015084436776
13.5,1500,0.03,0.001,False,197.37008825847334,49.253991466175194
13.5,1500,0.03,0.01,True,44.53260401063423,43.713015084436776
13.5,1500,0.03,0.01,False,197.37008825847334,49.253991466175194
13.5,1500,0.03,0.1,True,44.53260401063423,43.713015084436776
13.5,1500,0.03,0.1,False,197.37008825847334,49.253991466175194
13.5,1500,0.04,0.0001,True,121.3853636376847,60.15084436787595
13.5,1500,0.04,0.0001,False,359.20556374234957,59.54506300206333
13.5,1500,0.04,0.001,True,121.3853636376847,60.15084436787595
13.5,1500,0.04,0.001,False,359.20556374234957,59.54506300206333
13.5,1500,0.04,0.01,True,121.3853636376847,60.15084436787595
13.5,1500,0.04,0.01,False,359.20556374234957,59.54506300206333
13.5,1500,0.04,0.1,True,121.3853636376847,60.15084436787595
13.5,1500,0.04,0.1,False,359.20556374234957,59.54506300206333
13.5,1500,0.05,0.0001,True,315.77434036203687,88.15621306516556
13.5,1500,0.05,0.0001,False,1000.0,82.7907209679681
13.5,1500,0.05,0.001,True,315.77434036203687,88.15621306516556
13.5,1500,0.05,0.001,False,1000.0,82.7907209679681
13.5,1500,0.05,0.01,True,315.77434036203687,88.15621306516556
13.5,1500,0.05,0.01,False,1000.0,82.7907209679681
13.5,1500,0.05,0.1,True,315.77434036203687,88.15621306516556
13.5,1500,0.05,0.1,False,1000.0,82.7907209679681
13.5,1500,0.06,0.0001,True,939.0690777671213,90.0
13.5,1500,0.06,0.0001,False,1000.0,90.0
13.5,1500,0.06,0.001,True,939.0690777671213,90.0
13.5,1500,0.06,0.001,False,1000.0,90.0
13.5,1500,0.06,0.01,True,939.0690777671213,90.0
13.5,1500,0.06,0.01,False,1000.0,90.0
13.5,1500,0.06,0.1,True,939.0690777671213,90.0
13.5,1500,0.06,0.1,False,1000.0,90.0
13.5,1500,0.07,0.0001,True,1000.0,90.0
13.5,1500,0.07,0.0001,False,1000.0,90.0
13.5,1500,0.07,0.001,True,1000.0,90.0
13.5,1500,0.07,0.001,False,1000.0,90.0
13.5,1500,0.07,0.01,True,1000.0,90.0
13.5,1500,0.07,0.01,False,1000.0,90.0
13.5,1500,0.07,0.1,True,1000.0,90.0
13.5,1500,0.07,0.1,False,1000.0,90.0
13.5,1500,0.08,0.0001,True,1000.0,90.0
13.5,1500,0.08,0.0001,False,1000.0,90.0
13.5,1500,0.08,0.001,True,1000.0,90.0
13.5,1500,0.08,0.001,False,1000.0,90.0
13.5,1500,0.08,0.01,True,1000.0,90.0
13.5,1500,0.08,0.01,False,1000.0,90.0
13.5,1500,0.08,0.1,True,1000.0,90.0
13.5,1500,0.08,0.1,False,1000.0,90.0
13.5,1500,0.09,0.0001,True,1000.0,90.0
13.5,1500,0.09,0.0001,False,1000.0,90.0
13.5,1500,0.09,0.001,True,1000.0,90.0
13.5,1500,0.09,0.001,False,1000.0,90.0
13.5,1500,0.09,0.01,True,1000.0,90.0
13.5,1500,0.09,0.01,False,1000.0,90.0
13.5,1500,0.09,0.1,True,1000.0,90.0
13.5,1500,0.09,0.1,False,1000.0,90.0
13.5,1500,0.1,0.0001,True,1000.0,90.0
13.5,1500,0.1,0.0001,False,1000.0,90.0
13.5,1500,0.1,0.001,True,1000.0,90.0
13.5,1500,0.1,0.001,False,1000.0,90.0
13.5,1500,0.1,0.01,True,1000.0,90.0
13.5,1500,0.1,0.01,False,1000.0,90.0
13.5,1500,0.1,0.1,True,1000.0,90.0
13.5,1500,0.1,0.1,False,1000.0,90.0
13.5,1500,0.1,0.0001,True,1000.0,90.0
13.5,1500,0.1,0.0001,False,1000.0,90.0
13.5,1500,0.1,0.001,True,1000.0,90.0
13.5,1500,0.1,0.001,False,1000.0,90.0
13.5,1500,0.1,0.01,True,1000.0,90.0
13.5,1500,0.1,0.01,False,1000.0,90.0
13.5,1500,0.1,0.1,True,1000.0,90.0
13.5,1500,0.1,0.1,False,1000.0,90.0
13.5,1500,0.2,0.0001,True,1000.0,90.0
13.5,1500,0.2,0.0001,False,1000.0,90.0
13.5,1500,0.2,0.001,True,1000.0,90.0
13.5,1500,0.2,0.001,False,1000.0,90.0
13.5,1500,0.2,0.01,True,1000.0,90.0
13.5,1500,0.2,0.01,False,1000.0,90.0
13.5,1500,0.2,0.1,True,1000.0,90.0
13.5,1500,0.2,0.1,False,1000.0,90.0
13.5,1500,0.30000000000000004,0.0001,True,1000.0,90.0
13.5,1500,0.30000000000000004,0.0001,False,1000.0,90.0
13.5,1500,0.30000000000000004,0.001,True,1000.0,90.0
13.5,1500,0.30000000000000004,0.001,False,1000.0,90.0
13.5,1500,0.30000000000000004,0.01,True,1000.0,90.0
13.5,1500,0.30000000000000004,0.01,False,1000.0,90.0
13.5,1500,0.30000000000000004,0.1,True,1000.0,90.0
13.5,1500,0.30000000000000004,0.1,False,1000.0,90.0
13.5,1500,0.4,0.0001,True,1000.0,90.0
13.5,1500,0.4,0.0001,False,1000.0,90.0
13.5,1500,0.4,0.001,True,1000.0,90.0
13.5,1500,0.4,0.001,False,1000.0,90.0
13.5,1500,0.4,0.01,True,1000.0,90.0
13.5,1500,0.4,0.01,False,1000.0,90.0
13.5,1500,0.4,0.1,True,1000.0,90.0
13.5,1500,0.4,0.1,False,1000.0,90.0
13.5,2000,0.001,0.0001,True,1.0020287024681391,5.69061880245998
13.5,2000,0.001,0.0001,False,1.0021581168202107,7.1353592820368945
13.5,2000,0.001,0.001,True,1.0020287024681391,5.69061880245998
13.5,2000,0.001,0.001,False,1.0021581168202107,7.1353592820368945
13.5,2000,0.001,0.01,True,1.0020287024681391,5.69061880245998
13.5,2000,0.001,0.01,False,1.0021581168202107,7.1353592820368945
13.5,2000,0.001,0.1,True,1.0020287024681391,5.69061880245998
13.5,2000,0.001,0.1,False,1.0021581168202107,7.1353592820368945
13.5,2000,0.002,0.0001,True,1.0049450119455485,3.2073959814900093
13.5,2000,0.002,0.0001,False,1.0052046260417404,3.4309581522065713
13.5,2000,0.002,0.001,True,1.0049450119455485,3.2073959814900093
13.5,2000,0.002,0.001,False,1.0052046260417404,3.4309581522065713
13.5,2000,0.002,0.01,True,1.0049450119455485,3.2073959814900093
13.5,2000,0.002,0.01,False,1.0052046260417404,3.4309581522065713
13.5,2000,0.002,0.1,True,1.0049450119455485,3.2073959814900093
13.5,2000,0.002,0.1,False,1.0052046260417404,3.4309581522065713
13.5,2000,0.003,0.0001,True,1.0078679136654616,2.0919890222159907
13.5,2000,0.003,0.0001,False,1.0082585157614343,3.0607584286544167
13.5,2000,0.003,0.001,True,1.0078679136654616,2.0919890222159907
13.5,2000,0.003,0.001,False,1.0082585157614343,3.0607584286544167
13.5,2000,0.003,0.01,True,1.0078679136654616,2.0919890222159907
13.5,2000,0.003,0.01,False,1.0082585157614343,3.0607584286544167
13.5,2000,0.003,0.1,True,1.0078679136654616,2.0919890222159907
13.5,2000,0.003,0.1,False,1.0082585157614343,3.0607584286544167
13.5,2000,0.004,0.0001,True,1.0107974261491468,2.8828702498046823
13.5,2000,0.004,0.0001,False,1.0113198073735532,5.618501973196572
13.5,2000,0.004,0.001,True,1.0107974261491468,2.8828702498046823
13.5,2000,0.004,0.001,False,1.0113198073735532,5.618501973196572
13.5,2000,0.004,0.01,True,1.0107974261491468,2.8828702498046823
13.5,2000,0.004,0.01,False,1.0113198073735532,5.618501973196572
13.5,2000,0.004,0.1,True,1.0107974261491468,2.8828702498046823
13.5,2000,0.004,0.1,False,1.0113198073735532,5.618501973196572
13.5,2000,0.005,0.0001,True,1.013733567991313,4.108856347282597
13.5,2000,0.005,0.0001,False,1.0143885223549436,5.998317273983851
13.5,2000,0.005,0.001,True,1.013733567991313,4.108856347282597
13.5,2000,0.005,0.001,False,1.0143885223549436,5.998317273983851
13.5,2000,0.005,0.01,True,1.013733567991313,4.108856347282597
13.5,2000,0.005,0.01,False,1.0143885223549436,5.998317273983851
13.5,2000,0.005,0.1,True,1.013733567991313,4.108856347282597
13.5,2000,0.005,0.1,False,1.0143885223549436,5.998317273983851
13.5,2000,0.006,0.0001,True,1.0166763578600986,5.717061639856567
13.5,2000,0.006,0.0001,False,1.0174646822655617,7.361325347062241
13.5,2000,0.006,0.001,True,1.0166763578600986,5.717061639856567
13.5,2000,0.006,0.001,False,1.0174646822655617,7.361325347062241
13.5,2000,0.006,0.01,True,1.0166763578600986,5.717061639856567
13.5,2000,0.006,0.01,False,1.0174646822655617,7.361325347062241
13.5,2000,0.006,0.1,True,1.0166763578600986,5.717061639856567
13.5,2000,0.006,0.1,False,1.0174646822655617,7.361325347062241
13.5,2000,0.007,0.0001,True,1.0196258144977177,4.671367615537164
13.5,2000,0.007,0.0001,False,2.459041353179147,10.25080630621607
13.5,2000,0.007,0.001,True,1.0196258144977177,4.671367615537164
13.5,2000,0.007,0.001,False,2.459041353179147,10.25080630621607
13.5,2000,0.007,0.01,True,1.0196258144977177,4.671367615537164
13.5,2000,0.007,0.01,False,2.459041353179147,10.25080630621607
13.5,2000,0.007,0.1,True,1.0196258144977177,4.671367615537164
13.5,2000,0.007,0.1,False,2.459041353179147,10.25080630621607
13.5,2000,0.008,0.0001,True,1.3105726926380379,4.455017127746949
13.5,2000,0.008,0.0001,False,4.74754857948529,10.106572647689255
13.5,2000,0.008,0.001,True,1.3105726926380379,4.455017127746949
13.5,2000,0.008,0.001,False,4.74754857948529,10.106572647689255
13.5,2000,0.008,0.01,True,1.3105726926380379,4.455017127746949
13.5,2000,0.008,0.01,False,4.74754857948529,10.106572647689255
13.5,2000,0.008,0.1,True,1.3105726926380379,4.455017127746949
13.5,2000,0.008,0.1,False,4.74754857948529,10.106572647689255
13.5,2000,0.009000000000000001,0.0001,True,2.070067081911944,5.15695426591077
13.5,2000,0.009000000000000001,0.0001,False,7.817869935952945,9.82050922494441
13.5,2000,0.009000000000000001,0.001,True,2.070067081911944,5.15695426591077
13.5,2000,0.009000000000000001,0.001,False,7.817869935952945,9.82050922494441
13.5,2000,0.009000000000000001,0.01,True,2.070067081911944,5.15695426591077
13.5,2000,0.009000000000000001,0.01,False,7.817869935952945,9.82050922494441
13.5,2000,0.009000000000000001,0.1,True,2.070067081911944,5.15695426591077
13.5,2000,0.009000000000000001,0.1,False,7.817869935952945,9.82050922494441
13.5,2000,0.01,0.0001,True,3.080539215846498,5.784370680502413
13.5,2000,0.01,0.0001,False,11.744123504837154,9.637813257477113
13.5,2000,0.01,0.001,True,3.080539215846498,5.784370680502413
13.5,2000,0.01,0.001,False,11.744123504837154,9.637813257477113
13.5,2000,0.01,0.01,True,3.080539215846498,5.784370680502413
13.5,2000,0.01,0.01,False,11.744123504837154,9.637813257477113
13.5,2000,0.01,0.1,True,3.080539215846498,5.784370680502413
13.5,2000,0.01,0.1,False,11.744123504837154,9.637813257477113
13.5,2000,0.01,0.0001,True,3.080539215846498,5.784370680502413
13.5,2000,0.01,0.0001,False,11.744123504837154,9.637813257477113
13.5,2000,0.01,0.001,True,3.080539215846498,5.784370680502413
13.5,2000,0.01,0.001,False,11.744123504837154,9.637813257477113
13.5,2000,0.01,0.01,True,3.080539215846498,5.784370680502413
13.5,2000,0.01,0.01,False,11.744123504837154,9.637813257477113
13.5,2000,0.01,0.1,True,3.080539215846498,5.784370680502413
13.5,2000,0.01,0.1,False,11.744123504837154,9.637813257477113
13.5,2000,0.02,0.0001,True,22.586453909561914,45.02073358841322
13.5,2000,0.02,0.0001,False,87.71200693307125,42.700975580440314
13.5,2000,0.02,0.001,True,22.586453909561914,45.02073358841322
13.5,2000,0.02,0.001,False,87.71200693307125,42.700975580440314
13.5,2000,0.02,0.01,True,22.586453909561914,45.02073358841322
13.5,2000,0.02,0.01,False,87.71200693307125,42.700975580440314
13.5,2000,0.02,0.1,True,22.586453909561914,45.02073358841322
13.5,2000,0.02,0.1,False,87.71200693307125,42.700975580440314
13.5,2000,0.03,0.0001,True,52.08611439625971,62.023478034415746
13.5,2000,0.03,0.0001,False,249.06966788963172,35.58304453214207
13.5,2000,0.03,0.001,True,52.08611439625971,62.023478034415746
13.5,2000,0.03,0.001,False,249.06966788963172,35.58304453214207
13.5,2000,0.03,0.01,True,52.08611439625971,62.023478034415746
13.5,2000,0.03,0.01,False,249.06966788963172,35.58304453214207
13.5,2000,0.03,0.1,True,52.08611439625971,62.023478034415746
13.5,2000,0.03,0.1,False,249.06966788963172,35.58304453214207
13.5,2000,0.04,0.0001,True,108.885983956341,90.0
13.5,2000,0.04,0.0001,False,719.5199548270883,74.2328572287105
13.5,2000,0.04,0.001,True,108.885983956341,90.0
13.5,2000,0.04,0.001,False,719.5199548270883,74.2328572287105
13.5,2000,0.04,0.01,True,108.885983956341,90.0
13.5,2000,0.04,0.01,False,719.5199548270883,74.2328572287105
13.5,2000,0.04,0.1,True,108.885983956341,90.0
13.5,2000,0.04,0.1,False,719.5199548270883,74.2328572287105
13.5,2000,0.05,0.0001,True,341.56142660968555,88.52881668302649
13.5,2000,0.05,0.0001,False,1000.0,68.11254231855605
13.5,2000,0.05,0.001,True,341.56142660968555,88.52881668302649
13.5,2000,0.05,0.001,False,1000.0,68.11254231855605
13.5,2000,0.05,0.01,True,341.56142660968555,88.52881668302649
13.5,2000,0.05,0.01,False,1000.0,68.11254231855605
13.5,2000,0.05,0.1,True,341.56142660968555,88.52881668302649
13.5,2000,0.05,0.1,False,1000.0,68.11254231855605
13.5,2000,0.06,0.0001,True,1000.0,89.98317273983852
13.5,2000,0.06,0.0001,False,1000.0,90.0
13.5,2000,0.06,0.001,True,1000.0,89.98317273983852
13.5,2000,0.06,0.001,False,1000.0,90.0
13.5,2000,0.06,0.01,True,1000.0,89.98317273983852
13.5,2000,0.06,0.01,False,1000.0,90.0
13.5,2000,0.06,0.1,True,1000.0,89.98317273983852
13.5,2000,0.06,0.1,False,1000.0,90.0
13.5,2000,0.07,0.0001,True,1000.0,89.95432600813317
13.5,2000,0.07,0.0001,False,1000.0,90.0
13.5,2000,0.07,0.001,True,1000.0,89.95432600813317
13.5,2000,0.07,0.001,False,1000.0,90.0
13.5,2000,0.07,0.01,True,1000.0,89.95432600813317
13.5,2000,0.07,0.01,False,1000.0,90.0
13.5,2000,0.07,0.1,True,1000.0,89.95432600813317
13.5,2000,0.07,0.1,False,1000.0,90.0
13.5,2000,0.08,0.0001,True,1000.0,89.98557663414731
13.5,2000,0.08,0.0001,False,1000.0,90.0
13.5,2000,0.08,0.001,True,1000.0,89.98557663414731
13.5,2000,0.08,0.001,False,1000.0,90.0
13.5,2000,0.08,0.01,True,1000.0,89.98557663414731
13.5,2000,0.08,0.01,False,1000.0,90.0
13.5,2000,0.08,0.1,True,1000.0,89.98557663414731
13.5,2000,0.08,0.1,False,1000.0,90.0
13.5,2000,0.09,0.0001,True,1000.0,90.0
13.5,2000,0.09,0.0001,False,1000.0,90.0
13.5,2000,0.09,0.001,True,1000.0,90.0
13.5,2000,0.09,0.001,False,1000.0,90.0
13.5,2000,0.09,0.01,True,1000.0,90.0
13.5,2000,0.09,0.01,False,1000.0,90.0
13.5,2000,0.09,0.1,True,1000.0,90.0
13.5,2000,0.09,0.1,False,1000.0,90.0
13.5,2000,0.1,0.0001,True,1000.0,81.34117269977362
13.5,2000,0.1,0.0001,False,1000.0,90.0
13.5,2000,0.1,0.001,True,1000.0,81.34117269977362
13.5,2000,0.1,0.001,False,1000.0,90.0
13.5,2000,0.1,0.01,True,1000.0,81.34117269977362
13.5,2000,0.1,0.01,False,1000.0,90.0
13.5,2000,0.1,0.1,True,1000.0,81.34117269977362
13.5,2000,0.1,0.1,False,1000.0,90.0
13.5,2000,0.1,0.0001,True,1000.0,81.34117269977362
13.5,2000,0.1,0.0001,False,1000.0,90.0
13.5,2000,0.1,0.001,True,1000.0,81.34117269977362
13.5,2000,0.1,0.001,False,1000.0,90.0
13.5,2000,0.1,0.01,True,1000.0,81.34117269977362
13.5,2000,0.1,0.01,False,1000.0,90.0
13.5,2000,0.1,0.1,True,1000.0,81.34117269977362
13.5,2000,0.1,0.1,False,1000.0,90.0
13.5,2000,0.2,0.0001,True,1000.0,90.0
13.5,2000,0.2,0.0001,False,1000.0,90.0
13.5,2000,0.2,0.001,True,1000.0,90.0
13.5,2000,0.2,0.001,False,1000.0,90.0
13.5,2000,0.2,0.01,True,1000.0,90.0
13.5,2000,0.2,0.01,False,1000.0,90.0
13.5,2000,0.2,0.1,True,1000.0,90.0
13.5,2000,0.2,0.1,False,1000.0,90.0
13.5,2000,0.30000000000000004,0.0001,True,1000.0,90.0
13.5,2000,0.30000000000000004,0.0001,False,1000.0,90.0
13.5,2000,0.30000000000000004,0.001,True,1000.0,90.0
13.5,2000,0.30000000000000004,0.001,False,1000.0,90.0
13.5,2000,0.30000000000000004,0.01,True,1000.0,90.0
13.5,2000,0.30000000000000004,0.01,False,1000.0,90.0
13.5,2000,0.30000000000000004,0.1,True,1000.0,90.0
13.5,2000,0.30000000000000004,0.1,False,1000.0,90.0
13.5,2000,0.4,0.0001,True,1000.0,90.0
13.5,2000,0.4,0.0001,False,1000.0,90.0
13.5,2000,0.4,0.001,True,1000.0,90.0
13.5,2000,0.4,0.001,False,1000.0,90.0
13.5,2000,0.4,0.01,True,1000.0,90.0
13.5,2000,0.4,0.01,False,1000.0,90.0
13.5,2000,0.4,0.1,True,1000.0,90.0
13.5,2000,0.4,0.1,False,1000.0,90.0
14.0,200,0.001,0.0001,True,0.9947688813256057,16.49371982611831
14.0,200,0.001,0.0001,False,0.9965595739522926,49.9943909132795
14.0,200,0.001,0.001,True,0.9947688813256057,16.49371982611831
14.0,200,0.001,0.001,False,0.9965595739522926,49.9943909132795
14.0,200,0.001,0.01,True,0.9947688813256057,16.49371982611831
14.0,200,0.001,0.01,False,0.9965595739522926,49.9943909132795
14.0,200,0.001,0.1,True,0.9947688813256057,16.49371982611831
14.0,200,0.001,0.1,False,0.9965595739522926,49.9943909132795
14.0,200,0.002,0.0001,True,0.9927265074293617,8.2050922494441
14.0,200,0.002,0.0001,False,0.9954680094686972,22.606823053346417
14.0,200,0.002,0.001,True,0.9927265074293617,8.2050922494441
14.0,200,0.002,0.001,False,0.9954680094686972,22.606823053346417
14.0,200,0.002,0.01,True,0.9927265074293617,8.2050922494441
14.0,200,0.002,0.01,False,0.9954680094686972,22.606823053346417
14.0,200,0.002,0.1,True,0.9927265074293617,8.2050922494441
14.0,200,0.002,0.1,False,0.9954680094686972,22.606823053346417
14.0,200,0.003,0.0001,True,0.9927472040962636,5.024740078927863
14.0,200,0.003,0.0001,False,0.994735146108027,14.029728159618578
14.0,200,0.003,0.001,True,0.9927472040962636,5.024740078927863
14.0,200,0.003,0.001,False,0.994735146108027,14.029728159618578
14.0,200,0.003,0.01,True,0.9927472040962636,5.024740078927863
14.0,200,0.003,0.01,False,0.994735146108027,14.029728159618578
14.0,200,0.003,0.1,True,0.9927472040962636,5.024740078927863
14.0,200,0.003,0.1,False,0.994735146108027,14.029728159618578
14.0,200,0.004,0.0001,True,0.9927677802631997,4.500691119613769
14.0,200,0.004,0.0001,False,0.9940020854953792,10.171477794026316
14.0,200,0.004,0.001,True,0.9927677802631997,4.500691119613769
14.0,200,0.004,0.001,False,0.9940020854953792,10.171477794026316
14.0,200,0.004,0.01,True,0.9927677802631997,4.500691119613769
14.0,200,0.004,0.01,False,0.9940020854953792,10.171477794026316
14.0,200,0.004,0.1,True,0.9927677802631997,4.500691119613769
14.0,200,0.004,0.1,False,0.9940020854953792,10.171477794026316
14.0,200,0.005,0.0001,True,0.9927882359307081,3.2458582904304976
14.0,200,0.005,0.0001,False,0.9932688281445181,8.003165127506556
14.0,200,0.005,0.001,True,0.9927882359307081,3.2458582904304976
14.0,200,0.005,0.001,False,0.9932688281445181,8.003165127506556
14.0,200,0.005,0.01,True,0.9927882359307081,3.2458582904304976
14.0,200,0.005,0.01,False,0.9932688281445181,8.003165127506556
14.0,200,0.005,0.1,True,0.9927882359307081,3.2458582904304976
14.0,200,0.005,0.1,False,0.9932688281445181,8.003165127506556
14.0,200,0.006,0.0001,True,0.9928085710993713,3.142490835152948
14.0,200,0.006,0.0001,False,0.9931280116967496,6.693042729221332
14.0,200,0.006,0.001,True,0.9928085710993713,3.142490835152948
14.0,200,0.006,0.001,False,0.9931280116967496,6.693042729221332
14.0,200,0.006,0.01,True,0.9928085710993713,3.142490835152948
14.0,200,0.006,0.01,False,0.9931280116967496,6.693042729221332
14.0,200,0.006,0.1,True,0.9928085710993713,3.142490835152948
14.0,200,0.006,0.1,False,0.9931280116967496,6.693042729221332
14.0,200,0.007,0.0001,True,0.9928287857698144,3.0703740058895406
14.0,200,0.007,0.0001,False,0.9932018573423006,5.839660249604357
14.0,200,0.007,0.001,True,0.9928287857698144,3.0703740058895406
14.0,200,0.007,0.001,False,0.9932018573423006,5.839660249604357
14.0,200,0.007,0.01,True,0.9928287857698144,3.0703740058895406
14.0,200,0.007,0.01,False,0.9932018573423006,5.839660249604357
14.0,200,0.007,0.1,True,0.9928287857698144,3.0703740058895406
14.0,200,0.007,0.1,False,0.9932018573423006,5.839660249604357
14.0,200,0.008,0.0001,True,0.9928488799426641,3.1977804042548925
14.0,200,0.008,0.0001,False,0.9932756941642641,4.906949257797628
14.0,200,0.008,0.001,True,0.9928488799426641,3.1977804042548925
14.0,200,0.008,0.001,False,0.9932756941642641,4.906949257797628
14.0,200,0.008,0.01,True,0.9928488799426641,3.1977804042548925
14.0,200,0.008,0.01,False,0.9932756941642641,4.906949257797628
14.0,200,0.008,0.1,True,0.9928488799426641,3.1977804042548925
14.0,200,0.008,0.1,False,0.9932756941642641,4.906949257797628
14.0,200,0.009000000000000001,0.0001,True,0.9928688536185271,4.450209339129387
14.0,200,0.009000000000000001,0.0001,False,0.9933495221613866,4.736272761874233
14.0,200,0.009000000000000001,0.001,True,0.9928688536185271,4.450209339129387
14.0,200,0.009000000000000001,0.001,False,0.9933495221613866,4.736272761874233
14.0,200,0.009000000000000001,0.01,True,0.9928688536185271,4.450209339129387
14.0,200,0.009000000000000001,0.01,False,0.9933495221613866,4.736272761874233
14.0,200,0.009000000000000001,0.1,True,0.9928688536185271,4.450209339129387
14.0,200,0.009000000000000001,0.1,False,0.9933495221613866,4.736272761874233
14.0,200,0.01,0.0001,True,0.9928887067980875,7.582483623470019
14.0,200,0.01,0.0001,False,1.1398800146854682,4.87810252609227
14.0,200,0.01,0.001,True,0.9928887067980875,7.582483623470019
14.0,200,0.01,0.001,False,1.1398800146854682,4.87810252609227
14.0,200,0.01,0.01,True,0.9928887067980875,7.582483623470019
14.0,200,0.01,0.01,False,1.1398800146854682,4.87810252609227
14.0,200,0.01,0.1,True,0.9928887067980875,7.582483623470019
14.0,200,0.01,0.1,False,1.1398800146854682,4.87810252609227
14.0,200,0.01,0.0001,True,0.9928887067980875,7.582483623470019
14.0,200,0.01,0.0001,False,1.1398800146854682,4.87810252609227
14.0,200,0.01,0.001,True,0.9928887067980875,7.582483623470019
14.0,200,0.01,0.001,False,1.1398800146854682,4.87810252609227
14.0,200,0.01,0.01,True,0.9928887067980875,7.582483623470019
14.0,200,0.01,0.01,False,1.1398800146854682,4.87810252609227
14.0,200,0.01,0.1,True,0.9928887067980875,7.582483623470019
14.0,200,0.01,0.1,False,1.1398800146854682,4.87810252609227
14.0,200,0.02,0.0001,True,3.180346168293287,15.955247500951536
14.0,200,0.02,0.0001,False,3.446301358448648,12.738836915803596
14.0,200,0.02,0.001,True,3.180346168293287,15.955247500951536
14.0,200,0.02,0.001,False,3.446301358448648,12.738836915803596
14.0,200,0.02,0.01,True,3.180346168293287,15.955247500951536
14.0,200,0.02,0.01,False,3.446301358448648,12.738836915803596
14.0,200,0.02,0.1,True,3.180346168293287,15.955247500951536
14.0,200,0.02,0.1,False,3.446301358448648,12.738836915803596
14.0,200,0.03,0.0001,True,1000.0,89.98076884552975
14.0,200,0.03,0.0001,False,1000.0,90.0
14.0,200,0.03,0.001,True,1000.0,89.98076884552975
14.0,200,0.03,0.001,False,1000.0,90.0
14.0,200,0.03,0.01,True,1000.0,89.98076884552975
14.0,200,0.03,0.01,False,1000.0,90.0
14.0,200,0.03,0.1,True,1000.0,89.98076884552975
14.0,200,0.03,0.1,False,1000.0,90.0
14.0,200,0.04,0.0001,True,1000.0,90.0
14.0,200,0.04,0.0001,False,1000.0,90.0
14.0,200,0.04,0.001,True,1000.0,90.0
14.0,200,0.04,0.001,False,1000.0,90.0
14.0,200,0.04,0.01,True,1000.0,90.0
14.0,200,0.04,0.01,False,1000.0,90.0
14.0,200,0.04,0.1,True,1000.0,90.0
14.0,200,0.04,0.1,False,1000.0,90.0
14.0,200,0.05,0.0001,True,1000.0,90.0
14.0,200,0.05,0.0001,False,1000.0,90.0
14.0,200,0.05,0.001,True,1000.0,90.0
14.0,200,0.05,0.001,False,1000.0,90.0
14.0,200,0.05,0.01,True,1000.0,90.0
14.0,200,0.05,0.01,False,1000.0,90.0
14.0,200,0.05,0.1,True,1000.0,90.0
14.0,200,0.05,0.1,False,1000.0,90.0
14.0,200,0.06,0.0001,True,1000.0,90.0
14.0,200,0.06,0.0001,False,1000.0,90.0
14.0,200,0.06,0.001,True,1000.0,90.0
14.0,200,0.06,0.001,False,1000.0,90.0
14.0,200,0.06,0.01,True,1000.0,90.0
14.0,200,0.06,0.01,False,1000.0,90.0
14.0,200,0.06,0.1,True,1000.0,90.0
14.0,200,0.06,0.1,False,1000.0,90.0
14.0,200,0.07,0.0001,True,1000.0,90.0
14.0,200,0.07,0.0001,False,1000.0,90.0
14.0,200,0.07,0.001,True,1000.0,90.0
14.0,200,0.07,0.001,False,1000.0,90.0
14.0,200,0.07,0.01,True,1000.0,90.0
14.0,200,0.07,0.01,False,1000.0,90.0
14.0,200,0.07,0.1,True,1000.0,90.0
14.0,200,0.07,0.1,False,1000.0,90.0
14.0,200,0.08,0.0001,True,1000.0,90.0
14.0,200,0.08,0.0001,False,1000.0,90.0
14.0,200,0.08,0.001,True,1000.0,90.0
14.0,200,0.08,0.001,False,1000.0,90.0
14.0,200,0.08,0.01,True,1000.0,90.0
14.0,200,0.08,0.01,False,1000.0,90.0
14.0,200,0.08,0.1,True,1000.0,90.0
14.0,200,0.08,0.1,False,1000.0,90.0
14.0,200,0.09,0.0001,True,1000.0,90.0
14.0,200,0.09,0.0001,False,1000.0,90.0
14.0,200,0.09,0.001,True,1000.0,90.0
14.0,200,0.09,0.001,False,1000.0,90.0
14.0,200,0.09,0.01,True,1000.0,90.0
14.0,200,0.09,0.01,False,1000.0,90.0
14.0,200,0.09,0.1,True,1000.0,90.0
14.0,200,0.09,0.1,False,1000.0,90.0
14.0,200,0.1,0.0001,True,1000.0,90.0
14.0,200,0.1,0.0001,False,1000.0,90.0
14.0,200,0.1,0.001,True,1000.0,90.0
14.0,200,0.1,0.001,False,1000.0,90.0
14.0,200,0.1,0.01,True,1000.0,90.0
14.0,200,0.1,0.01,False,1000.0,90.0
14.0,200,0.1,0.1,True,1000.0,90.0
14.0,200,0.1,0.1,False,1000.0,90.0
14.0,200,0.1,0.0001,True,1000.0,90.0
14.0,200,0.1,0.0001,False,1000.0,90.0
14.0,200,0.1,0.001,True,1000.0,90.0
14.0,200,0.1,0.001,False,1000.0,90.0
14.0,200,0.1,0.01,True,1000.0,90.0
14.0,200,0.1,0.01,False,1000.0,90.0
14.0,200,0.1,0.1,True,1000.0,90.0
14.0,200,0.1,0.1,False,1000.0,90.0
14.0,200,0.2,0.0001,True,1000.0,90.0
14.0,200,0.2,0.0001,False,1000.0,90.0
14.0,200,0.2,0.001,True,1000.0,90.0
14.0,200,0.2,0.001,False,1000.0,90.0
14.0,200,0.2,0.01,True,1000.0,90.0
14.0,200,0.2,0.01,False,1000.0,90.0
14.0,200,0.2,0.1,True,1000.0,90.0
14.0,200,0.2,0.1,False,1000.0,90.0
14.0,200,0.30000000000000004,0.0001,True,1000.0,90.0
14.0,200,0.30000000000000004,0.0001,False,1000.0,90.0
14.0,200,0.30000000000000004,0.001,True,1000.0,90.0
14.0,200,0.30000000000000004,0.001,False,1000.0,90.0
14.0,200,0.30000000000000004,0.01,True,1000.0,90.0
14.0,200,0.30000000000000004,0.01,False,1000.0,90.0
14.0,200,0.30000000000000004,0.1,True,1000.0,90.0
14.0,200,0.30000000000000004,0.1,False,1000.0,90.0
14.0,200,0.4,0.0001,True,1000.0,90.0
14.0,200,0.4,0.0001,False,1000.0,90.0
14.0,200,0.4,0.001,True,1000.0,90.0
14.0,200,0.4,0.001,False,1000.0,90.0
14.0,200,0.4,0.01,True,1000.0,90.0
14.0,200,0.4,0.01,False,1000.0,90.0
14.0,200,0.4,0.1,True,1000.0,90.0
14.0,200,0.4,0.1,False,1000.0,90.0
14.0,400,0.001,0.0001,True,0.9975696738227717,4.923776517959091
14.0,400,0.001,0.0001,False,0.9985268497248623,7.243534525932006
14.0,400,0.001,0.001,True,0.9975696738227717,4.923776517959091
14.0,400,0.001,0.001,False,0.9985268497248623,7.243534525932006
14.0,400,0.001,0.01,True,0.9975696738227717,4.923776517959091
14.0,400,0.001,0.01,False,0.9985268497248623,7.243534525932006
14.0,400,0.001,0.1,True,0.9975696738227717,4.923776517959091
14.0,400,0.001,0.1,False,0.9985268497248623,7.243534525932006
14.0,400,0.002,0.0001,True,0.9963391337958362,3.3852841603397508
14.0,400,0.002,0.0001,False,0.9976923649050279,3.849235761934331
14.0,400,0.002,0.001,True,0.9963391337958362,3.3852841603397508
14.0,400,0.002,0.001,False,0.9976923649050279,3.849235761934331
14.0,400,0.002,0.01,True,0.9963391337958362,3.3852841603397508
14.0,400,0.002,0.01,False,0.9976923649050279,3.849235761934331
14.0,400,0.002,0.1,True,0.9963391337958362,3.3852841603397508
14.0,400,0.002,0.1,False,0.9976923649050279,3.849235761934331
14.0,400,0.003,0.0001,True,0.9960416757511448,21.085157955888533
14.0,400,0.003,0.0001,False,0.9968571642716307,29.40744005288567
14.0,400,0.003,0.001,True,0.9960416757511448,21.085157955888533
14.0,400,0.003,0.001,False,0.9968571642716307,29.40744005288567
14.0,400,0.003,0.01,True,0.9960416757511448,21.085157955888533
14.0,400,0.003,0.01,False,0.9968571642716307,29.40744005288567
14.0,400,0.003,0.1,True,0.9960416757511448,21.085157955888533
14.0,400,0.003,0.1,False,0.9968571642716307,29.40744005288567
14.0,400,0.004,0.0001,True,0.9957439153654554,14.88311063923556
14.0,400,0.004,0.0001,False,0.9967731818027015,18.823093411326347
14.0,400,0.004,0.001,True,0.9957439153654554,14.88311063923556
14.0,400,0.004,0.001,False,0.9967731818027015,18.823093411326347
14.0,400,0.004,0.01,True,0.9957439153654554,14.88311063923556
14.0,400,0.004,0.01,False,0.9967731818027015,18.823093411326347
14.0,400,0.004,0.1,True,0.9957439153654554,14.88311063923556
14.0,400,0.004,0.1,False,0.9967731818027015,18.823093411326347
14.0,400,0.005,0.0001,True,1.0082095088459435,16.897574069993382
14.0,400,0.005,0.0001,False,0.9967328981136925,14.332618842524887
14.0,400,0.005,0.001,True,1.0082095088459435,16.897574069993382
14.0,400,0.005,0.001,False,0.9967328981136925,14.332618842524887
14.0,400,0.005,0.01,True,1.0082095088459435,16.897574069993382
14.0,400,0.005,0.01,False,0.9967328981136925,14.332618842524887
14.0,400,0.005,0.1,True,1.0082095088459435,16.897574069993382
14.0,400,0.005,0.1,False,0.9967328981136925,14.332618842524887
14.0,400,0.006,0.0001,True,1.4007234435518214,26.993930166870328
14.0,400,0.006,0.0001,False,1.2713803369637637,12.73402912718604
14.0,400,0.006,0.001,True,1.4007234435518214,26.993930166870328
14.0,400,0.006,0.001,False,1.2713803369637637,12.73402912718604
14.0,400,0.006,0.01,True,1.4007234435518214,26.993930166870328
14.0,400,0.006,0.01,False,1.2713803369637637,12.73402912718604
14.0,400,0.006,0.1,True,1.4007234435518214,26.993930166870328
14.0,400,0.006,0.1,False,1.2713803369637637,12.73402912718604
14.0,400,0.007,0.0001,True,2.0832671410842645,30.419479556882145
14.0,400,0.007,0.0001,False,1.7514500888048259,13.356637753160115
14.0,400,0.007,0.001,True,2.0832671410842645,30.419479556882145
14.0,400,0.007,0.001,False,1.7514500888048259,13.356637753160115
14.0,400,0.007,0.01,True,2.0832671410842645,30.419479556882145
14.0,400,0.007,0.01,False,1.7514500888048259,13.356637753160115
14.0,400,0.007,0.1,True,2.0832671410842645,30.419479556882145
14.0,400,0.007,0.1,False,1.7514500888048259,13.356637753160115
14.0,400,0.008,0.0001,True,5.1314566684986795,33.739257597307635
14.0,400,0.008,0.0001,False,2.017890988530755,16.49371982611831
14.0,400,0.008,0.001,True,5.1314566684986795,33.739257597307635
14.0,400,0.008,0.001,False,2.017890988530755,16.49371982611831
14.0,400,0.008,0.01,True,5.1314566684986795,33.739257597307635
14.0,400,0.008,0.01,False,2.017890988530755,16.49371982611831
14.0,400,0.008,0.1,True,5.1314566684986795,33.739257597307635
14.0,400,0.008,0.1,False,2.017890988530755,16.49371982611831
14.0,400,0.009000000000000001,0.0001,True,42.86109087002437,89.99519221138243
14.0,400,0.009000000000000001,0.0001,False,2.1972662856106195,20.113984655141323
14.0,400,0.009000000000000001,0.001,True,42.86109087002437,89.99519221138243
14.0,400,0.009000000000000001,0.001,False,2.1972662856106195,20.113984655141323
14.0,400,0.009000000000000001,0.01,True,42.86109087002437,89.99519221138243
14.0,400,0.009000000000000001,0.01,False,2.1972662856106195,20.113984655141323
14.0,400,0.009000000000000001,0.1,True,42.86109087002437,89.99519221138243
14.0,400,0.009000000000000001,0.1,False,2.1972662856106195,20.113984655141323
14.0,400,0.01,0.0001,True,505.1709081054225,90.0
14.0,400,0.01,0.0001,False,2.8317049823290237,31.11901280073719
14.0,400,0.01,0.001,True,505.1709081054225,90.0
14.0,400,0.01,0.001,False,2.8317049823290237,31.11901280073719
14.0,400,0.01,0.01,True,505.1709081054225,90.0
14.0,400,0.01,0.01,False,2.8317049823290237,31.11901280073719
14.0,400,0.01,0.1,True,505.1709081054225,90.0
14.0,400,0.01,0.1,False,2.8317049823290237,31.11901280073719
14.0,400,0.01,0.0001,True,505.1709081054225,90.0
14.0,400,0.01,0.0001,False,2.8317049823290237,31.11901280073719
14.0,400,0.01,0.001,True,505.1709081054225,90.0
14.0,400,0.01,0.001,False,2.8317049823290237,31.11901280073719
14.0,400,0.01,0.01,True,505.1709081054225,90.0
14.0,400,0.01,0.01,False,2.8317049823290237,31.11901280073719
14.0,400,0.01,0.1,True,505.1709081054225,90.0
14.0,400,0.01,0.1,False,2.8317049823290237,31.11901280073719
14.0,400,0.02,0.0001,True,1000.0,90.0
14.0,400,0.02,0.0001,False,1000.0,90.0
14.0,400,0.02,0.001,True,1000.0,90.0
14.0,400,0.02,0.001,False,1000.0,90.0
14.0,400,0.02,0.01,True,1000.0,90.0
14.0,400,0.02,0.01,False,1000.0,90.0
14.0,400,0.02,0.1,True,1000.0,90.0
14.0,400,0.02,0.1,False,1000.0,90.0
14.0,400,0.03,0.0001,True,1000.0,90.0
14.0,400,0.03,0.0001,False,1000.0,90.0
14.0,400,0.03,0.001,True,1000.0,90.0
14.0,400,0.03,0.001,False,1000.0,90.0
14.0,400,0.03,0.01,True,1000.0,90.0
14.0,400,0.03,0.01,False,1000.0,90.0
14.0,400,0.03,0.1,True,1000.0,90.0
14.0,400,0.03,0.1,False,1000.0,90.0
14.0,400,0.04,0.0001,True,1000.0,90.0
14.0,400,0.04,0.0001,False,1000.0,90.0
14.0,400,0.04,0.001,True,1000.0,90.0
14.0,400,0.04,0.001,False,1000.0,90.0
14.0,400,0.04,0.01,True,1000.0,90.0
14.0,400,0.04,0.01,False,1000.0,90.0
14.0,400,0.04,0.1,True,1000.0,90.0
14.0,400,0.04,0.1,False,1000.0,90.0
14.0,400,0.05,0.0001,True,1000.0,90.0
14.0,400,0.05,0.0001,False,1000.0,90.0
14.0,400,0.05,0.001,True,1000.0,90.0
14.0,400,0.05,0.001,False,1000.0,90.0
14.0,400,0.05,0.01,True,1000.0,90.0
14.0,400,0.05,0.01,False,1000.0,90.0
14.0,400,0.05,0.1,True,1000.0,90.0
14.0,400,0.05,0.1,False,1000.0,90.0
14.0,400,0.06,0.0001,True,1000.0,90.0
14.0,400,0.06,0.0001,False,1000.0,90.0
14.0,400,0.06,0.001,True,1000.0,90.0
14.0,400,0.06,0.001,False,1000.0,90.0
14.0,400,0.06,0.01,True,1000.0,90.0
14.0,400,0.06,0.01,False,1000.0,90.0
14.0,400,0.06,0.1,True,1000.0,90.0
14.0,400,0.06,0.1,False,1000.0,90.0
14.0,400,0.07,0.0001,True,1000.0,90.0
14.0,400,0.07,0.0001,False,1000.0,90.0
14.0,400,0.07,0.001,True,1000.0,90.0
14.0,400,0.07,0.001,False,1000.0,90.0
14.0,400,0.07,0.01,True,1000.0,90.0
14.0,400,0.07,0.01,False,1000.0,90.0
14.0,400,0.07,0.1,True,1000.0,90.0
14.0,400,0.07,0.1,False,1000.0,90.0
14.0,400,0.08,0.0001,True,1000.0,90.0
14.0,400,0.08,0.0001,False,1000.0,90.0
14.0,400,0.08,0.001,True,1000.0,90.0
14.0,400,0.08,0.001,False,1000.0,90.0
14.0,400,0.08,0.01,True,1000.0,90.0
14.0,400,0.08,0.01,False,1000.0,90.0
14.0,400,0.08,0.1,True,1000.0,90.0
14.0,400,0.08,0.1,False,1000.0,90.0
14.0,400,0.09,0.0001,True,1000.0,90.0
14.0,400,0.09,0.0001,False,1000.0,90.0
14.0,400,0.09,0.001,True,1000.0,90.0
14.0,400,0.09,0.001,False,1000.0,90.0
14.0,400,0.09,0.01,True,1000.0,90.0
14.0,400,0.09,0.01,False,1000.0,90.0
14.0,400,0.09,0.1,True,1000.0,90.0
14.0,400,0.09,0.1,False,1000.0,90.0
14.0,400,0.1,0.0001,True,1000.0,90.0
14.0,400,0.1,0.0001,False,1000.0,90.0
14.0,400,0.1,0.001,True,1000.0,90.0
14.0,400,0.1,0.001,False,1000.0,90.0
14.0,400,0.1,0.01,True,1000.0,90.0
14.0,400,0.1,0.01,False,1000.0,90.0
14.0,400,0.1,0.1,True,1000.0,90.0
14.0,400,0.1,0.1,False,1000.0,90.0
14.0,400,0.1,0.0001,True,1000.0,90.0
14.0,400,0.1,0.0001,False,1000.0,90.0
14.0,400,0.1,0.001,True,1000.0,90.0
14.0,400,0.1,0.001,False,1000.0,90.0
14.0,400,0.1,0.01,True,1000.0,90.0
14.0,400,0.1,0.01,False,1000.0,90.0
14.0,400,0.1,0.1,True,1000.0,90.0
14.0,400,0.1,0.1,False,1000.0,90.0
14.0,400,0.2,0.0001,True,1000.0,90.0
14.0,400,0.2,0.0001,False,1000.0,90.0
14.0,400,0.2,0.001,True,1000.0,90.0
14.0,400,0.2,0.001,False,1000.0,90.0
14.0,400,0.2,0.01,True,1000.0,90.0
14.0,400,0.2,0.01,False,1000.0,90.0
14.0,400,0.2,0.1,True,1000.0,90.0
14.0,400,0.2,0.1,False,1000.0,90.0
14.0,400,0.30000000000000004,0.0001,True,1000.0,90.0
14.0,400,0.30000000000000004,0.0001,False,1000.0,90.0
14.0,400,0.30000000000000004,0.001,True,1000.0,90.0
14.0,400,0.30000000000000004,0.001,False,1000.0,90.0
14.0,400,0.30000000000000004,0.01,True,1000.0,90.0
14.0,400,0.30000000000000004,0.01,False,1000.0,90.0
14.0,400,0.30000000000000004,0.1,True,1000.0,90.0
14.0,400,0.30000000000000004,0.1,False,1000.0,90.0
14.0,400,0.4,0.0001,True,1000.0,90.0
14.0,400,0.4,0.0001,False,1000.0,90.0
14.0,400,0.4,0.001,True,1000.0,90.0
14.0,400,0.4,0.001,False,1000.0,90.0
14.0,400,0.4,0.01,True,1000.0,90.0
14.0,400,0.4,0.01,False,1000.0,90.0
14.0,400,0.4,0.1,True,1000.0,90.0
14.0,400,0.4,0.1,False,1000.0,90.0
14.0,600,0.001,0.0001,True,0.9998769090417758,6.137743143893104
14.0,600,0.001,0.0001,False,0.9993897440103935,7.671427712894889
14.0,600,0.001,0.001,True,0.9998769090417758,6.137743143893104
14.0,600,0.001,0.001,False,0.9993897440103935,7.671427712894889
14.0,600,0.001,0.01,True,0.9998769090417758,6.137743143893104
14.0,600,0.001,0.01,False,0.9993897440103935,7.671427712894889
14.0,600,0.001,0.1,True,0.9998769090417758,6.137743143893104
14.0,600,0.001,0.1,False,0.9993897440103935,7.671427712894889
14.0,600,0.002,0.0001,True,1.0003928417083594,5.743504477253147
14.0,600,0.002,0.0001,False,0.9994182774513031,4.313187363528911
14.0,600,0.002,0.001,True,1.0003928417083594,5.743504477253147
14.0,600,0.002,0.001,False,0.9994182774513031,4.313187363528911
14.0,600,0.002,0.01,True,1.0003928417083594,5.743504477253147
14.0,600,0.002,0.01,False,0.9994182774513031,4.313187363528911
14.0,600,0.002,0.1,True,1.0003928417083594,5.743504477253147
14.0,600,0.002,0.1,False,0.9994182774513031,4.313187363528911
14.0,600,0.003,0.0001,True,1.0009084151322167,11.217171818345719
14.0,600,0.003,0.0001,False,0.99944621771897,3.887698070874812
14.0,600,0.003,0.001,True,1.0009084151322167,11.217171818345719
14.0,600,0.003,0.001,False,0.99944621771897,3.887698070874812
14.0,600,0.003,0.01,True,1.0009084151322167,11.217171818345719
14.0,600,0.003,0.01,False,0.99944621771897,3.887698070874812
14.0,600,0.003,0.1,True,1.0009084151322167,11.217171818345719
14.0,600,0.003,0.1,False,0.99944621771897,3.887698070874812
14.0,600,0.004,0.0001,True,1.0014236288555503,11.6931428914842
14.0,600,0.004,0.0001,False,0.9994735646195217,25.541978004367067
14.0,600,0.004,0.001,True,1.0014236288555503,11.6931428914842
14.0,600,0.004,0.001,False,0.9994735646195217,25.541978004367067
14.0,600,0.004,0.01,True,1.0014236288555503,11.6931428914842
14.0,600,0.004,0.01,False,0.9994735646195217,25.541978004367067
14.0,600,0.004,0.1,True,1.0014236288555503,11.6931428914842
14.0,600,0.004,0.1,False,0.9994735646195217,25.541978004367067
14.0,600,0.005,0.0001,True,1.0019384824208892,10.770047476912595
14.0,600,0.005,0.0001,False,0.9995003179594278,19.044251687734125
14.0,600,0.005,0.001,True,1.0019384824208892,10.770047476912595
14.0,600,0.005,0.001,False,0.9995003179594278,19.044251687734125
14.0,600,0.005,0.01,True,1.0019384824208892,10.770047476912595
14.0,600,0.005,0.01,False,0.9995003179594278,19.044251687734125
14.0,600,0.005,0.1,True,1.0019384824208892,10.770047476912595
14.0,600,0.005,0.1,False,0.9995003179594278,19.044251687734125
14.0,600,0.006,0.0001,True,1.4488177048098814,12.76768364750896
14.0,600,0.006,0.0001,False,1.515937383628451,34.65754522326168
14.0,600,0.006,0.001,True,1.4488177048098814,12.76768364750896
14.0,600,0.006,0.001,False,1.515937383628451,34.65754522326168
14.0,600,0.006,0.01,True,1.4488177048098814,12.76768364750896
14.0,600,0.006,0.01,False,1.515937383628451,34.65754522326168
14.0,600,0.006,0.1,True,1.4488177048098814,12.76768364750896
14.0,600,0.006,0.1,False,1.515937383628451,34.65754522326168
14.0,600,0.007,0.0001,True,1.950218798814225,15.214848053847227
14.0,600,0.007,0.0001,False,2.2650503152545887,49.46313027103908
14.0,600,0.007,0.001,True,1.950218798814225,15.214848053847227
14.0,600,0.007,0.001,False,2.2650503152545887,49.46313027103908
14.0,600,0.007,0.01,True,1.950218798814225,15.214848053847227
14.0,600,0.007,0.01,False,2.2650503152545887,49.46313027103908
14.0,600,0.007,0.1,True,1.950218798814225,15.214848053847227
14.0,600,0.007,0.1,False,2.2650503152545887,49.46313027103908
14.0,600,0.008,0.0001,True,3.6224354468527604,17.320659468338704
14.0,600,0.008,0.0001,False,8.992434073540846,43.98225124702017
14.0,600,0.008,0.001,True,3.6224354468527604,17.320659468338704
14.0,600,0.008,0.001,False,8.992434073540846,43.98225124702017
14.0,600,0.008,0.01,True,3.6224354468527604,17.320659468338704
14.0,600,0.008,0.01,False,8.992434073540846,43.98225124702017
14.0,600,0.008,0.1,True,3.6224354468527604,17.320659468338704
14.0,600,0.008,0.1,False,8.992434073540846,43.98225124702017
14.0,600,0.009000000000000001,0.0001,True,8.399491434867276,15.347062240830141
14.0,600,0.009000000000000001,0.0001,False,10.30329894391881,61.29269416454656
14.0,600,0.009000000000000001,0.001,True,8.399491434867276,15.347062240830141
14.0,600,0.009000000000000001,0.001,False,10.30329894391881,61.29269416454656
14.0,600,0.009000000000000001,0.01,True,8.399491434867276,15.347062240830141
14.0,600,0.009000000000000001,0.01,False,10.30329894391881,61.29269416454656
14.0,600,0.009000000000000001,0.1,True,8.399491434867276,15.347062240830141
14.0,600,0.009000000000000001,0.1,False,10.30329894391881,61.29269416454656
14.0,600,0.01,0.0001,True,14.368035953829377,37.705683206795
14.0,600,0.01,0.0001,False,75.24599373898059,57.89599150624011
14.0,600,0.01,0.001,True,14.368035953829377,37.705683206795
14.0,600,0.01,0.001,False,75.24599373898059,57.89599150624011
14.0,600,0.01,0.01,True,14.368035953829377,37.705683206795
14.0,600,0.01,0.01,False,75.24599373898059,57.89599150624011
14.0,600,0.01,0.1,True,14.368035953829377,37.705683206795
14.0,600,0.01,0.1,False,75.24599373898059,57.89599150624011
14.0,600,0.01,0.0001,True,14.368035953829377,37.705683206795
14.0,600,0.01,0.0001,False,75.24599373898059,57.89599150624011
14.0,600,0.01,0.001,True,14.368035953829377,37.705683206795
14.0,600,0.01,0.001,False,75.24599373898059,57.89599150624011
14.0,600,0.01,0.01,True,14.368035953829377,37.705683206795
14.0,600,0.01,0.01,False,75.24599373898059,57.89599150624011
14.0,600,0.01,0.1,True,14.368035953829377,37.705683206795
14.0,600,0.01,0.1,False,75.24599373898059,57.89599150624011
14.0,600,0.02,0.0001,True,248.3551489119738,89.7307638374166
14.0,600,0.02,0.0001,False,1000.0,90.0
14.0,600,0.02,0.001,True,248.3551489119738,89.7307638374166
14.0,600,0.02,0.001,False,1000.0,90.0
14.0,600,0.02,0.01,True,248.3551489119738,89.7307638374166
14.0,600,0.02,0.01,False,1000.0,90.0
14.0,600,0.02,0.1,True,248.3551489119738,89.7307638374166
14.0,600,0.02,0.1,False,1000.0,90.0
14.0,600,0.03,0.0001,True,1000.0,90.0
14.0,600,0.03,0.0001,False,1000.0,90.0
14.0,600,0.03,0.001,True,1000.0,90.0
14.0,600,0.03,0.001,False,1000.0,90.0
14.0,600,0.03,0.01,True,1000.0,90.0
14.0,600,0.03,0.01,False,1000.0,90.0
14.0,600,0.03,0.1,True,1000.0,90.0
14.0,600,0.03,0.1,False,1000.0,90.0
14.0,600,0.04,0.0001,True,1000.0,90.0
14.0,600,0.04,0.0001,False,1000.0,90.0
14.0,600,0.04,0.001,True,1000.0,90.0
14.0,600,0.04,0.001,False,1000.0,90.0
14.0,600,0.04,0.01,True,1000.0,90.0
14.0,600,0.04,0.01,False,1000.0,90.0
14.0,600,0.04,0.1,True,1000.0,90.0
14.0,600,0.04,0.1,False,1000.0,90.0
14.0,600,0.05,0.0001,True,1000.0,90.0
14.0,600,0.05,0.0001,False,1000.0,90.0
14.0,600,0.05,0.001,True,1000.0,90.0
14.0,600,0.05,0.001,False,1000.0,90.0
14.0,600,0.05,0.01,True,1000.0,90.0
14.0,600,0.05,0.01,False,1000.0,90.0
14.0,600,0.05,0.1,True,1000.0,90.0
14.0,600,0.05,0.1,False,1000.0,90.0
14.0,600,0.06,0.0001,True,1000.0,90.0
14.0,600,0.06,0.0001,False,1000.0,90.0
14.0,600,0.06,0.001,True,1000.0,90.0
14.0,600,0.06,0.001,False,1000.0,90.0
14.0,600,0.06,0.01,True,1000.0,90.0
14.0,600,0.06,0.01,False,1000.0,90.0
14.0,600,0.06,0.1,True,1000.0,90.0
14.0,600,0.06,0.1,False,1000.0,90.0
14.0,600,0.07,0.0001,True,1000.0,90.0
14.0,600,0.07,0.0001,False,1000.0,90.0
14.0,600,0.07,0.001,True,1000.0,90.0
14.0,600,0.07,0.001,False,1000.0,90.0
14.0,600,0.07,0.01,True,1000.0,90.0
14.0,600,0.07,0.01,False,1000.0,90.0
14.0,600,0.07,0.1,True,1000.0,90.0
14.0,600,0.07,0.1,False,1000.0,90.0
14.0,600,0.08,0.0001,True,1000.0,90.0
14.0,600,0.08,0.0001,False,1000.0,90.0
14.0,600,0.08,0.001,True,1000.0,90.0
14.0,600,0.08,0.001,False,1000.0,90.0
14.0,600,0.08,0.01,True,1000.0,90.0
14.0,600,0.08,0.01,False,1000.0,90.0
14.0,600,0.08,0.1,True,1000.0,90.0
14.0,600,0.08,0.1,False,1000.0,90.0
14.0,600,0.09,0.0001,True,1000.0,90.0
14.0,600,0.09,0.0001,False,1000.0,90.0
14.0,600,0.09,0.001,True,1000.0,90.0
14.0,600,0.09,0.001,False,1000.0,90.0
14.0,600,0.09,0.01,True,1000.0,90.0
14.0,600,0.09,0.01,False,1000.0,90.0
14.0,600,0.09,0.1,True,1000.0,90.0
14.0,600,0.09,0.1,False,1000.0,90.0
14.0,600,0.1,0.0001,True,1000.0,90.0
14.0,600,0.1,0.0001,False,1000.0,90.0
14.0,600,0.1,0.001,True,1000.0,90.0
14.0,600,0.1,0.001,False,1000.0,90.0
14.0,600,0.1,0.01,True,1000.0,90.0
14.0,600,0.1,0.01,False,1000.0,90.0
14.0,600,0.1,0.1,True,1000.0,90.0
14.0,600,0.1,0.1,False,1000.0,90.0
14.0,600,0.1,0.0001,True,1000.0,90.0
14.0,600,0.1,0.0001,False,1000.0,90.0
14.0,600,0.1,0.001,True,1000.0,90.0
14.0,600,0.1,0.001,False,1000.0,90.0
14.0,600,0.1,0.01,True,1000.0,90.0
14.0,600,0.1,0.01,False,1000.0,90.0
14.0,600,0.1,0.1,True,1000.0,90.0
14.0,600,0.1,0.1,False,1000.0,90.0
14.0,600,0.2,0.0001,True,1000.0,90.0
14.0,600,0.2,0.0001,False,1000.0,90.0
14.0,600,0.2,0.001,True,1000.0,90.0
14.0,600,0.2,0.001,False,1000.0,90.0
14.0,600,0.2,0.01,True,1000.0,90.0
14.0,600,0.2,0.01,False,1000.0,90.0
14.0,600,0.2,0.1,True,1000.0,90.0
14.0,600,0.2,0.1,False,1000.0,90.0
14.0,600,0.30000000000000004,0.0001,True,1000.0,90.0
14.0,600,0.30000000000000004,0.0001,False,1000.0,90.0
14.0,600,0.30000000000000004,0.001,True,1000.0,90.0
14.0,600,0.30000000000000004,0.001,False,1000.0,90.0
14.0,600,0.30000000000000004,0.01,True,1000.0,90.0
14.0,600,0.30000000000000004,0.01,False,1000.0,90.0
14.0,600,0.30000000000000004,0.1,True,1000.0,90.0
14.0,600,0.30000000000000004,0.1,False,1000.0,90.0
14.0,600,0.4,0.0001,True,1000.0,90.0
14.0,600,0.4,0.0001,False,1000.0,90.0
14.0,600,0.4,0.001,True,1000.0,90.0
14.0,600,0.4,0.001,False,1000.0,90.0
14.0,600,0.4,0.01,True,1000.0,90.0
14.0,600,0.4,0.01,False,1000.0,90.0
14.0,600,0.4,0.1,True,1000.0,90.0
14.0,600,0.4,0.1,False,1000.0,90.0
14.0,800,0.001,0.0001,True,0.9998907703871329,5.743504477253147
14.0,800,0.001,0.0001,False,1.0001216279899998,7.34930587551834
14.0,800,0.001,0.001,True,0.9998907703871329,5.743504477253147
14.0,800,0.001,0.001,False,1.0001216279899998,7.34930587551834
14.0,800,0.001,0.01,True,0.9998907703871329,5.743504477253147
14.0,800,0.001,0.01,False,1.0001216279899998,7.34930587551834
14.0,800,0.001,0.1,True,0.9998907703871329,5.743504477253147
14.0,800,0.001,0.1,False,1.0001216279899998,7.34930587551834
14.0,800,0.002,0.0001,True,1.0004201887306705,5.3949398024800175
14.0,800,0.002,0.0001,False,1.0004972252797855,4.315591257837696
14.0,800,0.002,0.001,True,1.0004201887306705,5.3949398024800175
14.0,800,0.002,0.001,False,1.0004972252797855,4.315591257837696
14.0,800,0.002,0.01,True,1.0004201887306705,5.3949398024800175
14.0,800,0.002,0.01,False,1.0004972252797855,4.315591257837696
14.0,800,0.002,0.1,True,1.0004201887306705,5.3949398024800175
14.0,800,0.002,0.1,False,1.0004972252797855,4.315591257837696
14.0,800,0.003,0.0001,True,1.0009494506019099,5.34926581061319
14.0,800,0.003,0.0001,False,1.001065378312137,4.421362607424022
14.0,800,0.003,0.001,True,1.0009494506019099,5.34926581061319
14.0,800,0.003,0.001,False,1.001065378312137,4.421362607424022
14.0,800,0.003,0.01,True,1.0009494506019099,5.34926581061319
14.0,800,0.003,0.01,False,1.001065378312137,4.421362607424022
14.0,800,0.003,0.1,True,1.0009494506019099,5.34926581061319
14.0,800,0.003,0.1,False,1.001065378312137,4.421362607424022
14.0,800,0.004,0.0001,True,1.0014783627017096,7.551232997455877
14.0,800,0.004,0.0001,False,1.0016334304564407,24.337626955668178
14.0,800,0.004,0.001,True,1.0014783627017096,7.551232997455877
14.0,800,0.004,0.001,False,1.0016334304564407,24.337626955668178
14.0,800,0.004,0.01,True,1.0014783627017096,7.551232997455877
14.0,800,0.004,0.01,False,1.0016334304564407,24.337626955668178
14.0,800,0.004,0.1,True,1.0014783627017096,7.551232997455877
14.0,800,0.004,0.1,False,1.0016334304564407,24.337626955668178
14.0,800,0.005,0.0001,True,1.002006924551384,7.78681463971634
14.0,800,0.005,0.0001,False,1.0022013814527668,21.82074961437528
14.0,800,0.005,0.001,True,1.002006924551384,7.78681463971634
14.0,800,0.005,0.001,False,1.0022013814527668,21.82074961437528
14.0,800,0.005,0.01,True,1.002006924551384,7.78681463971634
14.0,800,0.005,0.01,False,1.0022013814527668,21.82074961437528
14.0,800,0.005,0.1,True,1.002006924551384,7.78681463971634
14.0,800,0.005,0.1,False,1.0022013814527668,21.82074961437528
14.0,800,0.006,0.0001,True,1.152410231362095,11.294096436226681
14.0,800,0.006,0.0001,False,2.158285283146003,62.99224744085417
14.0,800,0.006,0.001,True,1.152410231362095,11.294096436226681
14.0,800,0.006,0.001,False,2.158285283146003,62.99224744085417
14.0,800,0.006,0.01,True,1.152410231362095,11.294096436226681
14.0,800,0.006,0.01,False,2.158285283146003,62.99224744085417
14.0,800,0.006,0.1,True,1.152410231362095,11.294096436226681
14.0,800,0.006,0.1,False,2.158285283146003,62.99224744085417
14.0,800,0.007,0.0001,True,1.6209683745772845,15.356677818065265
14.0,800,0.007,0.0001,False,11.49707910016444,52.02327770989001
14.0,800,0.007,0.001,True,1.6209683745772845,15.356677818065265
14.0,800,0.007,0.001,False,11.49707910016444,52.02327770989001
14.0,800,0.007,0.01,True,1.6209683745772845,15.356677818065265
14.0,800,0.007,0.01,False,11.49707910016444,52.02327770989001
14.0,800,0.007,0.1,True,1.6209683745772845,15.356677818065265
14.0,800,0.007,0.1,False,11.49707910016444,52.02327770989001
14.0,800,0.008,0.0001,True,2.1448888414893954,18.45529758208297
14.0,800,0.008,0.0001,False,42.9143479745697,77.33628478134577
14.0,800,0.008,0.001,True,2.1448888414893954,18.45529758208297
14.0,800,0.008,0.001,False,42.9143479745697,77.33628478134577
14.0,800,0.008,0.01,True,2.1448888414893954,18.45529758208297
14.0,800,0.008,0.01,False,42.9143479745697,77.33628478134577
14.0,800,0.008,0.1,True,2.1448888414893954,18.45529758208297
14.0,800,0.008,0.1,False,42.9143479745697,77.33628478134577
14.0,800,0.009000000000000001,0.0001,True,2.7342978341026534,25.00590957350908
14.0,800,0.009000000000000001,0.0001,False,67.25378405986329,84.71864420360984
14.0,800,0.009000000000000001,0.001,True,2.7342978341026534,25.00590957350908
14.0,800,0.009000000000000001,0.001,False,67.25378405986329,84.71864420360984
14.0,800,0.009000000000000001,0.01,True,2.7342978341026534,25.00590957350908
14.0,800,0.009000000000000001,0.01,False,67.25378405986329,84.71864420360984
14.0,800,0.009000000000000001,0.1,True,2.7342978341026534,25.00590957350908
14.0,800,0.009000000000000001,0.1,False,67.25378405986329,84.71864420360984
14.0,800,0.01,0.0001,True,4.834227884496838,24.094833630481375
14.0,800,0.01,0.0001,False,80.06513753293483,90.0
14.0,800,0.01,0.001,True,4.834227884496838,24.094833630481375
14.0,800,0.01,0.001,False,80.06513753293483,90.0
14.0,800,0.01,0.01,True,4.834227884496838,24.094833630481375
14.0,800,0.01,0.01,False,80.06513753293483,90.0
14.0,800,0.01,0.1,True,4.834227884496838,24.094833630481375
14.0,800,0.01,0.1,False,80.06513753293483,90.0
14.0,800,0.01,0.0001,True,4.834227884496838,24.094833630481375
14.0,800,0.01,0.0001,False,80.06513753293483,90.0
14.0,800,0.01,0.001,True,4.834227884496838,24.094833630481375
14.0,800,0.01,0.001,False,80.06513753293483,90.0
14.0,800,0.01,0.01,True,4.834227884496838,24.094833630481375
14.0,800,0.01,0.01,False,80.06513753293483,90.0
14.0,800,0.01,0.1,True,4.834227884496838,24.094833630481375
14.0,800,0.01,0.1,False,80.06513753293483,90.0
14.0,800,0.02,0.0001,True,1000.0,90.0
14.0,800,0.02,0.0001,False,1000.0,90.0
14.0,800,0.02,0.001,True,1000.0,90.0
14.0,800,0.02,0.001,False,1000.0,90.0
14.0,800,0.02,0.01,True,1000.0,90.0
14.0,800,0.02,0.01,False,1000.0,90.0
14.0,800,0.02,0.1,True,1000.0,90.0
14.0,800,0.02,0.1,False,1000.0,90.0
14.0,800,0.03,0.0001,True,1000.0,90.0
14.0,800,0.03,0.0001,False,1000.0,90.0
14.0,800,0.03,0.001,True,1000.0,90.0
14.0,800,0.03,0.001,False,1000.0,90.0
14.0,800,0.03,0.01,True,1000.0,90.0
14.0,800,0.03,0.01,False,1000.0,90.0
14.0,800,0.03,0.1,True,1000.0,90.0
14.0,800,0.03,0.1,False,1000.0,90.0
14.0,800,0.04,0.0001,True,486.6265411362191,50.210741401069725
14.0,800,0.04,0.0001,False,1000.0,90.0
14.0,800,0.04,0.001,True,486.6265411362191,50.210741401069725
14.0,800,0.04,0.001,False,1000.0,90.0
14.0,800,0.04,0.01,True,486.6265411362191,50.210741401069725
14.0,800,0.04,0.01,False,1000.0,90.0
14.0,800,0.04,0.1,True,486.6265411362191,50.210741401069725
14.0,800,0.04,0.1,False,1000.0,90.0
14.0,800,0.05,0.0001,True,1000.0,90.0
14.0,800,0.05,0.0001,False,1000.0,90.0
14.0,800,0.05,0.001,True,1000.0,90.0
14.0,800,0.05,0.001,False,1000.0,90.0
14.0,800,0.05,0.01,True,1000.0,90.0
14.0,800,0.05,0.01,False,1000.0,90.0
14.0,800,0.05,0.1,True,1000.0,90.0
14.0,800,0.05,0.1,False,1000.0,90.0
14.0,800,0.06,0.0001,True,1000.0,90.0
14.0,800,0.06,0.0001,False,1000.0,90.0
14.0,800,0.06,0.001,True,1000.0,90.0
14.0,800,0.06,0.001,False,1000.0,90.0
14.0,800,0.06,0.01,True,1000.0,90.0
14.0,800,0.06,0.01,False,1000.0,90.0
14.0,800,0.06,0.1,True,1000.0,90.0
14.0,800,0.06,0.1,False,1000.0,90.0
14.0,800,0.07,0.0001,True,1000.0,90.0
14.0,800,0.07,0.0001,False,1000.0,90.0
14.0,800,0.07,0.001,True,1000.0,90.0
14.0,800,0.07,0.001,False,1000.0,90.0
14.0,800,0.07,0.01,True,1000.0,90.0
14.0,800,0.07,0.01,False,1000.0,90.0
14.0,800,0.07,0.1,True,1000.0,90.0
14.0,800,0.07,0.1,False,1000.0,90.0
14.0,800,0.08,0.0001,True,1000.0,90.0
14.0,800,0.08,0.0001,False,1000.0,90.0
14.0,800,0.08,0.001,True,1000.0,90.0
14.0,800,0.08,0.001,False,1000.0,90.0
14.0,800,0.08,0.01,True,1000.0,90.0
14.0,800,0.08,0.01,False,1000.0,90.0
14.0,800,0.08,0.1,True,1000.0,90.0
14.0,800,0.08,0.1,False,1000.0,90.0
14.0,800,0.09,0.0001,True,1000.0,90.0
14.0,800,0.09,0.0001,False,1000.0,90.0
14.0,800,0.09,0.001,True,1000.0,90.0
14.0,800,0.09,0.001,False,1000.0,90.0
14.0,800,0.09,0.01,True,1000.0,90.0
14.0,800,0.09,0.01,False,1000.0,90.0
14.0,800,0.09,0.1,True,1000.0,90.0
14.0,800,0.09,0.1,False,1000.0,90.0
14.0,800,0.1,0.0001,True,1000.0,90.0
14.0,800,0.1,0.0001,False,1000.0,90.0
14.0,800,0.1,0.001,True,1000.0,90.0
14.0,800,0.1,0.001,False,1000.0,90.0
14.0,800,0.1,0.01,True,1000.0,90.0
14.0,800,0.1,0.01,False,1000.0,90.0
14.0,800,0.1,0.1,True,1000.0,90.0
14.0,800,0.1,0.1,False,1000.0,90.0
14.0,800,0.1,0.0001,True,1000.0,90.0
14.0,800,0.1,0.0001,False,1000.0,90.0
14.0,800,0.1,0.001,True,1000.0,90.0
14.0,800,0.1,0.001,False,1000.0,90.0
14.0,800,0.1,0.01,True,1000.0,90.0
14.0,800,0.1,0.01,False,1000.0,90.0
14.0,800,0.1,0.1,True,1000.0,90.0
14.0,800,0.1,0.1,False,1000.0,90.0
14.0,800,0.2,0.0001,True,1000.0,90.0
14.0,800,0.2,0.0001,False,1000.0,90.0
14.0,800,0.2,0.001,True,1000.0,90.0
14.0,800,0.2,0.001,False,1000.0,90.0
14.0,800,0.2,0.01,True,1000.0,90.0
14.0,800,0.2,0.01,False,1000.0,90.0
14.0,800,0.2,0.1,True,1000.0,90.0
14.0,800,0.2,0.1,False,1000.0,90.0
14.0,800,0.30000000000000004,0.0001,True,1000.0,90.0
14.0,800,0.30000000000000004,0.0001,False,1000.0,90.0
14.0,800,0.30000000000000004,0.001,True,1000.0,90.0
14.0,800,0.30000000000000004,0.001,False,1000.0,90.0
14.0,800,0.30000000000000004,0.01,True,1000.0,90.0
14.0,800,0.30000000000000004,0.01,False,1000.0,90.0
14.0,800,0.30000000000000004,0.1,True,1000.0,90.0
14.0,800,0.30000000000000004,0.1,False,1000.0,90.0
14.0,800,0.4,0.0001,True,1000.0,90.0
14.0,800,0.4,0.0001,False,1000.0,90.0
14.0,800,0.4,0.001,True,1000.0,90.0
14.0,800,0.4,0.001,False,1000.0,90.0
14.0,800,0.4,0.01,True,1000.0,90.0
14.0,800,0.4,0.01,False,1000.0,90.0
14.0,800,0.4,0.1,True,1000.0,90.0
14.0,800,0.4,0.1,False,1000.0,90.0
14.0,1000,0.001,0.0001,True,0.9999055211449551,5.421382639876597
14.0,1000,0.001,0.0001,False,1.000547927968007,7.063242452773487
14.0,1000,0.001,0.001,True,0.9999055211449551,5.421382639876597
14.0,1000,0.001,0.001,False,1.000547927968007,7.063242452773487
14.0,1000,0.001,0.01,True,0.9999055211449551,5.421382639876597
14.0,1000,0.001,0.01,False,1.000547927968007,7.063242452773487
14.0,1000,0.001,0.1,True,0.9999055211449551,5.421382639876597
14.0,1000,0.001,0.1,False,1.000547927968007,7.063242452773487
14.0,1000,0.002,0.0001,True,1.0004342054644775,2.380456339269614
14.0,1000,0.002,0.0001,False,1.0011349014228266,2.6665197620144596
14.0,1000,0.002,0.001,True,1.0004342054644775,2.380456339269614
14.0,1000,0.002,0.001,False,1.0011349014228266,2.6665197620144596
14.0,1000,0.002,0.01,True,1.0004342054644775,2.380456339269614
14.0,1000,0.002,0.01,False,1.0011349014228266,2.6665197620144596
14.0,1000,0.002,0.1,True,1.0004342054644775,2.380456339269614
14.0,1000,0.002,0.1,False,1.0011349014228266,2.6665197620144596
14.0,1000,0.003,0.0001,True,1.0009704760411304,4.717041607403992
14.0,1000,0.003,0.0001,False,1.0019102481416429,4.813197379755202
14.0,1000,0.003,0.001,True,1.0009704760411304,4.717041607403992
14.0,1000,0.003,0.001,False,1.0019102481416429,4.813197379755202
14.0,1000,0.003,0.01,True,1.0009704760411304,4.717041607403992
14.0,1000,0.003,0.01,False,1.0019102481416429,4.813197379755202
14.0,1000,0.003,0.1,True,1.0009704760411304,4.717041607403992
14.0,1000,0.003,0.1,False,1.0019102481416429,4.813197379755202
14.0,1000,0.004,0.0001,True,1.0015063970444231,4.421362607424022
14.0,1000,0.004,0.0001,False,1.0027606245598022,17.099501191930926
14.0,1000,0.004,0.001,True,1.0015063970444231,4.421362607424022
14.0,1000,0.004,0.001,False,1.0027606245598022,17.099501191930926
14.0,1000,0.004,0.01,True,1.0015063970444231,4.421362607424022
14.0,1000,0.004,0.01,False,1.0027606245598022,17.099501191930926
14.0,1000,0.004,0.1,True,1.0015063970444231,4.421362607424022
14.0,1000,0.004,0.1,False,1.0027606245598022,17.099501191930926
14.0,1000,0.005,0.0001,True,1.0020419679746677,4.548769005789374
14.0,1000,0.005,0.0001,False,1.0036112506408255,43.49906849095534
14.0,1000,0.005,0.001,True,1.0020419679746677,4.548769005789374
14.0,1000,0.005,0.001,False,1.0036112506408255,43.49906849095534
14.0,1000,0.005,0.01,True,1.0020419679746677,4.548769005789374
14.0,1000,0.005,0.01,False,1.0036112506408255,43.49906849095534
14.0,1000,0.005,0.1,True,1.0020419679746677,4.548769005789374
14.0,1000,0.005,0.1,False,1.0036112506408255,43.49906849095534
14.0,1000,0.006,0.0001,True,1.002577188332751,8.587311444540155
14.0,1000,0.006,0.0001,False,3.8839977333577904,42.734630100763226
14.0,1000,0.006,0.001,True,1.002577188332751,8.587311444540155
14.0,1000,0.006,0.001,False,3.8839977333577904,42.734630100763226
14.0,1000,0.006,0.01,True,1.002577188332751,8.587311444540155
14.0,1000,0.006,0.01,False,3.8839977333577904,42.734630100763226
14.0,1000,0.006,0.1,True,1.002577188332751,8.587311444540155
14.0,1000,0.006,0.1,False,3.8839977333577904,42.734630100763226
14.0,1000,0.007,0.0001,True,1.4502579526337631,12.44556181013241
14.0,1000,0.007,0.0001,False,7.447990536137237,55.50892445762133
14.0,1000,0.007,0.001,True,1.4502579526337631,12.44556181013241
14.0,1000,0.007,0.001,False,7.447990536137237,55.50892445762133
14.0,1000,0.007,0.01,True,1.4502579526337631,12.44556181013241
14.0,1000,0.007,0.01,False,7.447990536137237,55.50892445762133
14.0,1000,0.007,0.1,True,1.4502579526337631,12.44556181013241
14.0,1000,0.007,0.1,False,7.447990536137237,55.50892445762133
14.0,1000,0.008,0.0001,True,1.9581119870718242,15.474468639195493
14.0,1000,0.008,0.0001,False,19.476186679068412,54.886315831647266
14.0,1000,0.008,0.001,True,1.9581119870718242,15.474468639195493
14.0,1000,0.008,0.001,False,19.476186679068412,54.886315831647266
14.0,1000,0.008,0.01,True,1.9581119870718242,15.474468639195493
14.0,1000,0.008,0.01,False,19.476186679068412,54.886315831647266
14.0,1000,0.008,0.1,True,1.9581119870718242,15.474468639195493
14.0,1000,0.008,0.1,False,19.476186679068412,54.886315831647266
14.0,1000,0.009000000000000001,0.0001,True,2.5370391242619372,19.457721508844322
14.0,1000,0.009000000000000001,0.0001,False,37.07623431037838,60.6556621727198
14.0,1000,0.009000000000000001,0.001,True,2.5370391242619372,19.457721508844322
14.0,1000,0.009000000000000001,0.001,False,37.07623431037838,60.6556621727198
14.0,1000,0.009000000000000001,0.01,True,2.5370391242619372,19.457721508844322
14.0,1000,0.009000000000000001,0.01,False,37.07623431037838,60.6556621727198
14.0,1000,0.009000000000000001,0.1,True,2.5370391242619372,19.457721508844322
14.0,1000,0.009000000000000001,0.1,False,37.07623431037838,60.6556621727198
14.0,1000,0.01,0.0001,True,3.1689637065738174,61.67250946533383
14.0,1000,0.01,0.0001,False,68.49986019947609,89.99759610569122
14.0,1000,0.01,0.001,True,3.1689637065738174,61.67250946533383
14.0,1000,0.01,0.001,False,68.49986019947609,89.99759610569122
14.0,1000,0.01,0.01,True,3.1689637065738174,61.67250946533383
14.0,1000,0.01,0.01,False,68.49986019947609,89.99759610569122
14.0,1000,0.01,0.1,True,3.1689637065738174,61.67250946533383
14.0,1000,0.01,0.1,False,68.49986019947609,89.99759610569122
14.0,1000,0.01,0.0001,True,3.1689637065738174,61.67250946533383
14.0,1000,0.01,0.0001,False,68.49986019947609,89.99759610569122
14.0,1000,0.01,0.001,True,3.1689637065738174,61.67250946533383
14.0,1000,0.01,0.001,False,68.49986019947609,89.99759610569122
14.0,1000,0.01,0.01,True,3.1689637065738174,61.67250946533383
14.0,1000,0.01,0.01,False,68.49986019947609,89.99759610569122
14.0,1000,0.01,0.1,True,3.1689637065738174,61.67250946533383
14.0,1000,0.01,0.1,False,68.49986019947609,89.99759610569122
14.0,1000,0.02,0.0001,True,1000.0,90.0
14.0,1000,0.02,0.0001,False,345.7693348239158,89.99278831707365
14.0,1000,0.02,0.001,True,1000.0,90.0
14.0,1000,0.02,0.001,False,345.7693348239158,89.99278831707365
14.0,1000,0.02,0.01,True,1000.0,90.0
14.0,1000,0.02,0.01,False,345.7693348239158,89.99278831707365
14.0,1000,0.02,0.1,True,1000.0,90.0
14.0,1000,0.02,0.1,False,345.7693348239158,89.99278831707365
14.0,1000,0.03,0.0001,True,1000.0,90.0
14.0,1000,0.03,0.0001,False,1000.0,90.0
14.0,1000,0.03,0.001,True,1000.0,90.0
14.0,1000,0.03,0.001,False,1000.0,90.0
14.0,1000,0.03,0.01,True,1000.0,90.0
14.0,1000,0.03,0.01,False,1000.0,90.0
14.0,1000,0.03,0.1,True,1000.0,90.0
14.0,1000,0.03,0.1,False,1000.0,90.0
14.0,1000,0.04,0.0001,True,1000.0,90.0
14.0,1000,0.04,0.0001,False,1000.0,90.0
14.0,1000,0.04,0.001,True,1000.0,90.0
14.0,1000,0.04,0.001,False,1000.0,90.0
14.0,1000,0.04,0.01,True,1000.0,90.0
14.0,1000,0.04,0.01,False,1000.0,90.0
14.0,1000,0.04,0.1,True,1000.0,90.0
14.0,1000,0.04,0.1,False,1000.0,90.0
14.0,1000,0.05,0.0001,True,1000.0,90.0
14.0,1000,0.05,0.0001,False,1000.0,90.0
14.0,1000,0.05,0.001,True,1000.0,90.0
14.0,1000,0.05,0.001,False,1000.0,90.0
14.0,1000,0.05,0.01,True,1000.0,90.0
14.0,1000,0.05,0.01,False,1000.0,90.0
14.0,1000,0.05,0.1,True,1000.0,90.0
14.0,1000,0.05,0.1,False,1000.0,90.0
14.0,1000,0.06,0.0001,True,1000.0,90.0
14.0,1000,0.06,0.0001,False,1000.0,90.0
14.0,1000,0.06,0.001,True,1000.0,90.0
14.0,1000,0.06,0.001,False,1000.0,90.0
14.0,1000,0.06,0.01,True,1000.0,90.0
14.0,1000,0.06,0.01,False,1000.0,90.0
14.0,1000,0.06,0.1,True,1000.0,90.0
14.0,1000,0.06,0.1,False,1000.0,90.0
14.0,1000,0.07,0.0001,True,1000.0,90.0
14.0,1000,0.07,0.0001,False,1000.0,90.0
14.0,1000,0.07,0.001,True,1000.0,90.0
14.0,1000,0.07,0.001,False,1000.0,90.0
14.0,1000,0.07,0.01,True,1000.0,90.0
14.0,1000,0.07,0.01,False,1000.0,90.0
14.0,1000,0.07,0.1,True,1000.0,90.0
14.0,1000,0.07,0.1,False,1000.0,90.0
14.0,1000,0.08,0.0001,True,1000.0,90.0
14.0,1000,0.08,0.0001,False,1000.0,90.0
14.0,1000,0.08,0.001,True,1000.0,90.0
14.0,1000,0.08,0.001,False,1000.0,90.0
14.0,1000,0.08,0.01,True,1000.0,90.0
14.0,1000,0.08,0.01,False,1000.0,90.0
14.0,1000,0.08,0.1,True,1000.0,90.0
14.0,1000,0.08,0.1,False,1000.0,90.0
14.0,1000,0.09,0.0001,True,1000.0,90.0
14.0,1000,0.09,0.0001,False,1000.0,90.0
14.0,1000,0.09,0.001,True,1000.0,90.0
14.0,1000,0.09,0.001,False,1000.0,90.0
14.0,1000,0.09,0.01,True,1000.0,90.0
14.0,1000,0.09,0.01,False,1000.0,90.0
14.0,1000,0.09,0.1,True,1000.0,90.0
14.0,1000,0.09,0.1,False,1000.0,90.0
14.0,1000,0.1,0.0001,True,1000.0,90.0
14.0,1000,0.1,0.0001,False,1000.0,90.0
14.0,1000,0.1,0.001,True,1000.0,90.0
14.0,1000,0.1,0.001,False,1000.0,90.0
14.0,1000,0.1,0.01,True,1000.0,90.0
14.0,1000,0.1,0.01,False,1000.0,90.0
14.0,1000,0.1,0.1,True,1000.0,90.0
14.0,1000,0.1,0.1,False,1000.0,90.0
14.0,1000,0.1,0.0001,True,1000.0,90.0
14.0,1000,0.1,0.0001,False,1000.0,90.0
14.0,1000,0.1,0.001,True,1000.0,90.0
14.0,1000,0.1,0.001,False,1000.0,90.0
14.0,1000,0.1,0.01,True,1000.0,90.0
14.0,1000,0.1,0.01,False,1000.0,90.0
14.0,1000,0.1,0.1,True,1000.0,90.0
14.0,1000,0.1,0.1,False,1000.0,90.0
14.0,1000,0.2,0.0001,True,1000.0,90.0
14.0,1000,0.2,0.0001,False,1000.0,90.0
14.0,1000,0.2,0.001,True,1000.0,90.0
14.0,1000,0.2,0.001,False,1000.0,90.0
14.0,1000,0.2,0.01,True,1000.0,90.0
14.0,1000,0.2,0.01,False,1000.0,90.0
14.0,1000,0.2,0.1,True,1000.0,90.0
14.0,1000,0.2,0.1,False,1000.0,90.0
14.0,1000,0.30000000000000004,0.0001,True,1000.0,90.0
14.0,1000,0.30000000000000004,0.0001,False,1000.0,90.0
14.0,1000,0.30000000000000004,0.001,True,1000.0,90.0
14.0,1000,0.30000000000000004,0.001,False,1000.0,90.0
14.0,1000,0.30000000000000004,0.01,True,1000.0,90.0
14.0,1000,0.30000000000000004,0.01,False,1000.0,90.0
14.0,1000,0.30000000000000004,0.1,True,1000.0,90.0
14.0,1000,0.30000000000000004,0.1,False,1000.0,90.0
14.0,1000,0.4,0.0001,True,1000.0,90.0
14.0,1000,0.4,0.0001,False,1000.0,90.0
14.0,1000,0.4,0.001,True,1000.0,90.0
14.0,1000,0.4,0.001,False,1000.0,90.0
14.0,1000,0.4,0.01,True,1000.0,90.0
14.0,1000,0.4,0.01,False,1000.0,90.0
14.0,1000,0.4,0.1,True,1000.0,90.0
14.0,1000,0.4,0.1,False,1000.0,90.0
14.0,1500,0.001,0.0001,True,0.9998962019564328,5.313207395981486
14.0,1500,0.001,0.0001,False,0.9999089439173012,7.099300867405191
14.0,1500,0.001,0.001,True,0.9998962019564328,5.313207395981486
14.0,1500,0.001,0.001,False,0.9999089439173012,7.099300867405191
14.0,1500,0.001,0.01,True,0.9998962019564328,5.313207395981486
14.0,1500,0.001,0.01,False,0.9999089439173012,7.099300867405191
14.0,1500,0.001,0.1,True,0.9998962019564328,5.313207395981486
14.0,1500,0.001,0.1,False,0.9999089439173012,7.099300867405191
14.0,1500,0.002,0.0001,True,1.0004261571469126,2.450169274224244
14.0,1500,0.002,0.0001,False,1.000456858204935,2.4165147539013176
14.0,1500,0.002,0.001,True,1.0004261571469126,2.450169274224244
14.0,1500,0.002,0.001,False,1.000456858204935,2.4165147539013176
14.0,1500,0.002,0.01,True,1.0004261571469126,2.450169274224244
14.0,1500,0.002,0.01,False,1.000456858204935,2.4165147539013176
14.0,1500,0.002,0.1,True,1.0004261571469126,2.450169274224244
14.0,1500,0.002,0.1,False,1.000456858204935,2.4165147539013176
14.0,1500,0.003,0.0001,True,1.000958385090549,4.039143412327967
14.0,1500,0.003,0.0001,False,1.0010043598187983,4.382900298483541
14.0,1500,0.003,0.001,True,1.000958385090549,4.039143412327967
14.0,1500,0.003,0.001,False,1.0010043598187983,4.382900298483541
14.0,1500,0.003,0.01,True,1.000958385090549,4.039143412327967
14.0,1500,0.003,0.01,False,1.0010043598187983,4.382900298483541
14.0,1500,0.003,0.1,True,1.000958385090549,4.039143412327967
14.0,1500,0.003,0.1,False,1.0010043598187983,4.382900298483541
14.0,1500,0.004,0.0001,True,1.0014902511122028,6.7146777780003575
14.0,1500,0.004,0.0001,False,1.001551448124207,9.296460265630316
14.0,1500,0.004,0.001,True,1.0014902511122028,6.7146777780003575
14.0,1500,0.004,0.001,False,1.001551448124207,9.296460265630316
14.0,1500,0.004,0.01,True,1.0014902511122028,6.7146777780003575
14.0,1500,0.004,0.01,False,1.001551448124207,9.296460265630316
14.0,1500,0.004,0.1,True,1.0014902511122028,6.7146777780003575
14.0,1500,0.004,0.1,False,1.001551448124207,9.296460265630316
14.0,1500,0.005,0.0001,True,1.002021754687899,6.986317834892525
14.0,1500,0.005,0.0001,False,1.0020981224868895,14.4528135579639
14.0,1500,0.005,0.001,True,1.002021754687899,6.986317834892525
14.0,1500,0.005,0.001,False,1.0020981224868895,14.4528135579639
14.0,1500,0.005,0.01,True,1.002021754687899,6.986317834892525
14.0,1500,0.005,0.01,False,1.0020981224868895,14.4528135579639
14.0,1500,0.005,0.1,True,1.002021754687899,6.986317834892525
14.0,1500,0.005,0.1,False,1.0020981224868895,14.4528135579639
14.0,1500,0.006,0.0001,True,1.0025528952940748,6.217071656082851
14.0,1500,0.006,0.0001,False,1.301135319151527,25.078026402772487
14.0,1500,0.006,0.001,True,1.0025528952940748,6.217071656082851
14.0,1500,0.006,0.001,False,1.301135319151527,25.078026402772487
14.0,1500,0.006,0.01,True,1.0025528952940748,6.217071656082851
14.0,1500,0.006,0.01,False,1.301135319151527,25.078026402772487
14.0,1500,0.006,0.1,True,1.0025528952940748,6.217071656082851
14.0,1500,0.006,0.1,False,1.301135319151527,25.078026402772487
14.0,1500,0.007,0.0001,True,1.260587231844659,9.320499208718118
14.0,1500,0.007,0.0001,False,2.607432034573843,19.86397964702818
14.0,1500,0.007,0.001,True,1.260587231844659,9.320499208718118
14.0,1500,0.007,0.001,False,2.607432034573843,19.86397964702818
14.0,1500,0.007,0.01,True,1.260587231844659,9.320499208718118
14.0,1500,0.007,0.01,False,2.607432034573843,19.86397964702818
14.0,1500,0.007,0.1,True,1.260587231844659,9.320499208718118
14.0,1500,0.007,0.1,False,2.607432034573843,19.86397964702818
14.0,1500,0.008,0.0001,True,1.7686338092696763,19.90965363889501
14.0,1500,0.008,0.0001,False,4.423953106615614,22.974618882589795
14.0,1500,0.008,0.001,True,1.7686338092696763,19.90965363889501
14.0,1500,0.008,0.001,False,4.423953106615614,22.974618882589795
14.0,1500,0.008,0.01,True,1.7686338092696763,19.90965363889501
14.0,1500,0.008,0.01,False,4.423953106615614,22.974618882589795
14.0,1500,0.008,0.1,True,1.7686338092696763,19.90965363889501
14.0,1500,0.008,0.1,False,4.423953106615614,22.974618882589795
14.0,1500,0.009000000000000001,0.0001,True,2.3599915034608823,42.294717442256456
14.0,1500,0.009000000000000001,0.0001,False,7.664956318777301,38.95570824736072
14.0,1500,0.009000000000000001,0.001,True,2.3599915034608823,42.294717442256456
14.0,1500,0.009000000000000001,0.001,False,7.664956318777301,38.95570824736072
14.0,1500,0.009000000000000001,0.01,True,2.3599915034608823,42.294717442256456
14.0,1500,0.009000000000000001,0.01,False,7.664956318777301,38.95570824736072
14.0,1500,0.009000000000000001,0.1,True,2.3599915034608823,42.294717442256456
14.0,1500,0.009000000000000001,0.1,False,7.664956318777301,38.95570824736072
14.0,1500,0.01,0.0001,True,3.0315965280830612,31.667100703139077
14.0,1500,0.01,0.0001,False,11.931164089104925,32.3449988982151
14.0,1500,0.01,0.001,True,3.0315965280830612,31.667100703139077
14.0,1500,0.01,0.001,False,11.931164089104925,32.3449988982151
14.0,1500,0.01,0.01,True,3.0315965280830612,31.667100703139077
14.0,1500,0.01,0.01,False,11.931164089104925,32.3449988982151
14.0,1500,0.01,0.1,True,3.0315965280830612,31.667100703139077
14.0,1500,0.01,0.1,False,11.931164089104925,32.3449988982151
14.0,1500,0.01,0.0001,True,3.0315965280830612,31.667100703139077
14.0,1500,0.01,0.0001,False,11.931164089104925,32.3449988982151
14.0,1500,0.01,0.001,True,3.0315965280830612,31.667100703139077
14.0,1500,0.01,0.001,False,11.931164089104925,32.3449988982151
14.0,1500,0.01,0.01,True,3.0315965280830612,31.667100703139077
14.0,1500,0.01,0.01,False,11.931164089104925,32.3449988982151
14.0,1500,0.01,0.1,True,3.0315965280830612,31.667100703139077
14.0,1500,0.01,0.1,False,11.931164089104925,32.3449988982151
14.0,1500,0.02,0.0001,True,757.1965200966998,90.0
14.0,1500,0.02,0.0001,False,486.5744283016049,90.0
14.0,1500,0.02,0.001,True,757.1965200966998,90.0
14.0,1500,0.02,0.001,False,486.5744283016049,90.0
14.0,1500,0.02,0.01,True,757.1965200966998,90.0
14.0,1500,0.02,0.01,False,486.5744283016049,90.0
14.0,1500,0.02,0.1,True,757.1965200966998,90.0
14.0,1500,0.02,0.1,False,486.5744283016049,90.0
14.0,1500,0.03,0.0001,True,308.91121698575915,89.99519221138243
14.0,1500,0.03,0.0001,False,1000.0,90.0
14.0,1500,0.03,0.001,True,308.91121698575915,89.99519221138243
14.0,1500,0.03,0.001,False,1000.0,90.0
14.0,1500,0.03,0.01,True,308.91121698575915,89.99519221138243
14.0,1500,0.03,0.01,False,1000.0,90.0
14.0,1500,0.03,0.1,True,308.91121698575915,89.99519221138243
14.0,1500,0.03,0.1,False,1000.0,90.0
14.0,1500,0.04,0.0001,True,1000.0,90.0
14.0,1500,0.04,0.0001,False,1000.0,90.0
14.0,1500,0.04,0.001,True,1000.0,90.0
14.0,1500,0.04,0.001,False,1000.0,90.0
14.0,1500,0.04,0.01,True,1000.0,90.0
14.0,1500,0.04,0.01,False,1000.0,90.0
14.0,1500,0.04,0.1,True,1000.0,90.0
14.0,1500,0.04,0.1,False,1000.0,90.0
14.0,1500,0.05,0.0001,True,1000.0,90.0
14.0,1500,0.05,0.0001,False,1000.0,90.0
14.0,1500,0.05,0.001,True,1000.0,90.0
14.0,1500,0.05,0.001,False,1000.0,90.0
14.0,1500,0.05,0.01,True,1000.0,90.0
14.0,1500,0.05,0.01,False,1000.0,90.0
14.0,1500,0.05,0.1,True,1000.0,90.0
14.0,1500,0.05,0.1,False,1000.0,90.0
14.0,1500,0.06,0.0001,True,1000.0,90.0
14.0,1500,0.06,0.0001,False,1000.0,90.0
14.0,1500,0.06,0.001,True,1000.0,90.0
14.0,1500,0.06,0.001,False,1000.0,90.0
14.0,1500,0.06,0.01,True,1000.0,90.0
14.0,1500,0.06,0.01,False,1000.0,90.0
14.0,1500,0.06,0.1,True,1000.0,90.0
14.0,1500,0.06,0.1,False,1000.0,90.0
14.0,1500,0.07,0.0001,True,492.6877819362405,58.071475790781065
14.0,1500,0.07,0.0001,False,1000.0,90.0
14.0,1500,0.07,0.001,True,492.6877819362405,58.071475790781065
14.0,1500,0.07,0.001,False,1000.0,90.0
14.0,1500,0.07,0.01,True,492.6877819362405,58.071475790781065
14.0,1500,0.07,0.01,False,1000.0,90.0
14.0,1500,0.07,0.1,True,492.6877819362405,58.071475790781065
14.0,1500,0.07,0.1,False,1000.0,90.0
14.0,1500,0.08,0.0001,True,1000.0,90.0
14.0,1500,0.08,0.0001,False,1000.0,90.0
14.0,1500,0.08,0.001,True,1000.0,90.0
14.0,1500,0.08,0.001,False,1000.0,90.0
14.0,1500,0.08,0.01,True,1000.0,90.0
14.0,1500,0.08,0.01,False,1000.0,90.0
14.0,1500,0.08,0.1,True,1000.0,90.0
14.0,1500,0.08,0.1,False,1000.0,90.0
14.0,1500,0.09,0.0001,True,376.9854244600904,81.37723111440533
14.0,1500,0.09,0.0001,False,1000.0,90.0
14.0,1500,0.09,0.001,True,376.9854244600904,81.37723111440533
14.0,1500,0.09,0.001,False,1000.0,90.0
14.0,1500,0.09,0.01,True,376.9854244600904,81.37723111440533
14.0,1500,0.09,0.01,False,1000.0,90.0
14.0,1500,0.09,0.1,True,376.9854244600904,81.37723111440533
14.0,1500,0.09,0.1,False,1000.0,90.0
14.0,1500,0.1,0.0001,True,1000.0,89.89182475610488
14.0,1500,0.1,0.0001,False,1000.0,90.0
14.0,1500,0.1,0.001,True,1000.0,89.89182475610488
14.0,1500,0.1,0.001,False,1000.0,90.0
14.0,1500,0.1,0.01,True,1000.0,89.89182475610488
14.0,1500,0.1,0.01,False,1000.0,90.0
14.0,1500,0.1,0.1,True,1000.0,89.89182475610488
14.0,1500,0.1,0.1,False,1000.0,90.0
14.0,1500,0.1,0.0001,True,1000.0,89.89182475610488
14.0,1500,0.1,0.0001,False,1000.0,90.0
14.0,1500,0.1,0.001,True,1000.0,89.89182475610488
14.0,1500,0.1,0.001,False,1000.0,90.0
14.0,1500,0.1,0.01,True,1000.0,89.89182475610488
14.0,1500,0.1,0.01,False,1000.0,90.0
14.0,1500,0.1,0.1,True,1000.0,89.89182475610488
14.0,1500,0.1,0.1,False,1000.0,90.0
14.0,1500,0.2,0.0001,True,1000.0,90.0
14.0,1500,0.2,0.0001,False,1000.0,90.0
14.0,1500,0.2,0.001,True,1000.0,90.0
14.0,1500,0.2,0.001,False,1000.0,90.0
14.0,1500,0.2,0.01,True,1000.0,90.0
14.0,1500,0.2,0.01,False,1000.0,90.0
14.0,1500,0.2,0.1,True,1000.0,90.0
14.0,1500,0.2,0.1,False,1000.0,90.0
14.0,1500,0.30000000000000004,0.0001,True,1000.0,90.0
14.0,1500,0.30000000000000004,0.0001,False,1000.0,90.0
14.0,1500,0.30000000000000004,0.001,True,1000.0,90.0
14.0,1500,0.30000000000000004,0.001,False,1000.0,90.0
14.0,1500,0.30000000000000004,0.01,True,1000.0,90.0
14.0,1500,0.30000000000000004,0.01,False,1000.0,90.0
14.0,1500,0.30000000000000004,0.1,True,1000.0,90.0
14.0,1500,0.30000000000000004,0.1,False,1000.0,90.0
14.0,1500,0.4,0.0001,True,1000.0,90.0
14.0,1500,0.4,0.0001,False,1000.0,90.0
14.0,1500,0.4,0.001,True,1000.0,90.0
14.0,1500,0.4,0.001,False,1000.0,90.0
14.0,1500,0.4,0.01,True,1000.0,90.0
14.0,1500,0.4,0.01,False,1000.0,90.0
14.0,1500,0.4,0.1,True,1000.0,90.0
14.0,1500,0.4,0.1,False,1000.0,90.0
14.0,2000,0.001,0.0001,True,0.9998959342731337,5.527153989462924
14.0,2000,0.001,0.0001,False,0.9998451745805973,7.099300867405191
14.0,2000,0.001,0.001,True,0.9998959342731337,5.527153989462924
14.0,2000,0.001,0.001,False,0.9998451745805973,7.099300867405191
14.0,2000,0.001,0.01,True,0.9998959342731337,5.527153989462924
14.0,2000,0.001,0.01,False,0.9998451745805973,7.099300867405191
14.0,2000,0.001,0.1,True,0.9998959342731337,5.527153989462924
14.0,2000,0.001,0.1,False,0.9998451745805973,7.099300867405191
14.0,2000,0.002,0.0001,True,1.0004250777078738,2.4862276888559407
14.0,2000,0.002,0.0001,False,1.0003293019065402,2.5968068270598366
14.0,2000,0.002,0.001,True,1.0004250777078738,2.4862276888559407
14.0,2000,0.002,0.001,False,1.0003293019065402,2.5968068270598366
14.0,2000,0.002,0.01,True,1.0004250777078738,2.4862276888559407
14.0,2000,0.002,0.01,False,1.0003293019065402,2.5968068270598366
14.0,2000,0.002,0.1,True,1.0004250777078738,2.4862276888559407
14.0,2000,0.002,0.1,False,1.0003293019065402,2.5968068270598366
14.0,2000,0.003,0.0001,True,1.0009567587373602,3.897313648109936
14.0,2000,0.003,0.0001,False,1.000812999001381,4.209819908251362
14.0,2000,0.003,0.001,True,1.0009567587373602,3.897313648109936
14.0,2000,0.003,0.001,False,1.000812999001381,4.209819908251362
14.0,2000,0.003,0.01,True,1.0009567587373602,3.897313648109936
14.0,2000,0.003,0.01,False,1.000812999001381,4.209819908251362
14.0,2000,0.003,0.1,True,1.0009567587373602,3.897313648109936
14.0,2000,0.003,0.1,False,1.000812999001381,4.209819908251362
14.0,2000,0.004,0.0001,True,1.001488073031413,6.93102826579058
14.0,2000,0.004,0.0001,False,1.00129626529816,10.630621607003341
14.0,2000,0.004,0.001,True,1.001488073031413,6.93102826579058
14.0,2000,0.004,0.001,False,1.00129626529816,10.630621607003341
14.0,2000,0.004,0.01,True,1.001488073031413,6.93102826579058
14.0,2000,0.004,0.01,False,1.00129626529816,10.630621607003341
14.0,2000,0.004,0.1,True,1.001488073031413,6.93102826579058
14.0,2000,0.004,0.1,False,1.00129626529816,10.630621607003341
14.0,2000,0.005,0.0001,True,1.0020190200533514,6.8901620625413145
14.0,2000,0.005,0.0001,False,1.001779100230125,16.058614956229086
14.0,2000,0.005,0.001,True,1.0020190200533514,6.8901620625413145
14.0,2000,0.005,0.001,False,1.001779100230125,16.058614956229086
14.0,2000,0.005,0.01,True,1.0020190200533514,6.8901620625413145
14.0,2000,0.005,0.01,False,1.001779100230125,16.058614956229086
14.0,2000,0.005,0.1,True,1.0020190200533514,6.8901620625413145
14.0,2000,0.005,0.1,False,1.001779100230125,16.058614956229086
14.0,2000,0.006,0.0001,True,1.002549599266831,10.856587672028681
14.0,2000,0.006,0.0001,False,1.2003046810492182,23.142891484204405
14.0,2000,0.006,0.001,True,1.002549599266831,10.856587672028681
14.0,2000,0.006,0.001,False,1.2003046810492182,23.142891484204405
14.0,2000,0.006,0.01,True,1.002549599266831,10.856587672028681
14.0,2000,0.006,0.01,False,1.2003046810492182,23.142891484204405
14.0,2000,0.006,0.1,True,1.002549599266831,10.856587672028681
14.0,2000,0.006,0.1,False,1.2003046810492182,23.142891484204405
14.0,2000,0.007,0.0001,True,1.1873763515369344,13.832608826298603
14.0,2000,0.007,0.0001,False,2.5254850740185155,25.955447825477272
14.0,2000,0.007,0.001,True,1.1873763515369344,13.832608826298603
14.0,2000,0.007,0.001,False,2.5254850740185155,25.955447825477272
14.0,2000,0.007,0.01,True,1.1873763515369344,13.832608826298603
14.0,2000,0.007,0.01,False,2.5254850740185155,25.955447825477272
14.0,2000,0.007,0.1,True,1.1873763515369344,13.832608826298603
14.0,2000,0.007,0.1,False,2.5254850740185155,25.955447825477272
14.0,2000,0.008,0.0001,True,1.7134665366893627,16.29179270418077
14.0,2000,0.008,0.0001,False,4.806226921249027,35.06861115006309
14.0,2000,0.008,0.001,True,1.7134665366893627,16.29179270418077
14.0,2000,0.008,0.001,False,4.806226921249027,35.06861115006309
14.0,2000,0.008,0.01,True,1.7134665366893627,16.29179270418077
14.0,2000,0.008,0.01,False,4.806226921249027,35.06861115006309
14.0,2000,0.008,0.1,True,1.7134665366893627,16.29179270418077
14.0,2000,0.008,0.1,False,4.806226921249027,35.06861115006309
14.0,2000,0.009000000000000001,0.0001,True,2.3536044376706386,28.594923776517952
14.0,2000,0.009000000000000001,0.0001,False,9.17895988222797,49.79727157995953
14.0,2000,0.009000000000000001,0.001,True,2.3536044376706386,28.594923776517952
14.0,2000,0.009000000000000001,0.001,False,9.17895988222797,49.79727157995953
14.0,2000,0.009000000000000001,0.01,True,2.3536044376706386,28.594923776517952
14.0,2000,0.009000000000000001,0.01,False,9.17895988222797,49.79727157995953
14.0,2000,0.009000000000000001,0.1,True,2.3536044376706386,28.594923776517952
14.0,2000,0.009000000000000001,0.1,False,9.17895988222797,49.79727157995953
14.0,2000,0.01,0.0001,True,3.120412424882903,44.98227127947274
14.0,2000,0.01,0.0001,False,13.792901988092682,36.441234800376606
14.0,2000,0.01,0.001,True,3.120412424882903,44.98227127947274
14.0,2000,0.01,0.001,False,13.792901988092682,36.441234800376606
14.0,2000,0.01,0.01,True,3.120412424882903,44.98227127947274
14.0,2000,0.01,0.01,False,13.792901988092682,36.441234800376606
14.0,2000,0.01,0.1,True,3.120412424882903,44.98227127947274
14.0,2000,0.01,0.1,False,13.792901988092682,36.441234800376606
14.0,2000,0.01,0.0001,True,3.120412424882903,44.98227127947274
14.0,2000,0.01,0.0001,False,13.792901988092682,36.441234800376606
14.0,2000,0.01,0.001,True,3.120412424882903,44.98227127947274
14.0,2000,0.01,0.001,False,13.792901988092682,36.441234800376606
14.0,2000,0.01,0.01,True,3.120412424882903,44.98227127947274
14.0,2000,0.01,0.01,False,13.792901988092682,36.441234800376606
14.0,2000,0.01,0.1,True,3.120412424882903,44.98227127947274
14.0,2000,0.01,0.1,False,13.792901988092682,36.441234800376606
14.0,2000,0.02,0.0001,True,168.51932720141792,89.79566898375367
14.0,2000,0.02,0.0001,False,1000.0,90.0
14.0,2000,0.02,0.001,True,168.51932720141792,89.79566898375367
14.0,2000,0.02,0.001,False,1000.0,90.0
14.0,2000,0.02,0.01,True,168.51932720141792,89.79566898375367
14.0,2000,0.02,0.01,False,1000.0,90.0
14.0,2000,0.02,0.1,True,168.51932720141792,89.79566898375367
14.0,2000,0.02,0.1,False,1000.0,90.0
14.0,2000,0.03,0.0001,True,1000.0,90.0
14.0,2000,0.03,0.0001,False,1000.0,78.95410565115486
14.0,2000,0.03,0.001,True,1000.0,90.0
14.0,2000,0.03,0.001,False,1000.0,78.95410565115486
14.0,2000,0.03,0.01,True,1000.0,90.0
14.0,2000,0.03,0.01,False,1000.0,78.95410565115486
14.0,2000,0.03,0.1,True,1000.0,90.0
14.0,2000,0.03,0.1,False,1000.0,78.95410565115486
14.0,2000,0.04,0.0001,True,1000.0,90.0
14.0,2000,0.04,0.0001,False,1000.0,90.0
14.0,2000,0.04,0.001,True,1000.0,90.0
14.0,2000,0.04,0.001,False,1000.0,90.0
14.0,2000,0.04,0.01,True,1000.0,90.0
14.0,2000,0.04,0.01,False,1000.0,90.0
14.0,2000,0.04,0.1,True,1000.0,90.0
14.0,2000,0.04,0.1,False,1000.0,90.0
14.0,2000,0.05,0.0001,True,1000.0,90.0
14.0,2000,0.05,0.0001,False,1000.0,90.0
14.0,2000,0.05,0.001,True,1000.0,90.0
14.0,2000,0.05,0.001,False,1000.0,90.0
14.0,2000,0.05,0.01,True,1000.0,90.0
14.0,2000,0.05,0.01,False,1000.0,90.0
14.0,2000,0.05,0.1,True,1000.0,90.0
14.0,2000,0.05,0.1,False,1000.0,90.0
14.0,2000,0.06,0.0001,True,1000.0,90.0
14.0,2000,0.06,0.0001,False,1000.0,90.0
14.0,2000,0.06,0.001,True,1000.0,90.0
14.0,2000,0.06,0.001,False,1000.0,90.0
14.0,2000,0.06,0.01,True,1000.0,90.0
14.0,2000,0.06,0.01,False,1000.0,90.0
14.0,2000,0.06,0.1,True,1000.0,90.0
14.0,2000,0.06,0.1,False,1000.0,90.0
14.0,2000,0.07,0.0001,True,1000.0,90.0
14.0,2000,0.07,0.0001,False,1000.0,90.0
14.0,2000,0.07,0.001,True,1000.0,90.0
14.0,2000,0.07,0.001,False,1000.0,90.0
14.0,2000,0.07,0.01,True,1000.0,90.0
14.0,2000,0.07,0.01,False,1000.0,90.0
14.0,2000,0.07,0.1,True,1000.0,90.0
14.0,2000,0.07,0.1,False,1000.0,90.0
14.0,2000,0.08,0.0001,True,1000.0,90.0
14.0,2000,0.08,0.0001,False,1000.0,90.0
14.0,2000,0.08,0.001,True,1000.0,90.0
14.0,2000,0.08,0.001,False,1000.0,90.0
14.0,2000,0.08,0.01,True,1000.0,90.0
14.0,2000,0.08,0.01,False,1000.0,90.0
14.0,2000,0.08,0.1,True,1000.0,90.0
14.0,2000,0.08,0.1,False,1000.0,90.0
14.0,2000,0.09,0.0001,True,1000.0,90.0
14.0,2000,0.09,0.0001,False,1000.0,90.0
14.0,2000,0.09,0.001,True,1000.0,90.0
14.0,2000,0.09,0.001,False,1000.0,90.0
14.0,2000,0.09,0.01,True,1000.0,90.0
14.0,2000,0.09,0.01,False,1000.0,90.0
14.0,2000,0.09,0.1,True,1000.0,90.0
14.0,2000,0.09,0.1,False,1000.0,90.0
14.0,2000,0.1,0.0001,True,1000.0,90.0
14.0,2000,0.1,0.0001,False,1000.0,90.0
14.0,2000,0.1,0.001,True,1000.0,90.0
14.0,2000,0.1,0.001,False,1000.0,90.0
14.0,2000,0.1,0.01,True,1000.0,90.0
14.0,2000,0.1,0.01,False,1000.0,90.0
14.0,2000,0.1,0.1,True,1000.0,90.0
14.0,2000,0.1,0.1,False,1000.0,90.0
14.0,2000,0.1,0.0001,True,1000.0,90.0
14.0,2000,0.1,0.0001,False,1000.0,90.0
14.0,2000,0.1,0.001,True,1000.0,90.0
14.0,2000,0.1,0.001,False,1000.0,90.0
14.0,2000,0.1,0.01,True,1000.0,90.0
14.0,2000,0.1,0.01,False,1000.0,90.0
14.0,2000,0.1,0.1,True,1000.0,90.0
14.0,2000,0.1,0.1,False,1000.0,90.0
14.0,2000,0.2,0.0001,True,1000.0,90.0
14.0,2000,0.2,0.0001,False,1000.0,90.0
14.0,2000,0.2,0.001,True,1000.0,90.0
14.0,2000,0.2,0.001,False,1000.0,90.0
14.0,2000,0.2,0.01,True,1000.0,90.0
14.0,2000,0.2,0.01,False,1000.0,90.0
14.0,2000,0.2,0.1,True,1000.0,90.0
14.0,2000,0.2,0.1,False,1000.0,90.0
14.0,2000,0.30000000000000004,0.0001,True,1000.0,90.0
14.0,2000,0.30000000000000004,0.0001,False,1000.0,90.0
14.0,2000,0.30000000000000004,0.001,True,1000.0,90.0
14.0,2000,0.30000000000000004,0.001,False,1000.0,90.0
14.0,2000,0.30000000000000004,0.01,True,1000.0,90.0
14.0,2000,0.30000000000000004,0.01,False,1000.0,90.0
14.0,2000,0.30000000000000004,0.1,True,1000.0,90.0
14.0,2000,0.30000000000000004,0.1,False,1000.0,90.0
14.0,2000,0.4,0.0001,True,1000.0,90.0
14.0,2000,0.4,0.0001,False,1000.0,90.0
14.0,2000,0.4,0.001,True,1000.0,90.0
14.0,2000,0.4,0.001,False,1000.0,90.0
14.0,2000,0.4,0.01,True,1000.0,90.0
14.0,2000,0.4,0.01,False,1000.0,90.0
14.0,2000,0.4,0.1,True,1000.0,90.0
14.0,2000,0.4,0.1,False,1000.0,90.0
14.5,200,0.001,0.0001,True,0.9955243851239944,3.5607684448807078
14.5,200,0.001,0.0001,False,0.9959602937598879,5.803601834972653
14.5,200,0.001,0.001,True,0.9955243851239944,3.5607684448807078
14.5,200,0.001,0.001,False,0.9959602937598879,5.803601834972653
14.5,200,0.001,0.01,True,0.9955243851239944,3.5607684448807078
14.5,200,0.001,0.01,False,0.9959602937598879,5.803601834972653
14.5,200,0.001,0.1,True,0.9955243851239944,3.5607684448807078
14.5,200,0.001,0.1,False,0.9959602937598879,5.803601834972653
14.5,200,0.002,0.0001,True,0.9952291094137505,1.9068891604399099
14.5,200,0.002,0.0001,False,0.9954901840164765,2.8371962579378547
14.5,200,0.002,0.001,True,0.9952291094137505,1.9068891604399099
14.5,200,0.002,0.001,False,0.9954901840164765,2.8371962579378547
14.5,200,0.002,0.01,True,0.9952291094137505,1.9068891604399099
14.5,200,0.002,0.01,False,0.9954901840164765,2.8371962579378547
14.5,200,0.002,0.1,True,0.9952291094137505,1.9068891604399099
14.5,200,0.002,0.1,False,0.9954901840164765,2.8371962579378547
14.5,200,0.003,0.0001,True,0.9949338779492172,1.349185680802897
14.5,200,0.003,0.0001,False,0.99532544413801,2.077565656363305
14.5,200,0.003,0.001,True,0.9949338779492172,1.349185680802897
14.5,200,0.003,0.001,False,0.99532544413801,2.077565656363305
14.5,200,0.003,0.01,True,0.9949338779492172,1.349185680802897
14.5,200,0.003,0.01,False,0.99532544413801,2.077565656363305
14.5,200,0.003,0.1,True,0.9949338779492172,1.349185680802897
14.5,200,0.003,0.1,False,0.99532544413801,2.077565656363305
14.5,200,0.004,0.0001,True,0.9946386907302505,0.9020613393697765
14.5,200,0.004,0.0001,False,0.9951607180283026,1.6592880466355489
14.5,200,0.004,0.001,True,0.9946386907302505,0.9020613393697765
14.5,200,0.004,0.001,False,0.9951607180283026,1.6592880466355489
14.5,200,0.004,0.01,True,0.9946386907302505,0.9020613393697765
14.5,200,0.004,0.01,False,0.9951607180283026,1.6592880466355489
14.5,200,0.004,0.1,True,0.9946386907302505,0.9020613393697765
14.5,200,0.004,0.1,False,0.9951607180283026,1.6592880466355489
14.5,200,0.005,0.0001,True,0.9943435477565772,5.214647729321499
14.5,200,0.005,0.0001,False,0.9949960056874781,1.4140908271399653
14.5,200,0.005,0.001,True,0.9943435477565772,5.214647729321499
14.5,200,0.005,0.001,False,0.9949960056874781,1.4140908271399653
14.5,200,0.005,0.01,True,0.9943435477565772,5.214647729321499
14.5,200,0.005,0.01,False,0.9949960056874781,1.4140908271399653
14.5,200,0.005,0.1,True,0.9943435477565772,5.214647729321499
14.5,200,0.005,0.1,False,0.9949960056874781,1.4140908271399653
14.5,200,0.006,0.0001,True,0.994048449028071,6.637753160119388
14.5,200,0.006,0.0001,False,0.9948313071154353,2.4742082173120465
14.5,200,0.006,0.001,True,0.994048449028071,6.637753160119388
14.5,200,0.006,0.001,False,0.9948313071154353,2.4742082173120465
14.5,200,0.006,0.01,True,0.994048449028071,6.637753160119388
14.5,200,0.006,0.01,False,0.9948313071154353,2.4742082173120465
14.5,200,0.006,0.1,True,0.994048449028071,6.637753160119388
14.5,200,0.006,0.1,False,0.9948313071154353,2.4742082173120465
14.5,200,0.007,0.0001,True,0.9937533945445151,7.7844107454075555
14.5,200,0.007,0.0001,False,0.9946666223121282,2.5439211522666696
14.5,200,0.007,0.001,True,0.9937533945445151,7.7844107454075555
14.5,200,0.007,0.001,False,0.9946666223121282,2.5439211522666696
14.5,200,0.007,0.01,True,0.9937533945445151,7.7844107454075555
14.5,200,0.007,0.01,False,0.9946666223121282,2.5439211522666696
14.5,200,0.007,0.1,True,0.9937533945445151,7.7844107454075555
14.5,200,0.007,0.1,False,0.9946666223121282,2.5439211522666696
14.5,200,0.008,0.0001,True,0.9934583843057031,7.505559005589049
14.5,200,0.008,0.0001,False,0.9945019512775066,4.452613233438164
14.5,200,0.008,0.001,True,0.9934583843057031,7.505559005589049
14.5,200,0.008,0.001,False,0.9945019512775066,4.452613233438164
14.5,200,0.008,0.01,True,0.9934583843057031,7.505559005589049
14.5,200,0.008,0.01,False,0.9945019512775066,4.452613233438164
14.5,200,0.008,0.1,True,0.9934583843057031,7.505559005589049
14.5,200,0.008,0.1,False,0.9945019512775066,4.452613233438164
14.5,200,0.009000000000000001,0.0001,True,0.9931634183114071,7.226707265770543
14.5,200,0.009000000000000001,0.0001,False,0.9943372940116324,6.39736372924137
14.5,200,0.009000000000000001,0.001,True,0.9931634183114071,7.226707265770543
14.5,200,0.009000000000000001,0.001,False,0.9943372940116324,6.39736372924137
14.5,200,0.009000000000000001,0.01,True,0.9931634183114071,7.226707265770543
14.5,200,0.009000000000000001,0.01,False,0.9943372940116324,6.39736372924137
14.5,200,0.009000000000000001,0.1,True,0.9931634183114071,7.226707265770543
14.5,200,0.009000000000000001,0.1,False,0.9943372940116324,6.39736372924137
14.5,200,0.01,0.0001,True,0.9928684965614896,8.190668883591414
14.5,200,0.01,0.0001,False,0.9941726505143418,9.205112281896668
14.5,200,0.01,0.001,True,0.9928684965614896,8.190668883591414
14.5,200,0.01,0.001,False,0.9941726505143418,9.205112281896668
14.5,200,0.01,0.01,True,0.9928684965614896,8.190668883591414
14.5,200,0.01,0.01,False,0.9941726505143418,9.205112281896668
14.5,200,0.01,0.1,True,0.9928684965614896,8.190668883591414
14.5,200,0.01,0.1,False,0.9941726505143418,9.205112281896668
14.5,200,0.01,0.0001,True,0.9928684965614896,8.190668883591414
14.5,200,0.01,0.0001,False,0.9941726505143418,9.205112281896668
14.5,200,0.01,0.001,True,0.9928684965614896,8.190668883591414
14.5,200,0.01,0.001,False,0.9941726505143418,9.205112281896668
14.5,200,0.01,0.01,True,0.9928684965614896,8.190668883591414
14.5,200,0.01,0.01,False,0.9941726505143418,9.205112281896668
14.5,200,0.01,0.1,True,0.9928684965614896,8.190668883591414
14.5,200,0.01,0.1,False,0.9941726505143418,9.205112281896668
14.5,200,0.02,0.0001,True,1.8565795407597248,6.382940363388684
14.5,200,0.02,0.0001,False,3.914257124615291,35.092650093150894
14.5,200,0.02,0.001,True,1.8565795407597248,6.382940363388684
14.5,200,0.02,0.001,False,3.914257124615291,35.092650093150894
14.5,200,0.02,0.01,True,1.8565795407597248,6.382940363388684
14.5,200,0.02,0.01,False,3.914257124615291,35.092650093150894
14.5,200,0.02,0.1,True,1.8565795407597248,6.382940363388684
14.5,200,0.02,0.1,False,3.914257124615291,35.092650093150894
14.5,200,0.03,0.0001,True,1000.0,31.43151906087862
14.5,200,0.03,0.0001,False,1000.0,90.0
14.5,200,0.03,0.001,True,1000.0,31.43151906087862
14.5,200,0.03,0.001,False,1000.0,90.0
14.5,200,0.03,0.01,True,1000.0,31.43151906087862
14.5,200,0.03,0.01,False,1000.0,90.0
14.5,200,0.03,0.1,True,1000.0,31.43151906087862
14.5,200,0.03,0.1,False,1000.0,90.0
14.5,200,0.04,0.0001,True,1000.0,90.0
14.5,200,0.04,0.0001,False,1000.0,90.0
14.5,200,0.04,0.001,True,1000.0,90.0
14.5,200,0.04,0.001,False,1000.0,90.0
14.5,200,0.04,0.01,True,1000.0,90.0
14.5,200,0.04,0.01,False,1000.0,90.0
14.5,200,0.04,0.1,True,1000.0,90.0
14.5,200,0.04,0.1,False,1000.0,90.0
14.5,200,0.05,0.0001,True,1000.0,90.0
14.5,200,0.05,0.0001,False,1000.0,90.0
14.5,200,0.05,0.001,True,1000.0,90.0
14.5,200,0.05,0.001,False,1000.0,90.0
14.5,200,0.05,0.01,True,1000.0,90.0
14.5,200,0.05,0.01,False,1000.0,90.0
14.5,200,0.05,0.1,True,1000.0,90.0
14.5,200,0.05,0.1,False,1000.0,90.0
14.5,200,0.06,0.0001,True,1000.0,90.0
14.5,200,0.06,0.0001,False,1000.0,90.0
14.5,200,0.06,0.001,True,1000.0,90.0
14.5,200,0.06,0.001,False,1000.0,90.0
14.5,200,0.06,0.01,True,1000.0,90.0
14.5,200,0.06,0.01,False,1000.0,90.0
14.5,200,0.06,0.1,True,1000.0,90.0
14.5,200,0.06,0.1,False,1000.0,90.0
14.5,200,0.07,0.0001,True,1000.0,90.0
14.5,200,0.07,0.0001,False,1000.0,90.0
14.5,200,0.07,0.001,True,1000.0,90.0
14.5,200,0.07,0.001,False,1000.0,90.0
14.5,200,0.07,0.01,True,1000.0,90.0
14.5,200,0.07,0.01,False,1000.0,90.0
14.5,200,0.07,0.1,True,1000.0,90.0
14.5,200,0.07,0.1,False,1000.0,90.0
14.5,200,0.08,0.0001,True,1000.0,90.0
14.5,200,0.08,0.0001,False,1000.0,90.0
14.5,200,0.08,0.001,True,1000.0,90.0
14.5,200,0.08,0.001,False,1000.0,90.0
14.5,200,0.08,0.01,True,1000.0,90.0
14.5,200,0.08,0.01,False,1000.0,90.0
14.5,200,0.08,0.1,True,1000.0,90.0
14.5,200,0.08,0.1,False,1000.0,90.0
14.5,200,0.09,0.0001,True,1000.0,90.0
14.5,200,0.09,0.0001,False,1000.0,90.0
14.5,200,0.09,0.001,True,1000.0,90.0
14.5,200,0.09,0.001,False,1000.0,90.0
14.5,200,0.09,0.01,True,1000.0,90.0
14.5,200,0.09,0.01,False,1000.0,90.0
14.5,200,0.09,0.1,True,1000.0,90.0
14.5,200,0.09,0.1,False,1000.0,90.0
14.5,200,0.1,0.0001,True,1000.0,90.0
14.5,200,0.1,0.0001,False,1000.0,90.0
14.5,200,0.1,0.001,True,1000.0,90.0
14.5,200,0.1,0.001,False,1000.0,90.0
14.5,200,0.1,0.01,True,1000.0,90.0
14.5,200,0.1,0.01,False,1000.0,90.0
14.5,200,0.1,0.1,True,1000.0,90.0
14.5,200,0.1,0.1,False,1000.0,90.0
14.5,200,0.1,0.0001,True,1000.0,90.0
14.5,200,0.1,0.0001,False,1000.0,90.0
14.5,200,0.1,0.001,True,1000.0,90.0
14.5,200,0.1,0.001,False,1000.0,90.0
14.5,200,0.1,0.01,True,1000.0,90.0
14.5,200,0.1,0.01,False,1000.0,90.0
14.5,200,0.1,0.1,True,1000.0,90.0
14.5,200,0.1,0.1,False,1000.0,90.0
14.5,200,0.2,0.0001,True,1000.0,90.0
14.5,200,0.2,0.0001,False,1000.0,90.0
14.5,200,0.2,0.001,True,1000.0,90.0
14.5,200,0.2,0.001,False,1000.0,90.0
14.5,200,0.2,0.01,True,1000.0,90.0
14.5,200,0.2,0.01,False,1000.0,90.0
14.5,200,0.2,0.1,True,1000.0,90.0
14.5,200,0.2,0.1,False,1000.0,90.0
14.5,200,0.30000000000000004,0.0001,True,1000.0,90.0
14.5,200,0.30000000000000004,0.0001,False,1000.0,90.0
14.5,200,0.30000000000000004,0.001,True,1000.0,90.0
14.5,200,0.30000000000000004,0.001,False,1000.0,90.0
14.5,200,0.30000000000000004,0.01,True,1000.0,90.0
14.5,200,0.30000000000000004,0.01,False,1000.0,90.0
14.5,200,0.30000000000000004,0.1,True,1000.0,90.0
14.5,200,0.30000000000000004,0.1,False,1000.0,90.0
14.5,200,0.4,0.0001,True,1000.0,90.0
14.5,200,0.4,0.0001,False,1000.0,90.0
14.5,200,0.4,0.001,True,1000.0,90.0
14.5,200,0.4,0.001,False,1000.0,90.0
14.5,200,0.4,0.01,True,1000.0,90.0
14.5,200,0.4,0.01,False,1000.0,90.0
14.5,200,0.4,0.1,True,1000.0,90.0
14.5,200,0.4,0.1,False,1000.0,90.0
14.5,400,0.001,0.0001,True,0.9964454385623331,4.906949257797628
14.5,400,0.001,0.0001,False,0.9973131315450301,6.873334802379851
14.5,400,0.001,0.001,True,0.9964454385623331,4.906949257797628
14.5,400,0.001,0.001,False,0.9973131315450301,6.873334802379851
14.5,400,0.001,0.01,True,0.9964454385623331,4.906949257797628
14.5,400,0.001,0.01,False,0.9973131315450301,6.873334802379851
14.5,400,0.001,0.1,True,0.9964454385623331,4.906949257797628
14.5,400,0.001,0.1,False,0.9973131315450301,6.873334802379851
14.5,400,0.002,0.0001,True,0.9954965123562567,2.594402932751052
14.5,400,0.002,0.0001,False,0.9955770864849398,3.529517818866559
14.5,400,0.002,0.001,True,0.9954965123562567,2.594402932751052
14.5,400,0.002,0.001,False,0.9955770864849398,3.529517818866559
14.5,400,0.002,0.01,True,0.9954965123562567,2.594402932751052
14.5,400,0.002,0.01,False,0.9955770864849398,3.529517818866559
14.5,400,0.002,0.1,True,0.9954965123562567,2.594402932751052
14.5,400,0.002,0.1,False,0.9955770864849398,3.529517818866559
14.5,400,0.003,0.0001,True,0.9953349359568291,1.5631322742843388
14.5,400,0.003,0.0001,False,0.9954557884305839,2.6280574530739784
14.5,400,0.003,0.001,True,0.9953349359568291,1.5631322742843388
14.5,400,0.003,0.001,False,0.9954557884305839,2.6280574530739784
14.5,400,0.003,0.01,True,0.9953349359568291,1.5631322742843388
14.5,400,0.003,0.01,False,0.9954557884305839,2.6280574530739784
14.5,400,0.003,0.1,True,0.9953349359568291,1.5631322742843388
14.5,400,0.003,0.1,False,0.9954557884305839,2.6280574530739784
14.5,400,0.004,0.0001,True,0.9951733728657101,1.2193753881287677
14.5,400,0.004,0.0001,False,0.9953344978717429,2.072757867745743
14.5,400,0.004,0.001,True,0.9951733728657101,1.2193753881287677
14.5,400,0.004,0.001,False,0.9953344978717429,2.072757867745743
14.5,400,0.004,0.01,True,0.9951733728657101,1.2193753881287677
14.5,400,0.004,0.01,False,0.9953344978717429,2.072757867745743
14.5,400,0.004,0.1,True,0.9951733728657101,1.2193753881287677
14.5,400,0.004,0.1,False,0.9953344978717429,2.072757867745743
14.5,400,0.005,0.0001,True,0.9950118230828076,3.510286664396318
14.5,400,0.005,0.0001,False,0.9952132148083518,1.4237064043750856
14.5,400,0.005,0.001,True,0.9950118230828076,3.510286664396318
14.5,400,0.005,0.001,False,0.9952132148083518,1.4237064043750856
14.5,400,0.005,0.01,True,0.9950118230828076,3.510286664396318
14.5,400,0.005,0.01,False,0.9952132148083518,1.4237064043750856
14.5,400,0.005,0.1,True,0.9950118230828076,3.510286664396318
14.5,400,0.005,0.1,False,0.9952132148083518,1.4237064043750856
14.5,400,0.006,0.0001,True,0.9948502866081641,3.4429776237504726
14.5,400,0.006,0.0001,False,0.9950919392404314,3.690578737554837
14.5,400,0.006,0.001,True,0.9948502866081641,3.4429776237504726
14.5,400,0.006,0.001,False,0.9950919392404314,3.690578737554837
14.5,400,0.006,0.01,True,0.9948502866081641,3.4429776237504726
14.5,400,0.006,0.01,False,0.9950919392404314,3.690578737554837
14.5,400,0.006,0.1,True,0.9948502866081641,3.4429776237504726
14.5,400,0.006,0.1,False,0.9950919392404314,3.690578737554837
14.5,400,0.007,0.0001,True,0.9946887634416248,4.656944249684486
14.5,400,0.007,0.0001,False,0.9949706711679395,3.690578737554837
14.5,400,0.007,0.001,True,0.9946887634416248,4.656944249684486
14.5,400,0.007,0.001,False,0.9949706711679395,3.690578737554837
14.5,400,0.007,0.01,True,0.9946887634416248,4.656944249684486
14.5,400,0.007,0.01,False,0.9949706711679395,3.690578737554837
14.5,400,0.007,0.1,True,0.9946887634416248,4.656944249684486
14.5,400,0.007,0.1,False,0.9949706711679395,3.690578737554837
14.5,400,0.008,0.0001,True,0.9945272535832163,5.870910875618499
14.5,400,0.008,0.0001,False,0.9948494105908622,3.6232696969089915
14.5,400,0.008,0.001,True,0.9945272535832163,5.870910875618499
14.5,400,0.008,0.001,False,0.9948494105908622,3.6232696969089915
14.5,400,0.008,0.01,True,0.9945272535832163,5.870910875618499
14.5,400,0.008,0.01,False,0.9948494105908622,3.6232696969089915
14.5,400,0.008,0.1,True,0.9945272535832163,5.870910875618499
14.5,400,0.008,0.1,False,0.9948494105908622,3.6232696969089915
14.5,400,0.009000000000000001,0.0001,True,0.994365757032874,8.332498647809452
14.5,400,0.009000000000000001,0.0001,False,0.9947281575091637,3.5535567619543613
14.5,400,0.009000000000000001,0.001,True,0.994365757032874,8.332498647809452
14.5,400,0.009000000000000001,0.001,False,0.9947281575091637,3.5535567619543613
14.5,400,0.009000000000000001,0.01,True,0.994365757032874,8.332498647809452
14.5,400,0.009000000000000001,0.01,False,0.9947281575091637,3.5535567619543613
14.5,400,0.009000000000000001,0.1,True,0.994365757032874,8.332498647809452
14.5,400,0.009000000000000001,0.1,False,0.9947281575091637,3.5535567619543613
14.5,400,0.01,0.0001,True,0.9942042737904934,12.075362086580256
14.5,400,0.01,0.0001,False,0.994606911922847,4.7675233878883745
14.5,400,0.01,0.001,True,0.9942042737904934,12.075362086580256
14.5,400,0.01,0.001,False,0.994606911922847,4.7675233878883745
14.5,400,0.01,0.01,True,0.9942042737904934,12.075362086580256
14.5,400,0.01,0.01,False,0.994606911922847,4.7675233878883745
14.5,400,0.01,0.1,True,0.9942042737904934,12.075362086580256
14.5,400,0.01,0.1,False,0.994606911922847,4.7675233878883745
14.5,400,0.01,0.0001,True,0.9942042737904934,12.075362086580256
14.5,400,0.01,0.0001,False,0.994606911922847,4.7675233878883745
14.5,400,0.01,0.001,True,0.9942042737904934,12.075362086580256
14.5,400,0.01,0.001,False,0.994606911922847,4.7675233878883745
14.5,400,0.01,0.01,True,0.9942042737904934,12.075362086580256
14.5,400,0.01,0.01,False,0.994606911922847,4.7675233878883745
14.5,400,0.01,0.1,True,0.9942042737904934,12.075362086580256
14.5,400,0.01,0.1,False,0.994606911922847,4.7675233878883745
14.5,400,0.02,0.0001,True,1000.0,90.0
14.5,400,0.02,0.0001,False,0.9933948683012748,25.8424647929646
14.5,400,0.02,0.001,True,1000.0,90.0
14.5,400,0.02,0.001,False,0.9933948683012748,25.8424647929646
14.5,400,0.02,0.01,True,1000.0,90.0
14.5,400,0.02,0.01,False,0.9933948683012748,25.8424647929646
14.5,400,0.02,0.1,True,1000.0,90.0
14.5,400,0.02,0.1,False,0.9933948683012748,25.8424647929646
14.5,400,0.03,0.0001,True,1000.0,90.0
14.5,400,0.03,0.0001,False,1000.0,90.0
14.5,400,0.03,0.001,True,1000.0,90.0
14.5,400,0.03,0.001,False,1000.0,90.0
14.5,400,0.03,0.01,True,1000.0,90.0
14.5,400,0.03,0.01,False,1000.0,90.0
14.5,400,0.03,0.1,True,1000.0,90.0
14.5,400,0.03,0.1,False,1000.0,90.0
14.5,400,0.04,0.0001,True,1000.0,90.0
14.5,400,0.04,0.0001,False,1000.0,90.0
14.5,400,0.04,0.001,True,1000.0,90.0
14.5,400,0.04,0.001,False,1000.0,90.0
14.5,400,0.04,0.01,True,1000.0,90.0
14.5,400,0.04,0.01,False,1000.0,90.0
14.5,400,0.04,0.1,True,1000.0,90.0
14.5,400,0.04,0.1,False,1000.0,90.0
14.5,400,0.05,0.0001,True,1000.0,90.0
14.5,400,0.05,0.0001,False,1000.0,90.0
14.5,400,0.05,0.001,True,1000.0,90.0
14.5,400,0.05,0.001,False,1000.0,90.0
14.5,400,0.05,0.01,True,1000.0,90.0
14.5,400,0.05,0.01,False,1000.0,90.0
14.5,400,0.05,0.1,True,1000.0,90.0
14.5,400,0.05,0.1,False,1000.0,90.0
14.5,400,0.06,0.0001,True,1000.0,90.0
14.5,400,0.06,0.0001,False,1000.0,90.0
14.5,400,0.06,0.001,True,1000.0,90.0
14.5,400,0.06,0.001,False,1000.0,90.0
14.5,400,0.06,0.01,True,1000.0,90.0
14.5,400,0.06,0.01,False,1000.0,90.0
14.5,400,0.06,0.1,True,1000.0,90.0
14.5,400,0.06,0.1,False,1000.0,90.0
14.5,400,0.07,0.0001,True,1000.0,90.0
14.5,400,0.07,0.0001,False,1000.0,90.0
14.5,400,0.07,0.001,True,1000.0,90.0
14.5,400,0.07,0.001,False,1000.0,90.0
14.5,400,0.07,0.01,True,1000.0,90.0
14.5,400,0.07,0.01,False,1000.0,90.0
14.5,400,0.07,0.1,True,1000.0,90.0
14.5,400,0.07,0.1,False,1000.0,90.0
14.5,400,0.08,0.0001,True,1000.0,90.0
14.5,400,0.08,0.0001,False,1000.0,90.0
14.5,400,0.08,0.001,True,1000.0,90.0
14.5,400,0.08,0.001,False,1000.0,90.0
14.5,400,0.08,0.01,True,1000.0,90.0
14.5,400,0.08,0.01,False,1000.0,90.0
14.5,400,0.08,0.1,True,1000.0,90.0
14.5,400,0.08,0.1,False,1000.0,90.0
14.5,400,0.09,0.0001,True,1000.0,90.0
14.5,400,0.09,0.0001,False,1000.0,90.0
14.5,400,0.09,0.001,True,1000.0,90.0
14.5,400,0.09,0.001,False,1000.0,90.0
14.5,400,0.09,0.01,True,1000.0,90.0
14.5,400,0.09,0.01,False,1000.0,90.0
14.5,400,0.09,0.1,True,1000.0,90.0
14.5,400,0.09,0.1,False,1000.0,90.0
14.5,400,0.1,0.0001,True,1000.0,90.0
14.5,400,0.1,0.0001,False,1000.0,90.0
14.5,400,0.1,0.001,True,1000.0,90.0
14.5,400,0.1,0.001,False,1000.0,90.0
14.5,400,0.1,0.01,True,1000.0,90.0
14.5,400,0.1,0.01,False,1000.0,90.0
14.5,400,0.1,0.1,True,1000.0,90.0
14.5,400,0.1,0.1,False,1000.0,90.0
14.5,400,0.1,0.0001,True,1000.0,90.0
14.5,400,0.1,0.0001,False,1000.0,90.0
14.5,400,0.1,0.001,True,1000.0,90.0
14.5,400,0.1,0.001,False,1000.0,90.0
14.5,400,0.1,0.01,True,1000.0,90.0
14.5,400,0.1,0.01,False,1000.0,90.0
14.5,400,0.1,0.1,True,1000.0,90.0
14.5,400,0.1,0.1,False,1000.0,90.0
14.5,400,0.2,0.0001,True,1000.0,90.0
14.5,400,0.2,0.0001,False,1000.0,90.0
14.5,400,0.2,0.001,True,1000.0,90.0
14.5,400,0.2,0.001,False,1000.0,90.0
14.5,400,0.2,0.01,True,1000.0,90.0
14.5,400,0.2,0.01,False,1000.0,90.0
14.5,400,0.2,0.1,True,1000.0,90.0
14.5,400,0.2,0.1,False,1000.0,90.0
14.5,400,0.30000000000000004,0.0001,True,1000.0,90.0
14.5,400,0.30000000000000004,0.0001,False,1000.0,90.0
14.5,400,0.30000000000000004,0.001,True,1000.0,90.0
14.5,400,0.30000000000000004,0.001,False,1000.0,90.0
14.5,400,0.30000000000000004,0.01,True,1000.0,90.0
14.5,400,0.30000000000000004,0.01,False,1000.0,90.0
14.5,400,0.30000000000000004,0.1,True,1000.0,90.0
14.5,400,0.30000000000000004,0.1,False,1000.0,90.0
14.5,400,0.4,0.0001,True,1000.0,90.0
14.5,400,0.4,0.0001,False,1000.0,90.0
14.5,400,0.4,0.001,True,1000.0,90.0
14.5,400,0.4,0.001,False,1000.0,90.0
14.5,400,0.4,0.01,True,1000.0,90.0
14.5,400,0.4,0.01,False,1000.0,90.0
14.5,400,0.4,0.1,True,1000.0,90.0
14.5,400,0.4,0.1,False,1000.0,90.0
14.5,600,0.001,0.0001,True,0.997622507969637,5.426190428494159
14.5,600,0.001,0.0001,False,0.9977236976644568,7.219495582844203
14.5,600,0.001,0.001,True,0.997622507969637,5.426190428494159
14.5,600,0.001,0.001,False,0.9977236976644568,7.219495582844203
14.5,600,0.001,0.01,True,0.997622507969637,5.426190428494159
14.5,600,0.001,0.01,False,0.9977236976644568,7.219495582844203
14.5,600,0.001,0.1,True,0.997622507969637,5.426190428494159
14.5,600,0.001,0.1,False,0.9977236976644568,7.219495582844203
14.5,600,0.002,0.0001,True,0.9955633262850485,2.5343055750315457
14.5,600,0.002,0.0001,False,0.9955966780810548,3.875678599330911
14.5,600,0.002,0.001,True,0.9955633262850485,2.5343055750315457
14.5,600,0.002,0.001,False,0.9955966780810548,3.875678599330911
14.5,600,0.002,0.01,True,0.9955633262850485,2.5343055750315457
14.5,600,0.002,0.01,False,0.9955966780810548,3.875678599330911
14.5,600,0.002,0.1,True,0.9955633262850485,2.5343055750315457
14.5,600,0.002,0.1,False,0.9955966780810548,3.875678599330911
14.5,600,0.003,0.0001,True,0.9954351494921512,1.8491956970291845
14.5,600,0.003,0.0001,False,0.9954851741023902,2.7674833229832316
14.5,600,0.003,0.001,True,0.9954351494921512,1.8491956970291845
14.5,600,0.003,0.001,False,0.9954851741023902,2.7674833229832316
14.5,600,0.003,0.01,True,0.9954351494921512,1.8491956970291845
14.5,600,0.003,0.01,False,0.9954851741023902,2.7674833229832316
14.5,600,0.003,0.1,True,0.9954351494921512,1.8491956970291845
14.5,600,0.003,0.1,False,0.9954851741023902,2.7674833229832316
14.5,600,0.004,0.0001,True,0.9953069811022749,3.334802379855361
14.5,600,0.004,0.0001,False,0.9953736764709502,1.8059255994711414
14.5,600,0.004,0.001,True,0.9953069811022749,3.334802379855361
14.5,600,0.004,0.001,False,0.9953736764709502,1.8059255994711414
14.5,600,0.004,0.01,True,0.9953069811022749,3.334802379855361
14.5,600,0.004,0.01,False,0.9953736764709502,1.8059255994711414
14.5,600,0.004,0.1,True,0.9953069811022749,3.334802379855361
14.5,600,0.004,0.1,False,0.9953736764709502,1.8059255994711414
14.5,600,0.005,0.0001,True,0.9951788211154813,3.231434924577812
14.5,600,0.005,0.0001,False,0.9952621851867341,1.4621687133155703
14.5,600,0.005,0.001,True,0.9951788211154813,3.231434924577812
14.5,600,0.005,0.001,False,0.9952621851867341,1.4621687133155703
14.5,600,0.005,0.01,True,0.9951788211154813,3.231434924577812
14.5,600,0.005,0.01,False,0.9952621851867341,1.4621687133155703
14.5,600,0.005,0.1,True,0.9951788211154813,3.231434924577812
14.5,600,0.005,0.1,False,0.9952621851867341,1.4621687133155703
14.5,600,0.006,0.0001,True,0.9950506695316564,3.0607584286544167
14.5,600,0.006,0.0001,False,0.9951507002497308,1.2602415913780298
14.5,600,0.006,0.001,True,0.9950506695316564,3.0607584286544167
14.5,600,0.006,0.001,False,0.9951507002497308,1.2602415913780298
14.5,600,0.006,0.01,True,0.9950506695316564,3.0607584286544167
14.5,600,0.006,0.01,False,0.9951507002497308,1.2602415913780298
14.5,600,0.006,0.1,True,0.9950506695316564,3.0607584286544167
14.5,600,0.006,0.1,False,0.9951507002497308,1.2602415913780298
14.5,600,0.007,0.0001,True,0.9949225263507934,2.892485827039799
14.5,600,0.007,0.0001,False,0.9950392216599055,4.072797932650893
14.5,600,0.007,0.001,True,0.9949225263507934,2.892485827039799
14.5,600,0.007,0.001,False,0.9950392216599055,4.072797932650893
14.5,600,0.007,0.01,True,0.9949225263507934,2.892485827039799
14.5,600,0.007,0.01,False,0.9950392216599055,4.072797932650893
14.5,600,0.007,0.1,True,0.9949225263507934,2.892485827039799
14.5,600,0.007,0.1,False,0.9950392216599055,4.072797932650893
14.5,600,0.008,0.0001,True,0.9947943915728632,2.7939261603798116
14.5,600,0.008,0.0001,False,0.9949277494172415,4.1449147619143005
14.5,600,0.008,0.001,True,0.9947943915728632,2.7939261603798116
14.5,600,0.008,0.001,False,0.9949277494172415,4.1449147619143005
14.5,600,0.008,0.01,True,0.9947943915728632,2.7939261603798116
14.5,600,0.008,0.01,False,0.9949277494172415,4.1449147619143005
14.5,600,0.008,0.1,True,0.9947943915728632,2.7939261603798116
14.5,600,0.008,0.1,False,0.9949277494172415,4.1449147619143005
14.5,600,0.009000000000000001,0.0001,True,0.9946662651978253,3.8251968188465284
14.5,600,0.009000000000000001,0.0001,False,0.994816283521755,4.113664135900159
14.5,600,0.009000000000000001,0.001,True,0.9946662651978253,3.8251968188465284
14.5,600,0.009000000000000001,0.001,False,0.994816283521755,4.113664135900159
14.5,600,0.009000000000000001,0.01,True,0.9946662651978253,3.8251968188465284
14.5,600,0.009000000000000001,0.01,False,0.994816283521755,4.113664135900159
14.5,600,0.009000000000000001,0.1,True,0.9946662651978253,3.8251968188465284
14.5,600,0.009000000000000001,0.1,False,0.994816283521755,4.113664135900159
14.5,600,0.01,0.0001,True,0.9945381472257242,3.935775957050417
14.5,600,0.01,0.0001,False,0.9947048239734404,4.080009615577232
14.5,600,0.01,0.001,True,0.9945381472257242,3.935775957050417
14.5,600,0.01,0.001,False,0.9947048239734404,4.080009615577232
14.5,600,0.01,0.01,True,0.9945381472257242,3.935775957050417
14.5,600,0.01,0.01,False,0.9947048239734404,4.080009615577232
14.5,600,0.01,0.1,True,0.9945381472257242,3.935775957050417
14.5,600,0.01,0.1,False,0.9947048239734404,4.080009615577232
14.5,600,0.01,0.0001,True,0.9945381472257242,3.935775957050417
14.5,600,0.01,0.0001,False,0.9947048239734404,4.080009615577232
14.5,600,0.01,0.001,True,0.9945381472257242,3.935775957050417
14.5,600,0.01,0.001,False,0.9947048239734404,4.080009615577232
14.5,600,0.01,0.01,True,0.9945381472257242,3.935775957050417
14.5,600,0.01,0.01,False,0.9947048239734404,4.080009615577232
14.5,600,0.01,0.1,True,0.9945381472257242,3.935775957050417
14.5,600,0.01,0.1,False,0.9947048239734404,4.080009615577232
14.5,600,0.02,0.0001,True,1000.0,90.0
14.5,600,0.02,0.0001,False,1000.0,90.0
14.5,600,0.02,0.001,True,1000.0,90.0
14.5,600,0.02,0.001,False,1000.0,90.0
14.5,600,0.02,0.01,True,1000.0,90.0
14.5,600,0.02,0.01,False,1000.0,90.0
14.5,600,0.02,0.1,True,1000.0,90.0
14.5,600,0.02,0.1,False,1000.0,90.0
14.5,600,0.03,0.0001,True,1000.0,90.0
14.5,600,0.03,0.0001,False,1000.0,90.0
14.5,600,0.03,0.001,True,1000.0,90.0
14.5,600,0.03,0.001,False,1000.0,90.0
14.5,600,0.03,0.01,True,1000.0,90.0
14.5,600,0.03,0.01,False,1000.0,90.0
14.5,600,0.03,0.1,True,1000.0,90.0
14.5,600,0.03,0.1,False,1000.0,90.0
14.5,600,0.04,0.0001,True,453.189149932832,39.465333840822126
14.5,600,0.04,0.0001,False,1000.0,90.0
14.5,600,0.04,0.001,True,453.189149932832,39.465333840822126
14.5,600,0.04,0.001,False,1000.0,90.0
14.5,600,0.04,0.01,True,453.189149932832,39.465333840822126
14.5,600,0.04,0.01,False,1000.0,90.0
14.5,600,0.04,0.1,True,453.189149932832,39.465333840822126
14.5,600,0.04,0.1,False,1000.0,90.0
14.5,600,0.05,0.0001,True,1000.0,90.0
14.5,600,0.05,0.0001,False,1000.0,90.0
14.5,600,0.05,0.001,True,1000.0,90.0
14.5,600,0.05,0.001,False,1000.0,90.0
14.5,600,0.05,0.01,True,1000.0,90.0
14.5,600,0.05,0.01,False,1000.0,90.0
14.5,600,0.05,0.1,True,1000.0,90.0
14.5,600,0.05,0.1,False,1000.0,90.0
14.5,600,0.06,0.0001,True,1000.0,90.0
14.5,600,0.06,0.0001,False,1000.0,90.0
14.5,600,0.06,0.001,True,1000.0,90.0
14.5,600,0.06,0.001,False,1000.0,90.0
14.5,600,0.06,0.01,True,1000.0,90.0
14.5,600,0.06,0.01,False,1000.0,90.0
14.5,600,0.06,0.1,True,1000.0,90.0
14.5,600,0.06,0.1,False,1000.0,90.0
14.5,600,0.07,0.0001,True,1000.0,90.0
14.5,600,0.07,0.0001,False,1000.0,90.0
14.5,600,0.07,0.001,True,1000.0,90.0
14.5,600,0.07,0.001,False,1000.0,90.0
14.5,600,0.07,0.01,True,1000.0,90.0
14.5,600,0.07,0.01,False,1000.0,90.0
14.5,600,0.07,0.1,True,1000.0,90.0
14.5,600,0.07,0.1,False,1000.0,90.0
14.5,600,0.08,0.0001,True,1000.0,90.0
14.5,600,0.08,0.0001,False,1000.0,90.0
14.5,600,0.08,0.001,True,1000.0,90.0
14.5,600,0.08,0.001,False,1000.0,90.0
14.5,600,0.08,0.01,True,1000.0,90.0
14.5,600,0.08,0.01,False,1000.0,90.0
14.5,600,0.08,0.1,True,1000.0,90.0
14.5,600,0.08,0.1,False,1000.0,90.0
14.5,600,0.09,0.0001,True,1000.0,90.0
14.5,600,0.09,0.0001,False,1000.0,90.0
14.5,600,0.09,0.001,True,1000.0,90.0
14.5,600,0.09,0.001,False,1000.0,90.0
14.5,600,0.09,0.01,True,1000.0,90.0
14.5,600,0.09,0.01,False,1000.0,90.0
14.5,600,0.09,0.1,True,1000.0,90.0
14.5,600,0.09,0.1,False,1000.0,90.0
14.5,600,0.1,0.0001,True,1000.0,34.47725315010317
14.5,600,0.1,0.0001,False,1000.0,90.0
14.5,600,0.1,0.001,True,1000.0,34.47725315010317
14.5,600,0.1,0.001,False,1000.0,90.0
14.5,600,0.1,0.01,True,1000.0,34.47725315010317
14.5,600,0.1,0.01,False,1000.0,90.0
14.5,600,0.1,0.1,True,1000.0,34.47725315010317
14.5,600,0.1,0.1,False,1000.0,90.0
14.5,600,0.1,0.0001,True,1000.0,34.47725315010317
14.5,600,0.1,0.0001,False,1000.0,90.0
14.5,600,0.1,0.001,True,1000.0,34.47725315010317
14.5,600,0.1,0.001,False,1000.0,90.0
14.5,600,0.1,0.01,True,1000.0,34.47725315010317
14.5,600,0.1,0.01,False,1000.0,90.0
14.5,600,0.1,0.1,True,1000.0,34.47725315010317
14.5,600,0.1,0.1,False,1000.0,90.0
14.5,600,0.2,0.0001,True,1000.0,90.0
14.5,600,0.2,0.0001,False,1000.0,90.0
14.5,600,0.2,0.001,True,1000.0,90.0
14.5,600,0.2,0.001,False,1000.0,90.0
14.5,600,0.2,0.01,True,1000.0,90.0
14.5,600,0.2,0.01,False,1000.0,90.0
14.5,600,0.2,0.1,True,1000.0,90.0
14.5,600,0.2,0.1,False,1000.0,90.0
14.5,600,0.30000000000000004,0.0001,True,1000.0,90.0
14.5,600,0.30000000000000004,0.0001,False,1000.0,90.0
14.5,600,0.30000000000000004,0.001,True,1000.0,90.0
14.5,600,0.30000000000000004,0.001,False,1000.0,90.0
14.5,600,0.30000000000000004,0.01,True,1000.0,90.0
14.5,600,0.30000000000000004,0.01,False,1000.0,90.0
14.5,600,0.30000000000000004,0.1,True,1000.0,90.0
14.5,600,0.30000000000000004,0.1,False,1000.0,90.0
14.5,600,0.4,0.0001,True,1000.0,90.0
14.5,600,0.4,0.0001,False,1000.0,90.0
14.5,600,0.4,0.001,True,1000.0,90.0
14.5,600,0.4,0.001,False,1000.0,90.0
14.5,600,0.4,0.01,True,1000.0,90.0
14.5,600,0.4,0.01,False,1000.0,90.0
14.5,600,0.4,0.1,True,1000.0,90.0
14.5,600,0.4,0.1,False,1000.0,90.0
14.5,800,0.001,0.0001,True,0.9976265589425906,5.392535908171233
14.5,800,0.001,0.0001,False,0.9978698677207516,7.2892085177988335
14.5,800,0.001,0.001,True,0.9976265589425906,5.392535908171233
14.5,800,0.001,0.001,False,0.9978698677207516,7.2892085177988335
14.5,800,0.001,0.01,True,0.9976265589425906,5.392535908171233
14.5,800,0.001,0.01,False,0.9978698677207516,7.2892085177988335
14.5,800,0.001,0.1,True,0.9976265589425906,5.392535908171233
14.5,800,0.001,0.1,False,0.9978698677207516,7.2892085177988335
14.5,800,0.002,0.0001,True,0.995563189915798,2.604018509986176
14.5,800,0.002,0.0001,False,0.9958468075781811,3.9790460546084603
14.5,800,0.002,0.001,True,0.995563189915798,2.604018509986176
14.5,800,0.002,0.001,False,0.9958468075781811,3.9790460546084603
14.5,800,0.002,0.01,True,0.995563189915798,2.604018509986176
14.5,800,0.002,0.01,False,0.9958468075781811,3.9790460546084603
14.5,800,0.002,0.1,True,0.995563189915798,2.604018509986176
14.5,800,0.002,0.1,False,0.9958468075781811,3.9790460546084603
14.5,800,0.003,0.0001,True,0.9954349449535315,1.8491956970291845
14.5,800,0.003,0.0001,False,0.9954867969342793,2.4261303311364415
14.5,800,0.003,0.001,True,0.9954349449535315,1.8491956970291845
14.5,800,0.003,0.001,False,0.9954867969342793,2.4261303311364415
14.5,800,0.003,0.01,True,0.9954349449535315,1.8491956970291845
14.5,800,0.003,0.01,False,0.9954867969342793,2.4261303311364415
14.5,800,0.003,0.1,True,0.9954349449535315,1.8491956970291845
14.5,800,0.003,0.1,False,0.9954867969342793,2.4261303311364415
14.5,800,0.004,0.0001,True,0.9953067084045664,1.5390933311965362
14.5,800,0.004,0.0001,False,0.9953758401403892,1.7410204531340732
14.5,800,0.004,0.001,True,0.9953067084045664,1.5390933311965362
14.5,800,0.004,0.001,False,0.9953758401403892,1.7410204531340732
14.5,800,0.004,0.01,True,0.9953067084045664,1.5390933311965362
14.5,800,0.004,0.01,False,0.9953758401403892,1.7410204531340732
14.5,800,0.004,0.1,True,0.9953067084045664,1.5390933311965362
14.5,800,0.004,0.1,False,0.9953758401403892,1.7410204531340732
14.5,800,0.005,0.0001,True,0.9951784802688332,3.024700014022713
14.5,800,0.005,0.0001,False,0.9952648896404567,1.4669765019331287
14.5,800,0.005,0.001,True,0.9951784802688332,3.024700014022713
14.5,800,0.005,0.001,False,0.9952648896404567,1.4669765019331287
14.5,800,0.005,0.01,True,0.9951784802688332,3.024700014022713
14.5,800,0.005,0.01,False,0.9952648896404567,1.4669765019331287
14.5,800,0.005,0.1,True,0.9951784802688332,3.024700014022713
14.5,800,0.005,0.1,False,0.9952648896404567,1.4669765019331287
14.5,800,0.006,0.0001,True,0.9950502605462972,2.923736453053948
14.5,800,0.006,0.0001,False,0.9951539454344923,1.2987039003185146
14.5,800,0.006,0.001,True,0.9950502605462972,2.923736453053948
14.5,800,0.006,0.001,False,0.9951539454344923,1.2987039003185146
14.5,800,0.006,0.01,True,0.9950502605462972,2.923736453053948
14.5,800,0.006,0.01,False,0.9951539454344923,1.2987039003185146
14.5,800,0.006,0.1,True,0.9950502605462972,2.923736453053948
14.5,800,0.006,0.1,False,0.9951539454344923,1.2987039003185146
14.5,800,0.007,0.0001,True,0.9949220492369057,2.7891183717622496
14.5,800,0.007,0.0001,False,0.9950430075224889,2.515074420561305
14.5,800,0.007,0.001,True,0.9949220492369057,2.7891183717622496
14.5,800,0.007,0.001,False,0.9950430075224889,2.515074420561305
14.5,800,0.007,0.01,True,0.9949220492369057,2.7891183717622496
14.5,800,0.007,0.01,False,0.9950430075224889,2.515074420561305
14.5,800,0.007,0.1,True,0.9949220492369057,2.7891183717622496
14.5,800,0.007,0.1,False,0.9950430075224889,2.515074420561305
14.5,800,0.008,0.0001,True,0.9947938463406752,2.7242132254251885
14.5,800,0.008,0.0001,False,0.9949320759044281,4.601654680582541
14.5,800,0.008,0.001,True,0.9947938463406752,2.7242132254251885
14.5,800,0.008,0.001,False,0.9949320759044281,4.601654680582541
14.5,800,0.008,0.01,True,0.9947938463406752,2.7242132254251885
14.5,800,0.008,0.01,False,0.9949320759044281,4.601654680582541
14.5,800,0.008,0.1,True,0.9947938463406752,2.7242132254251885
14.5,800,0.008,0.1,False,0.9949320759044281,4.601654680582541
14.5,800,0.009000000000000001,0.0001,True,0.9946656518575923,4.041547306636751
14.5,800,0.009000000000000001,0.0001,False,0.9948211505802801,4.78194675374106
14.5,800,0.009000000000000001,0.001,True,0.9946656518575923,4.041547306636751
14.5,800,0.009000000000000001,0.001,False,0.9948211505802801,4.78194675374106
14.5,800,0.009000000000000001,0.01,True,0.9946656518575923,4.041547306636751
14.5,800,0.009000000000000001,0.01,False,0.9948211505802801,4.78194675374106
14.5,800,0.009000000000000001,0.1,True,0.9946656518575923,4.041547306636751
14.5,800,0.009000000000000001,0.1,False,0.9948211505802801,4.78194675374106
14.5,800,0.01,0.0001,True,0.9945374657875432,4.188184859472344
14.5,800,0.01,0.0001,False,0.9947102315500432,7.971914501492414
14.5,800,0.01,0.001,True,0.9945374657875432,4.188184859472344
14.5,800,0.01,0.001,False,0.9947102315500432,7.971914501492414
14.5,800,0.01,0.01,True,0.9945374657875432,4.188184859472344
14.5,800,0.01,0.01,False,0.9947102315500432,7.971914501492414
14.5,800,0.01,0.1,True,0.9945374657875432,4.188184859472344
14.5,800,0.01,0.1,False,0.9947102315500432,7.971914501492414
14.5,800,0.01,0.0001,True,0.9945374657875432,4.188184859472344
14.5,800,0.01,0.0001,False,0.9947102315500432,7.971914501492414
14.5,800,0.01,0.001,True,0.9945374657875432,4.188184859472344
14.5,800,0.01,0.001,False,0.9947102315500432,7.971914501492414
14.5,800,0.01,0.01,True,0.9945374657875432,4.188184859472344
14.5,800,0.01,0.01,False,0.9947102315500432,7.971914501492414
14.5,800,0.01,0.1,True,0.9945374657875432,4.188184859472344
14.5,800,0.01,0.1,False,0.9947102315500432,7.971914501492414
14.5,800,0.02,0.0001,True,108.86962871921997,39.93409323103427
14.5,800,0.02,0.0001,False,683.4218809828341,90.0
14.5,800,0.02,0.001,True,108.86962871921997,39.93409323103427
14.5,800,0.02,0.001,False,683.4218809828341,90.0
14.5,800,0.02,0.01,True,108.86962871921997,39.93409323103427
14.5,800,0.02,0.01,False,683.4218809828341,90.0
14.5,800,0.02,0.1,True,108.86962871921997,39.93409323103427
14.5,800,0.02,0.1,False,683.4218809828341,90.0
14.5,800,0.03,0.0001,True,1000.0,90.0
14.5,800,0.03,0.0001,False,1000.0,90.0
14.5,800,0.03,0.001,True,1000.0,90.0
14.5,800,0.03,0.001,False,1000.0,90.0
14.5,800,0.03,0.01,True,1000.0,90.0
14.5,800,0.03,0.01,False,1000.0,90.0
14.5,800,0.03,0.1,True,1000.0,90.0
14.5,800,0.03,0.1,False,1000.0,90.0
14.5,800,0.04,0.0001,True,1000.0,90.0
14.5,800,0.04,0.0001,False,1000.0,90.0
14.5,800,0.04,0.001,True,1000.0,90.0
14.5,800,0.04,0.001,False,1000.0,90.0
14.5,800,0.04,0.01,True,1000.0,90.0
14.5,800,0.04,0.01,False,1000.0,90.0
14.5,800,0.04,0.1,True,1000.0,90.0
14.5,800,0.04,0.1,False,1000.0,90.0
14.5,800,0.05,0.0001,True,1000.0,90.0
14.5,800,0.05,0.0001,False,1000.0,90.0
14.5,800,0.05,0.001,True,1000.0,90.0
14.5,800,0.05,0.001,False,1000.0,90.0
14.5,800,0.05,0.01,True,1000.0,90.0
14.5,800,0.05,0.01,False,1000.0,90.0
14.5,800,0.05,0.1,True,1000.0,90.0
14.5,800,0.05,0.1,False,1000.0,90.0
14.5,800,0.06,0.0001,True,1000.0,90.0
14.5,800,0.06,0.0001,False,1000.0,90.0
14.5,800,0.06,0.001,True,1000.0,90.0
14.5,800,0.06,0.001,False,1000.0,90.0
14.5,800,0.06,0.01,True,1000.0,90.0
14.5,800,0.06,0.01,False,1000.0,90.0
14.5,800,0.06,0.1,True,1000.0,90.0
14.5,800,0.06,0.1,False,1000.0,90.0
14.5,800,0.07,0.0001,True,1000.0,90.0
14.5,800,0.07,0.0001,False,1000.0,90.0
14.5,800,0.07,0.001,True,1000.0,90.0
14.5,800,0.07,0.001,False,1000.0,90.0
14.5,800,0.07,0.01,True,1000.0,90.0
14.5,800,0.07,0.01,False,1000.0,90.0
14.5,800,0.07,0.1,True,1000.0,90.0
14.5,800,0.07,0.1,False,1000.0,90.0
14.5,800,0.08,0.0001,True,1000.0,90.0
14.5,800,0.08,0.0001,False,1000.0,90.0
14.5,800,0.08,0.001,True,1000.0,90.0
14.5,800,0.08,0.001,False,1000.0,90.0
14.5,800,0.08,0.01,True,1000.0,90.0
14.5,800,0.08,0.01,False,1000.0,90.0
14.5,800,0.08,0.1,True,1000.0,90.0
14.5,800,0.08,0.1,False,1000.0,90.0
14.5,800,0.09,0.0001,True,1000.0,90.0
14.5,800,0.09,0.0001,False,1000.0,90.0
14.5,800,0.09,0.001,True,1000.0,90.0
14.5,800,0.09,0.001,False,1000.0,90.0
14.5,800,0.09,0.01,True,1000.0,90.0
14.5,800,0.09,0.01,False,1000.0,90.0
14.5,800,0.09,0.1,True,1000.0,90.0
14.5,800,0.09,0.1,False,1000.0,90.0
14.5,800,0.1,0.0001,True,1000.0,32.12143672749854
14.5,800,0.1,0.0001,False,1000.0,90.0
14.5,800,0.1,0.001,True,1000.0,32.12143672749854
14.5,800,0.1,0.001,False,1000.0,90.0
14.5,800,0.1,0.01,True,1000.0,32.12143672749854
14.5,800,0.1,0.01,False,1000.0,90.0
14.5,800,0.1,0.1,True,1000.0,32.12143672749854
14.5,800,0.1,0.1,False,1000.0,90.0
14.5,800,0.1,0.0001,True,1000.0,32.12143672749854
14.5,800,0.1,0.0001,False,1000.0,90.0
14.5,800,0.1,0.001,True,1000.0,32.12143672749854
14.5,800,0.1,0.001,False,1000.0,90.0
14.5,800,0.1,0.01,True,1000.0,32.12143672749854
14.5,800,0.1,0.01,False,1000.0,90.0
14.5,800,0.1,0.1,True,1000.0,32.12143672749854
14.5,800,0.1,0.1,False,1000.0,90.0
14.5,800,0.2,0.0001,True,1000.0,90.0
14.5,800,0.2,0.0001,False,1000.0,90.0
14.5,800,0.2,0.001,True,1000.0,90.0
14.5,800,0.2,0.001,False,1000.0,90.0
14.5,800,0.2,0.01,True,1000.0,90.0
14.5,800,0.2,0.01,False,1000.0,90.0
14.5,800,0.2,0.1,True,1000.0,90.0
14.5,800,0.2,0.1,False,1000.0,90.0
14.5,800,0.30000000000000004,0.0001,True,1000.0,90.0
14.5,800,0.30000000000000004,0.0001,False,1000.0,90.0
14.5,800,0.30000000000000004,0.001,True,1000.0,90.0
14.5,800,0.30000000000000004,0.001,False,1000.0,90.0
14.5,800,0.30000000000000004,0.01,True,1000.0,90.0
14.5,800,0.30000000000000004,0.01,False,1000.0,90.0
14.5,800,0.30000000000000004,0.1,True,1000.0,90.0
14.5,800,0.30000000000000004,0.1,False,1000.0,90.0
14.5,800,0.4,0.0001,True,1000.0,90.0
14.5,800,0.4,0.0001,False,1000.0,90.0
14.5,800,0.4,0.001,True,1000.0,90.0
14.5,800,0.4,0.001,False,1000.0,90.0
14.5,800,0.4,0.01,True,1000.0,90.0
14.5,800,0.4,0.01,False,1000.0,90.0
14.5,800,0.4,0.1,True,1000.0,90.0
14.5,800,0.4,0.1,False,1000.0,90.0
14.5,1000,0.001,0.0001,True,0.9976258384948624,5.392535908171233
14.5,1000,0.001,0.0001,False,0.9978749683288684,7.152186542198358
14.5,1000,0.001,0.001,True,0.9976258384948624,5.392535908171233
14.5,1000,0.001,0.001,False,0.9978749683288684,7.152186542198358
14.5,1000,0.001,0.01,True,0.9976258384948624,5.392535908171233
14.5,1000,0.001,0.01,False,0.9978749683288684,7.152186542198358
14.5,1000,0.001,0.1,True,0.9976258384948624,5.392535908171233
14.5,1000,0.001,0.1,False,0.9978749683288684,7.152186542198358
14.5,1000,0.002,0.0001,True,0.9955631881447158,2.6713275506320215
14.5,1000,0.002,0.0001,False,0.9958570457918967,3.9117370139626146
14.5,1000,0.002,0.001,True,0.9955631881447158,2.6713275506320215
14.5,1000,0.002,0.001,False,0.9958570457918967,3.9117370139626146
14.5,1000,0.002,0.01,True,0.9955631881447158,2.6713275506320215
14.5,1000,0.002,0.01,False,0.9958570457918967,3.9117370139626146
14.5,1000,0.002,0.1,True,0.9955631881447158,2.6713275506320215
14.5,1000,0.002,0.1,False,0.9958570457918967,3.9117370139626146
14.5,1000,0.003,0.0001,True,0.9954349422981003,1.8491956970291845
14.5,1000,0.003,0.0001,False,0.9954740846365402,2.1544902742442744
14.5,1000,0.003,0.001,True,0.9954349422981003,1.8491956970291845
14.5,1000,0.003,0.001,False,0.9954740846365402,2.1544902742442744
14.5,1000,0.003,0.01,True,0.9954349422981003,1.8491956970291845
14.5,1000,0.003,0.01,False,0.9954740846365402,2.1544902742442744
14.5,1000,0.003,0.1,True,0.9954349422981003,1.8491956970291845
14.5,1000,0.003,0.1,False,0.9954740846365402,2.1544902742442744
14.5,1000,0.004,0.0001,True,0.9953067048654715,1.5390933311965362
14.5,1000,0.004,0.0001,False,0.9953588914000586,1.6761153067970085
14.5,1000,0.004,0.001,True,0.9953067048654715,1.5390933311965362
14.5,1000,0.004,0.001,False,0.9953588914000586,1.6761153067970085
14.5,1000,0.004,0.01,True,0.9953067048654715,1.5390933311965362
14.5,1000,0.004,0.01,False,0.9953588914000586,1.6761153067970085
14.5,1000,0.004,0.1,True,0.9953067048654715,1.5390933311965362
14.5,1000,0.004,0.1,False,0.9953588914000586,1.6761153067970085
14.5,1000,0.005,0.0001,True,0.9951784758469125,2.8876780384222442
14.5,1000,0.005,0.0001,False,0.9952437049526119,1.4381297702277678
14.5,1000,0.005,0.001,True,0.9951784758469125,2.8876780384222442
14.5,1000,0.005,0.001,False,0.9952437049526119,1.4381297702277678
14.5,1000,0.005,0.01,True,0.9951784758469125,2.8876780384222442
14.5,1000,0.005,0.01,False,0.9952437049526119,1.4381297702277678
14.5,1000,0.005,0.1,True,0.9951784758469125,2.8876780384222442
14.5,1000,0.005,0.1,False,0.9952437049526119,1.4381297702277678
14.5,1000,0.006,0.0001,True,0.9950502552422806,2.8564274124080953
14.5,1000,0.006,0.0001,False,0.995128525294128,2.6184418758388546
14.5,1000,0.006,0.001,True,0.9950502552422806,2.8564274124080953
14.5,1000,0.006,0.001,False,0.995128525294128,2.6184418758388546
14.5,1000,0.006,0.01,True,0.9950502552422806,2.8564274124080953
14.5,1000,0.006,0.01,False,0.995128525294128,2.6184418758388546
14.5,1000,0.006,0.1,True,0.9950502552422806,2.8564274124080953
14.5,1000,0.006,0.1,False,0.995128525294128,2.6184418758388546
14.5,1000,0.007,0.0001,True,0.9949220430516537,2.791522266071034
14.5,1000,0.007,0.0001,False,0.995013352424613,4.947815461046893
14.5,1000,0.007,0.001,True,0.9949220430516537,2.791522266071034
14.5,1000,0.007,0.001,False,0.995013352424613,4.947815461046893
14.5,1000,0.007,0.01,True,0.9949220430516537,2.791522266071034
14.5,1000,0.007,0.01,False,0.995013352424613,4.947815461046893
14.5,1000,0.007,0.1,True,0.9949220430516537,2.791522266071034
14.5,1000,0.007,0.1,False,0.995013352424613,4.947815461046893
14.5,1000,0.008,0.0001,True,0.9947938392749063,4.356457461086961
14.5,1000,0.008,0.0001,False,0.9948981863440403,7.214687794226641
14.5,1000,0.008,0.001,True,0.9947938392749063,4.356457461086961
14.5,1000,0.008,0.001,False,0.9948981863440403,7.214687794226641
14.5,1000,0.008,0.01,True,0.9947938392749063,4.356457461086961
14.5,1000,0.008,0.01,False,0.9948981863440403,7.214687794226641
14.5,1000,0.008,0.1,True,0.9947938392749063,4.356457461086961
14.5,1000,0.008,0.1,False,0.9948981863440403,7.214687794226641
14.5,1000,0.009000000000000001,0.0001,True,0.9946656439120364,5.810813517898993
14.5,1000,0.009000000000000001,0.0001,False,0.9947830270523659,15.878322883070574
14.5,1000,0.009000000000000001,0.001,True,0.9946656439120364,5.810813517898993
14.5,1000,0.009000000000000001,0.001,False,0.9947830270523659,15.878322883070574
14.5,1000,0.009000000000000001,0.01,True,0.9946656439120364,5.810813517898993
14.5,1000,0.009000000000000001,0.01,False,0.9947830270523659,15.878322883070574
14.5,1000,0.009000000000000001,0.1,True,0.9946656439120364,5.810813517898993
14.5,1000,0.009000000000000001,0.1,False,0.9947830270523659,15.878322883070574
14.5,1000,0.01,0.0001,True,0.9945374569630263,7.5127706885153955
14.5,1000,0.01,0.0001,False,0.9946678745495964,40.93651715779562
14.5,1000,0.01,0.001,True,0.9945374569630263,7.5127706885153955
14.5,1000,0.01,0.001,False,0.9946678745495964,40.93651715779562
14.5,1000,0.01,0.01,True,0.9945374569630263,7.5127706885153955
14.5,1000,0.01,0.01,False,0.9946678745495964,40.93651715779562
14.5,1000,0.01,0.1,True,0.9945374569630263,7.5127706885153955
14.5,1000,0.01,0.1,False,0.9946678745495964,40.93651715779562
14.5,1000,0.01,0.0001,True,0.9945374569630263,7.5127706885153955
14.5,1000,0.01,0.0001,False,0.9946678745495964,40.93651715779562
14.5,1000,0.01,0.001,True,0.9945374569630263,7.5127706885153955
14.5,1000,0.01,0.001,False,0.9946678745495964,40.93651715779562
14.5,1000,0.01,0.01,True,0.9945374569630263,7.5127706885153955
14.5,1000,0.01,0.01,False,0.9946678745495964,40.93651715779562
14.5,1000,0.01,0.1,True,0.9945374569630263,7.5127706885153955
14.5,1000,0.01,0.1,False,0.9946678745495964,40.93651715779562
14.5,1000,0.02,0.0001,True,26.896464801493124,40.72978224724052
14.5,1000,0.02,0.0001,False,1000.0,90.0
14.5,1000,0.02,0.001,True,26.896464801493124,40.72978224724052
14.5,1000,0.02,0.001,False,1000.0,90.0
14.5,1000,0.02,0.01,True,26.896464801493124,40.72978224724052
14.5,1000,0.02,0.01,False,1000.0,90.0
14.5,1000,0.02,0.1,True,26.896464801493124,40.72978224724052
14.5,1000,0.02,0.1,False,1000.0,90.0
14.5,1000,0.03,0.0001,True,115.77818349395476,90.0
14.5,1000,0.03,0.0001,False,1000.0,90.0
14.5,1000,0.03,0.001,True,115.77818349395476,90.0
14.5,1000,0.03,0.001,False,1000.0,90.0
14.5,1000,0.03,0.01,True,115.77818349395476,90.0
14.5,1000,0.03,0.01,False,1000.0,90.0
14.5,1000,0.03,0.1,True,115.77818349395476,90.0
14.5,1000,0.03,0.1,False,1000.0,90.0
14.5,1000,0.04,0.0001,True,1000.0,90.0
14.5,1000,0.04,0.0001,False,1000.0,90.0
14.5,1000,0.04,0.001,True,1000.0,90.0
14.5,1000,0.04,0.001,False,1000.0,90.0
14.5,1000,0.04,0.01,True,1000.0,90.0
14.5,1000,0.04,0.01,False,1000.0,90.0
14.5,1000,0.04,0.1,True,1000.0,90.0
14.5,1000,0.04,0.1,False,1000.0,90.0
14.5,1000,0.05,0.0001,True,457.4590618440953,74.77854123680362
14.5,1000,0.05,0.0001,False,1000.0,90.0
14.5,1000,0.05,0.001,True,457.4590618440953,74.77854123680362
14.5,1000,0.05,0.001,False,1000.0,90.0
14.5,1000,0.05,0.01,True,457.4590618440953,74.77854123680362
14.5,1000,0.05,0.01,False,1000.0,90.0
14.5,1000,0.05,0.1,True,457.4590618440953,74.77854123680362
14.5,1000,0.05,0.1,False,1000.0,90.0
14.5,1000,0.06,0.0001,True,564.9282527835164,51.59778841723592
14.5,1000,0.06,0.0001,False,1000.0,90.0
14.5,1000,0.06,0.001,True,564.9282527835164,51.59778841723592
14.5,1000,0.06,0.001,False,1000.0,90.0
14.5,1000,0.06,0.01,True,564.9282527835164,51.59778841723592
14.5,1000,0.06,0.01,False,1000.0,90.0
14.5,1000,0.06,0.1,True,564.9282527835164,51.59778841723592
14.5,1000,0.06,0.1,False,1000.0,90.0
14.5,1000,0.07,0.0001,True,1000.0,90.0
14.5,1000,0.07,0.0001,False,1000.0,90.0
14.5,1000,0.07,0.001,True,1000.0,90.0
14.5,1000,0.07,0.001,False,1000.0,90.0
14.5,1000,0.07,0.01,True,1000.0,90.0
14.5,1000,0.07,0.01,False,1000.0,90.0
14.5,1000,0.07,0.1,True,1000.0,90.0
14.5,1000,0.07,0.1,False,1000.0,90.0
14.5,1000,0.08,0.0001,True,1000.0,69.78565275746709
14.5,1000,0.08,0.0001,False,1000.0,90.0
14.5,1000,0.08,0.001,True,1000.0,69.78565275746709
14.5,1000,0.08,0.001,False,1000.0,90.0
14.5,1000,0.08,0.01,True,1000.0,69.78565275746709
14.5,1000,0.08,0.01,False,1000.0,90.0
14.5,1000,0.08,0.1,True,1000.0,69.78565275746709
14.5,1000,0.08,0.1,False,1000.0,90.0
14.5,1000,0.09,0.0001,True,1000.0,65.87932450569923
14.5,1000,0.09,0.0001,False,1000.0,90.0
14.5,1000,0.09,0.001,True,1000.0,65.87932450569923
14.5,1000,0.09,0.001,False,1000.0,90.0
14.5,1000,0.09,0.01,True,1000.0,65.87932450569923
14.5,1000,0.09,0.01,False,1000.0,90.0
14.5,1000,0.09,0.1,True,1000.0,65.87932450569923
14.5,1000,0.09,0.1,False,1000.0,90.0
14.5,1000,0.1,0.0001,True,1000.0,90.0
14.5,1000,0.1,0.0001,False,1000.0,90.0
14.5,1000,0.1,0.001,True,1000.0,90.0
14.5,1000,0.1,0.001,False,1000.0,90.0
14.5,1000,0.1,0.01,True,1000.0,90.0
14.5,1000,0.1,0.01,False,1000.0,90.0
14.5,1000,0.1,0.1,True,1000.0,90.0
14.5,1000,0.1,0.1,False,1000.0,90.0
14.5,1000,0.1,0.0001,True,1000.0,90.0
14.5,1000,0.1,0.0001,False,1000.0,90.0
14.5,1000,0.1,0.001,True,1000.0,90.0
14.5,1000,0.1,0.001,False,1000.0,90.0
14.5,1000,0.1,0.01,True,1000.0,90.0
14.5,1000,0.1,0.01,False,1000.0,90.0
14.5,1000,0.1,0.1,True,1000.0,90.0
14.5,1000,0.1,0.1,False,1000.0,90.0
14.5,1000,0.2,0.0001,True,1000.0,61.90087942466795
14.5,1000,0.2,0.0001,False,1000.0,90.0
14.5,1000,0.2,0.001,True,1000.0,61.90087942466795
14.5,1000,0.2,0.001,False,1000.0,90.0
14.5,1000,0.2,0.01,True,1000.0,61.90087942466795
14.5,1000,0.2,0.01,False,1000.0,90.0
14.5,1000,0.2,0.1,True,1000.0,61.90087942466795
14.5,1000,0.2,0.1,False,1000.0,90.0
14.5,1000,0.30000000000000004,0.0001,True,1000.0,90.0
14.5,1000,0.30000000000000004,0.0001,False,1000.0,90.0
14.5,1000,0.30000000000000004,0.001,True,1000.0,90.0
14.5,1000,0.30000000000000004,0.001,False,1000.0,90.0
14.5,1000,0.30000000000000004,0.01,True,1000.0,90.0
14.5,1000,0.30000000000000004,0.01,False,1000.0,90.0
14.5,1000,0.30000000000000004,0.1,True,1000.0,90.0
14.5,1000,0.30000000000000004,0.1,False,1000.0,90.0
14.5,1000,0.4,0.0001,True,1000.0,90.0
14.5,1000,0.4,0.0001,False,1000.0,90.0
14.5,1000,0.4,0.001,True,1000.0,90.0
14.5,1000,0.4,0.001,False,1000.0,90.0
14.5,1000,0.4,0.01,True,1000.0,90.0
14.5,1000,0.4,0.01,False,1000.0,90.0
14.5,1000,0.4,0.1,True,1000.0,90.0
14.5,1000,0.4,0.1,False,1000.0,90.0
14.5,1500,0.001,0.0001,True,0.9976246213890462,5.5656162984034125
14.5,1500,0.001,0.0001,False,0.9976451892573676,6.772371241411086
14.5,1500,0.001,0.001,True,0.9976246213890462,5.5656162984034125
14.5,1500,0.001,0.001,False,0.9976451892573676,6.772371241411086
14.5,1500,0.001,0.01,True,0.9976246213890462,5.5656162984034125
14.5,1500,0.001,0.01,False,0.9976451892573676,6.772371241411086
14.5,1500,0.001,0.1,True,0.9976246213890462,5.5656162984034125
14.5,1500,0.001,0.1,False,0.9976451892573676,6.772371241411086
14.5,1500,0.002,0.0001,True,0.9955631785791894,2.839600152246639
14.5,1500,0.002,0.0001,False,0.9955610915757436,3.563172339189485
14.5,1500,0.002,0.001,True,0.9955631785791894,2.839600152246639
14.5,1500,0.002,0.001,False,0.9955610915757436,3.563172339189485
14.5,1500,0.002,0.01,True,0.9955631785791894,2.839600152246639
14.5,1500,0.002,0.01,False,0.9955610915757436,3.563172339189485
14.5,1500,0.002,0.1,True,0.9955631785791894,2.839600152246639
14.5,1500,0.002,0.1,False,0.9955610915757436,3.563172339189485
14.5,1500,0.003,0.0001,True,0.9954349279519681,1.8804463230433264
14.5,1500,0.003,0.0001,False,0.9954317976552052,1.9141008433662492
14.5,1500,0.003,0.001,True,0.9954349279519681,1.8804463230433264
14.5,1500,0.003,0.001,False,0.9954317976552052,1.9141008433662492
14.5,1500,0.003,0.01,True,0.9954349279519681,1.8804463230433264
14.5,1500,0.003,0.01,False,0.9954317976552052,1.9141008433662492
14.5,1500,0.003,0.1,True,0.9954349279519681,1.8804463230433264
14.5,1500,0.003,0.1,False,0.9954317976552052,1.9141008433662492
14.5,1500,0.004,0.0001,True,0.9953066857403111,1.5390933311965362
14.5,1500,0.004,0.0001,False,0.9953025122890363,1.5390933311965362
14.5,1500,0.004,0.001,True,0.9953066857403111,1.5390933311965362
14.5,1500,0.004,0.001,False,0.9953025122890363,1.5390933311965362
14.5,1500,0.004,0.01,True,0.9953066857403111,1.5390933311965362
14.5,1500,0.004,0.01,False,0.9953025122890363,1.5390933311965362
14.5,1500,0.004,0.1,True,0.9953066857403111,1.5390933311965362
14.5,1500,0.004,0.1,False,0.9953025122890363,1.5390933311965362
14.5,1500,0.005,0.0001,True,0.995178451944075,2.8900819327310217
14.5,1500,0.005,0.0001,False,0.9951732354772682,2.897293615657361
14.5,1500,0.005,0.001,True,0.995178451944075,2.8900819327310217
14.5,1500,0.005,0.001,False,0.9951732354772682,2.897293615657361
14.5,1500,0.005,0.01,True,0.995178451944075,2.8900819327310217
14.5,1500,0.005,0.01,False,0.9951732354772682,2.897293615657361
14.5,1500,0.005,0.1,True,0.995178451944075,2.8900819327310217
14.5,1500,0.005,0.1,False,0.9951732354772682,2.897293615657361
14.5,1500,0.006,0.0001,True,0.9950502265632866,4.803581802520078
14.5,1500,0.006,0.0001,False,0.9950439672198369,4.3468418838518375
14.5,1500,0.006,0.001,True,0.9950502265632866,4.803581802520078
14.5,1500,0.006,0.001,False,0.9950439672198369,4.3468418838518375
14.5,1500,0.006,0.01,True,0.9950502265632866,4.803581802520078
14.5,1500,0.006,0.01,False,0.9950439672198369,4.3468418838518375
14.5,1500,0.006,0.1,True,0.9950502265632866,4.803581802520078
14.5,1500,0.006,0.1,False,0.9950439672198369,4.3468418838518375
14.5,1500,0.007,0.0001,True,0.9949220095979048,4.87810252609227
14.5,1500,0.007,0.0001,False,0.9949147075166881,5.022336184619078
14.5,1500,0.007,0.001,True,0.9949220095979048,4.87810252609227
14.5,1500,0.007,0.001,False,0.9949147075166881,5.022336184619078
14.5,1500,0.007,0.01,True,0.9949220095979048,4.87810252609227
14.5,1500,0.007,0.01,False,0.9949147075166881,5.022336184619078
14.5,1500,0.007,0.1,True,0.9949220095979048,4.87810252609227
14.5,1500,0.007,0.1,False,0.9949147075166881,5.022336184619078
14.5,1500,0.008,0.0001,True,0.9947938010478663,4.918968729341529
14.5,1500,0.008,0.0001,False,0.994785456367831,8.664236062421118
14.5,1500,0.008,0.001,True,0.9947938010478663,4.918968729341529
14.5,1500,0.008,0.001,False,0.994785456367831,8.664236062421118
14.5,1500,0.008,0.01,True,0.9947938010478663,4.918968729341529
14.5,1500,0.008,0.01,False,0.994785456367831,8.664236062421118
14.5,1500,0.008,0.1,True,0.9947938010478663,4.918968729341529
14.5,1500,0.008,0.1,False,0.994785456367831,8.664236062421118
14.5,1500,0.009000000000000001,0.0001,True,0.9946656009132426,6.54640517638574
14.5,1500,0.009000000000000001,0.0001,False,0.9946562137732234,22.046715679400627
14.5,1500,0.009000000000000001,0.001,True,0.9946656009132426,6.54640517638574
14.5,1500,0.009000000000000001,0.001,False,0.9946562137732234,22.046715679400627
14.5,1500,0.009000000000000001,0.01,True,0.9946656009132426,6.54640517638574
14.5,1500,0.009000000000000001,0.01,False,0.9946562137732234,22.046715679400627
14.5,1500,0.009000000000000001,0.1,True,0.9946656009132426,6.54640517638574
14.5,1500,0.009000000000000001,0.1,False,0.9946562137732234,22.046715679400627
14.5,1500,0.01,0.0001,True,0.9945374091939023,11.173901720787676
14.5,1500,0.01,0.0001,False,0.9945269797328573,86.43502474007892
14.5,1500,0.01,0.001,True,0.9945374091939023,11.173901720787676
14.5,1500,0.01,0.001,False,0.9945269797328573,86.43502474007892
14.5,1500,0.01,0.01,True,0.9945374091939023,11.173901720787676
14.5,1500,0.01,0.01,False,0.9945269797328573,86.43502474007892
14.5,1500,0.01,0.1,True,0.9945374091939023,11.173901720787676
14.5,1500,0.01,0.1,False,0.9945269797328573,86.43502474007892
14.5,1500,0.01,0.0001,True,0.9945374091939023,11.173901720787676
14.5,1500,0.01,0.0001,False,0.9945269797328573,86.43502474007892
14.5,1500,0.01,0.001,True,0.9945374091939023,11.173901720787676
14.5,1500,0.01,0.001,False,0.9945269797328573,86.43502474007892
14.5,1500,0.01,0.01,True,0.9945374091939023,11.173901720787676
14.5,1500,0.01,0.01,False,0.9945269797328573,86.43502474007892
14.5,1500,0.01,0.1,True,0.9945374091939023,11.173901720787676
14.5,1500,0.01,0.1,False,0.9945269797328573,86.43502474007892
14.5,1500,0.02,0.0001,True,161.2159038741688,90.0
14.5,1500,0.02,0.0001,False,345.17823956550205,90.0
14.5,1500,0.02,0.001,True,161.2159038741688,90.0
14.5,1500,0.02,0.001,False,345.17823956550205,90.0
14.5,1500,0.02,0.01,True,161.2159038741688,90.0
14.5,1500,0.02,0.01,False,345.17823956550205,90.0
14.5,1500,0.02,0.1,True,161.2159038741688,90.0
14.5,1500,0.02,0.1,False,345.17823956550205,90.0
14.5,1500,0.03,0.0001,True,303.1730574800782,90.0
14.5,1500,0.03,0.0001,False,1000.0,90.0
14.5,1500,0.03,0.001,True,303.1730574800782,90.0
14.5,1500,0.03,0.001,False,1000.0,90.0
14.5,1500,0.03,0.01,True,303.1730574800782,90.0
14.5,1500,0.03,0.01,False,1000.0,90.0
14.5,1500,0.03,0.1,True,303.1730574800782,90.0
14.5,1500,0.03,0.1,False,1000.0,90.0
14.5,1500,0.04,0.0001,True,92.8875160573953,90.0
14.5,1500,0.04,0.0001,False,1000.0,90.0
14.5,1500,0.04,0.001,True,92.8875160573953,90.0
14.5,1500,0.04,0.001,False,1000.0,90.0
14.5,1500,0.04,0.01,True,92.8875160573953,90.0
14.5,1500,0.04,0.01,False,1000.0,90.0
14.5,1500,0.04,0.1,True,92.8875160573953,90.0
14.5,1500,0.04,0.1,False,1000.0,90.0
14.5,1500,0.05,0.0001,True,1000.0,89.99759610569122
14.5,1500,0.05,0.0001,False,1000.0,60.13882489633205
14.5,1500,0.05,0.001,True,1000.0,89.99759610569122
14.5,1500,0.05,0.001,False,1000.0,60.13882489633205
14.5,1500,0.05,0.01,True,1000.0,89.99759610569122
14.5,1500,0.05,0.01,False,1000.0,60.13882489633205
14.5,1500,0.05,0.1,True,1000.0,89.99759610569122
14.5,1500,0.05,0.1,False,1000.0,60.13882489633205
14.5,1500,0.06,0.0001,True,1000.0,90.0
14.5,1500,0.06,0.0001,False,1000.0,90.0
14.5,1500,0.06,0.001,True,1000.0,90.0
14.5,1500,0.06,0.001,False,1000.0,90.0
14.5,1500,0.06,0.01,True,1000.0,90.0
14.5,1500,0.06,0.01,False,1000.0,90.0
14.5,1500,0.06,0.1,True,1000.0,90.0
14.5,1500,0.06,0.1,False,1000.0,90.0
14.5,1500,0.07,0.0001,True,1000.0,83.55035156954266
14.5,1500,0.07,0.0001,False,1000.0,90.0
14.5,1500,0.07,0.001,True,1000.0,83.55035156954266
14.5,1500,0.07,0.001,False,1000.0,90.0
14.5,1500,0.07,0.01,True,1000.0,83.55035156954266
14.5,1500,0.07,0.01,False,1000.0,90.0
14.5,1500,0.07,0.1,True,1000.0,83.55035156954266
14.5,1500,0.07,0.1,False,1000.0,90.0
14.5,1500,0.08,0.0001,True,1000.0,90.0
14.5,1500,0.08,0.0001,False,1000.0,90.0
14.5,1500,0.08,0.001,True,1000.0,90.0
14.5,1500,0.08,0.001,False,1000.0,90.0
14.5,1500,0.08,0.01,True,1000.0,90.0
14.5,1500,0.08,0.01,False,1000.0,90.0
14.5,1500,0.08,0.1,True,1000.0,90.0
14.5,1500,0.08,0.1,False,1000.0,90.0
14.5,1500,0.09,0.0001,True,1000.0,66.71107193653718
14.5,1500,0.09,0.0001,False,1000.0,90.0
14.5,1500,0.09,0.001,True,1000.0,66.71107193653718
14.5,1500,0.09,0.001,False,1000.0,90.0
14.5,1500,0.09,0.01,True,1000.0,66.71107193653718
14.5,1500,0.09,0.01,False,1000.0,90.0
14.5,1500,0.09,0.1,True,1000.0,66.71107193653718
14.5,1500,0.09,0.1,False,1000.0,90.0
14.5,1500,0.1,0.0001,True,1000.0,90.0
14.5,1500,0.1,0.0001,False,1000.0,90.0
14.5,1500,0.1,0.001,True,1000.0,90.0
14.5,1500,0.1,0.001,False,1000.0,90.0
14.5,1500,0.1,0.01,True,1000.0,90.0
14.5,1500,0.1,0.01,False,1000.0,90.0
14.5,1500,0.1,0.1,True,1000.0,90.0
14.5,1500,0.1,0.1,False,1000.0,90.0
14.5,1500,0.1,0.0001,True,1000.0,90.0
14.5,1500,0.1,0.0001,False,1000.0,90.0
14.5,1500,0.1,0.001,True,1000.0,90.0
14.5,1500,0.1,0.001,False,1000.0,90.0
14.5,1500,0.1,0.01,True,1000.0,90.0
14.5,1500,0.1,0.01,False,1000.0,90.0
14.5,1500,0.1,0.1,True,1000.0,90.0
14.5,1500,0.1,0.1,False,1000.0,90.0
14.5,1500,0.2,0.0001,True,1000.0,52.33338007572266
14.5,1500,0.2,0.0001,False,1000.0,90.0
14.5,1500,0.2,0.001,True,1000.0,52.33338007572266
14.5,1500,0.2,0.001,False,1000.0,90.0
14.5,1500,0.2,0.01,True,1000.0,52.33338007572266
14.5,1500,0.2,0.01,False,1000.0,90.0
14.5,1500,0.2,0.1,True,1000.0,52.33338007572266
14.5,1500,0.2,0.1,False,1000.0,90.0
14.5,1500,0.30000000000000004,0.0001,True,1000.0,51.19153027905206
14.5,1500,0.30000000000000004,0.0001,False,1000.0,90.0
14.5,1500,0.30000000000000004,0.001,True,1000.0,51.19153027905206
14.5,1500,0.30000000000000004,0.001,False,1000.0,90.0
14.5,1500,0.30000000000000004,0.01,True,1000.0,51.19153027905206
14.5,1500,0.30000000000000004,0.01,False,1000.0,90.0
14.5,1500,0.30000000000000004,0.1,True,1000.0,51.19153027905206
14.5,1500,0.30000000000000004,0.1,False,1000.0,90.0
14.5,1500,0.4,0.0001,True,1000.0,90.0
14.5,1500,0.4,0.0001,False,1000.0,90.0
14.5,1500,0.4,0.001,True,1000.0,90.0
14.5,1500,0.4,0.001,False,1000.0,90.0
14.5,1500,0.4,0.01,True,1000.0,90.0
14.5,1500,0.4,0.01,False,1000.0,90.0
14.5,1500,0.4,0.1,True,1000.0,90.0
14.5,1500,0.4,0.1,False,1000.0,90.0
14.5,2000,0.001,0.0001,True,0.9976244271024017,5.772351208958511
14.5,2000,0.001,0.0001,False,0.9975907655458253,6.875738696688636
14.5,2000,0.001,0.001,True,0.9976244271024017,5.772351208958511
14.5,2000,0.001,0.001,False,0.9975907655458253,6.875738696688636
14.5,2000,0.001,0.01,True,0.9976244271024017,5.772351208958511
14.5,2000,0.001,0.01,False,0.9975907655458253,6.875738696688636
14.5,2000,0.001,0.1,True,0.9976244271024017,5.772351208958511
14.5,2000,0.001,0.1,False,0.9975907655458253,6.875738696688636
14.5,2000,0.002,0.0001,True,0.9955631577071274,2.976622127847108
14.5,2000,0.002,0.0001,False,0.9955599446213735,3.7362527294216576
14.5,2000,0.002,0.001,True,0.9955631577071274,2.976622127847108
14.5,2000,0.002,0.001,False,0.9955599446213735,3.7362527294216576
14.5,2000,0.002,0.01,True,0.9955631577071274,2.976622127847108
14.5,2000,0.002,0.01,False,0.9955599446213735,3.7362527294216576
14.5,2000,0.002,0.1,True,0.9955631577071274,2.976622127847108
14.5,2000,0.002,0.1,False,0.9955599446213735,3.7362527294216576
14.5,2000,0.003,0.0001,True,0.9954348966465565,1.8804463230433264
14.5,2000,0.003,0.0001,False,0.9954300773348009,1.9141008433662492
14.5,2000,0.003,0.001,True,0.9954348966465565,1.8804463230433264
14.5,2000,0.003,0.001,False,0.9954300773348009,1.9141008433662492
14.5,2000,0.003,0.01,True,0.9954348966465565,1.8804463230433264
14.5,2000,0.003,0.01,False,0.9954300773348009,1.9141008433662492
14.5,2000,0.003,0.1,True,0.9954348966465565,1.8804463230433264
14.5,2000,0.003,0.1,False,0.9954300773348009,1.9141008433662492
14.5,2000,0.004,0.0001,True,0.9953066440031823,1.5390933311965362
14.5,2000,0.004,0.0001,False,0.9953002186767507,1.5366894368877553
14.5,2000,0.004,0.001,True,0.9953066440031823,1.5390933311965362
14.5,2000,0.004,0.001,False,0.9953002186767507,1.5366894368877553
14.5,2000,0.004,0.01,True,0.9953066440031823,1.5390933311965362
14.5,2000,0.004,0.01,False,0.9953002186767507,1.5366894368877553
14.5,2000,0.004,0.1,True,0.9953066440031823,1.5390933311965362
14.5,2000,0.004,0.1,False,0.9953002186767507,1.5366894368877553
14.5,2000,0.005,0.0001,True,0.9951783997770884,2.928544241671503
14.5,2000,0.005,0.0001,False,0.9951703686471757,2.967006550611991
14.5,2000,0.005,0.001,True,0.9951783997770884,2.928544241671503
14.5,2000,0.005,0.001,False,0.9951703686471757,2.967006550611991
14.5,2000,0.005,0.01,True,0.9951783997770884,2.928544241671503
14.5,2000,0.005,0.01,False,0.9951703686471757,2.967006550611991
14.5,2000,0.005,0.1,True,0.9951783997770884,2.928544241671503
14.5,2000,0.005,0.1,False,0.9951703686471757,2.967006550611991
14.5,2000,0.006,0.0001,True,0.9950501639681656,4.733868867565455
14.5,2000,0.006,0.0001,False,0.9950405272460444,3.0078727538612497
14.5,2000,0.006,0.001,True,0.9950501639681656,4.733868867565455
14.5,2000,0.006,0.001,False,0.9950405272460444,3.0078727538612497
14.5,2000,0.006,0.01,True,0.9950501639681656,4.733868867565455
14.5,2000,0.006,0.01,False,0.9950405272460444,3.0078727538612497
14.5,2000,0.006,0.1,True,0.9950501639681656,4.733868867565455
14.5,2000,0.006,0.1,False,0.9950405272460444,3.0078727538612497
14.5,2000,0.007,0.0001,True,0.9949219365764179,4.87810252609227
14.5,2000,0.007,0.0001,False,0.9949106944733211,4.668963721228387
14.5,2000,0.007,0.001,True,0.9949219365764179,4.87810252609227
14.5,2000,0.007,0.001,False,0.9949106944733211,4.668963721228387
14.5,2000,0.007,0.01,True,0.9949219365764179,4.87810252609227
14.5,2000,0.007,0.01,False,0.9949106944733211,4.668963721228387
14.5,2000,0.007,0.1,True,0.9949219365764179,4.87810252609227
14.5,2000,0.007,0.1,False,0.9949106944733211,4.668963721228387
14.5,2000,0.008,0.0001,True,0.9947937176017869,4.952623249664455
14.5,2000,0.008,0.0001,False,0.9947808703290143,6.9382399487169195
14.5,2000,0.008,0.001,True,0.9947937176017869,4.952623249664455
14.5,2000,0.008,0.001,False,0.9947808703290143,6.9382399487169195
14.5,2000,0.008,0.01,True,0.9947937176017869,4.952623249664455
14.5,2000,0.008,0.01,False,0.9947808703290143,6.9382399487169195
14.5,2000,0.008,0.1,True,0.9947937176017869,4.952623249664455
14.5,2000,0.008,0.1,False,0.9947808703290143,6.9382399487169195
14.5,2000,0.009000000000000001,0.0001,True,0.9946655070442715,6.269957330876018
14.5,2000,0.009000000000000001,0.0001,False,0.9946510548130814,15.214848053847227
14.5,2000,0.009000000000000001,0.001,True,0.9946655070442715,6.269957330876018
14.5,2000,0.009000000000000001,0.001,False,0.9946510548130814,15.214848053847227
14.5,2000,0.009000000000000001,0.01,True,0.9946655070442715,6.269957330876018
14.5,2000,0.009000000000000001,0.01,False,0.9946510548130814,15.214848053847227
14.5,2000,0.009000000000000001,0.1,True,0.9946655070442715,6.269957330876018
14.5,2000,0.009000000000000001,0.1,False,0.9946510548130814,15.214848053847227
14.5,2000,0.01,0.0001,True,0.9945373049038188,7.546425208838315
14.5,2000,0.01,0.0001,False,1.6474226655096083,62.96099681484003
14.5,2000,0.01,0.001,True,0.9945373049038188,7.546425208838315
14.5,2000,0.01,0.001,False,1.6474226655096083,62.96099681484003
14.5,2000,0.01,0.01,True,0.9945373049038188,7.546425208838315
14.5,2000,0.01,0.01,False,1.6474226655096083,62.96099681484003
14.5,2000,0.01,0.1,True,0.9945373049038188,7.546425208838315
14.5,2000,0.01,0.1,False,1.6474226655096083,62.96099681484003
14.5,2000,0.01,0.0001,True,0.9945373049038188,7.546425208838315
14.5,2000,0.01,0.0001,False,1.6474226655096083,62.96099681484003
14.5,2000,0.01,0.001,True,0.9945373049038188,7.546425208838315
14.5,2000,0.01,0.001,False,1.6474226655096083,62.96099681484003
14.5,2000,0.01,0.01,True,0.9945373049038188,7.546425208838315
14.5,2000,0.01,0.01,False,1.6474226655096083,62.96099681484003
14.5,2000,0.01,0.1,True,0.9945373049038188,7.546425208838315
14.5,2000,0.01,0.1,False,1.6474226655096083,62.96099681484003
14.5,2000,0.02,0.0001,True,276.0234795027833,90.0
14.5,2000,0.02,0.0001,False,118.73448983975429,63.780724774134086
14.5,2000,0.02,0.001,True,276.0234795027833,90.0
14.5,2000,0.02,0.001,False,118.73448983975429,63.780724774134086
14.5,2000,0.02,0.01,True,276.0234795027833,90.0
14.5,2000,0.02,0.01,False,118.73448983975429,63.780724774134086
14.5,2000,0.02,0.1,True,276.0234795027833,90.0
14.5,2000,0.02,0.1,False,118.73448983975429,63.780724774134086
14.5,2000,0.03,0.0001,True,407.99150078451345,90.0
14.5,2000,0.03,0.0001,False,624.6231765590403,90.0
14.5,2000,0.03,0.001,True,407.99150078451345,90.0
14.5,2000,0.03,0.001,False,624.6231765590403,90.0
14.5,2000,0.03,0.01,True,407.99150078451345,90.0
14.5,2000,0.03,0.01,False,624.6231765590403,90.0
14.5,2000,0.03,0.1,True,407.99150078451345,90.0
14.5,2000,0.03,0.1,False,624.6231765590403,90.0
14.5,2000,0.04,0.0001,True,1000.0,68.61014844047357
14.5,2000,0.04,0.0001,False,1000.0,89.97836495122097
14.5,2000,0.04,0.001,True,1000.0,68.61014844047357
14.5,2000,0.04,0.001,False,1000.0,89.97836495122097
14.5,2000,0.04,0.01,True,1000.0,68.61014844047357
14.5,2000,0.04,0.01,False,1000.0,89.97836495122097
14.5,2000,0.04,0.1,True,1000.0,68.61014844047357
14.5,2000,0.04,0.1,False,1000.0,89.97836495122097
14.5,2000,0.05,0.0001,True,1000.0,90.0
14.5,2000,0.05,0.0001,False,1000.0,90.0
14.5,2000,0.05,0.001,True,1000.0,90.0
14.5,2000,0.05,0.001,False,1000.0,90.0
14.5,2000,0.05,0.01,True,1000.0,90.0
14.5,2000,0.05,0.01,False,1000.0,90.0
14.5,2000,0.05,0.1,True,1000.0,90.0
14.5,2000,0.05,0.1,False,1000.0,90.0
14.5,2000,0.06,0.0001,True,1000.0,88.03842224403533
14.5,2000,0.06,0.0001,False,1000.0,90.0
14.5,2000,0.06,0.001,True,1000.0,88.03842224403533
14.5,2000,0.06,0.001,False,1000.0,90.0
14.5,2000,0.06,0.01,True,1000.0,88.03842224403533
14.5,2000,0.06,0.01,False,1000.0,90.0
14.5,2000,0.06,0.1,True,1000.0,88.03842224403533
14.5,2000,0.06,0.1,False,1000.0,90.0
14.5,2000,0.07,0.0001,True,1000.0,90.0
14.5,2000,0.07,0.0001,False,1000.0,90.0
14.5,2000,0.07,0.001,True,1000.0,90.0
14.5,2000,0.07,0.001,False,1000.0,90.0
14.5,2000,0.07,0.01,True,1000.0,90.0
14.5,2000,0.07,0.01,False,1000.0,90.0
14.5,2000,0.07,0.1,True,1000.0,90.0
14.5,2000,0.07,0.1,False,1000.0,90.0
14.5,2000,0.08,0.0001,True,1000.0,90.0
14.5,2000,0.08,0.0001,False,1000.0,90.0
14.5,2000,0.08,0.001,True,1000.0,90.0
14.5,2000,0.08,0.001,False,1000.0,90.0
14.5,2000,0.08,0.01,True,1000.0,90.0
14.5,2000,0.08,0.01,False,1000.0,90.0
14.5,2000,0.08,0.1,True,1000.0,90.0
14.5,2000,0.08,0.1,False,1000.0,90.0
14.5,2000,0.09,0.0001,True,1000.0,90.0
14.5,2000,0.09,0.0001,False,1000.0,90.0
14.5,2000,0.09,0.001,True,1000.0,90.0
14.5,2000,0.09,0.001,False,1000.0,90.0
14.5,2000,0.09,0.01,True,1000.0,90.0
14.5,2000,0.09,0.01,False,1000.0,90.0
14.5,2000,0.09,0.1,True,1000.0,90.0
14.5,2000,0.09,0.1,False,1000.0,90.0
14.5,2000,0.1,0.0001,True,1000.0,67.1461768064264
14.5,2000,0.1,0.0001,False,1000.0,90.0
14.5,2000,0.1,0.001,True,1000.0,67.1461768064264
14.5,2000,0.1,0.001,False,1000.0,90.0
14.5,2000,0.1,0.01,True,1000.0,67.1461768064264
14.5,2000,0.1,0.01,False,1000.0,90.0
14.5,2000,0.1,0.1,True,1000.0,67.1461768064264
14.5,2000,0.1,0.1,False,1000.0,90.0
14.5,2000,0.1,0.0001,True,1000.0,67.1461768064264
14.5,2000,0.1,0.0001,False,1000.0,90.0
14.5,2000,0.1,0.001,True,1000.0,67.1461768064264
14.5,2000,0.1,0.001,False,1000.0,90.0
14.5,2000,0.1,0.01,True,1000.0,67.1461768064264
14.5,2000,0.1,0.01,False,1000.0,90.0
14.5,2000,0.1,0.1,True,1000.0,67.1461768064264
14.5,2000,0.1,0.1,False,1000.0,90.0
14.5,2000,0.2,0.0001,True,1000.0,90.0
14.5,2000,0.2,0.0001,False,1000.0,90.0
14.5,2000,0.2,0.001,True,1000.0,90.0
14.5,2000,0.2,0.001,False,1000.0,90.0
14.5,2000,0.2,0.01,True,1000.0,90.0
14.5,2000,0.2,0.01,False,1000.0,90.0
14.5,2000,0.2,0.1,True,1000.0,90.0
14.5,2000,0.2,0.1,False,1000.0,90.0
14.5,2000,0.30000000000000004,0.0001,True,1000.0,89.99759610569122
14.5,2000,0.30000000000000004,0.0001,False,1000.0,90.0
14.5,2000,0.30000000000000004,0.001,True,1000.0,89.99759610569122
14.5,2000,0.30000000000000004,0.001,False,1000.0,90.0
14.5,2000,0.30000000000000004,0.01,True,1000.0,89.99759610569122
14.5,2000,0.30000000000000004,0.01,False,1000.0,90.0
14.5,2000,0.30000000000000004,0.1,True,1000.0,89.99759610569122
14.5,2000,0.30000000000000004,0.1,False,1000.0,90.0
14.5,2000,0.4,0.0001,True,1000.0,90.0
14.5,2000,0.4,0.0001,False,1000.0,90.0
14.5,2000,0.4,0.001,True,1000.0,90.0
14.5,2000,0.4,0.001,False,1000.0,90.0
14.5,2000,0.4,0.01,True,1000.0,90.0
14.5,2000,0.4,0.01,False,1000.0,90.0
14.5,2000,0.4,0.1,True,1000.0,90.0
14.5,2000,0.4,0.1,False,1000.0,90.0
15.0,200,0.001,0.0001,True,0.9974761856103914,59.576313628077486
15.0,200,0.001,0.0001,False,0.9976437384987106,90.0
15.0,200,0.001,0.001,True,0.9974761856103914,59.576313628077486
15.0,200,0.001,0.001,False,0.9976437384987106,90.0
15.0,200,0.001,0.01,True,0.9974761856103914,59.576313628077486
15.0,200,0.001,0.01,False,0.9976437384987106,90.0
15.0,200,0.001,0.1,True,0.9974761856103914,59.576313628077486
15.0,200,0.001,0.1,False,0.9976437384987106,90.0
15.0,200,0.002,0.0001,True,0.9970365286524603,28.520403052945767
15.0,200,0.002,0.0001,False,0.9973715867093248,49.580921092169305
15.0,200,0.002,0.001,True,0.9970365286524603,28.520403052945767
15.0,200,0.002,0.001,False,0.9973715867093248,49.580921092169305
15.0,200,0.002,0.01,True,0.9970365286524603,28.520403052945767
15.0,200,0.002,0.01,False,0.9973715867093248,49.580921092169305
15.0,200,0.002,0.1,True,0.9970365286524603,28.520403052945767
15.0,200,0.002,0.1,False,0.9973715867093248,49.580921092169305
15.0,200,0.003,0.0001,True,0.9965969483354302,18.78463110238586
15.0,200,0.003,0.0001,False,0.9970994638308976,31.982010857589287
15.0,200,0.003,0.001,True,0.9965969483354302,18.78463110238586
15.0,200,0.003,0.001,False,0.9970994638308976,31.982010857589287
15.0,200,0.003,0.01,True,0.9965969483354302,18.78463110238586
15.0,200,0.003,0.01,False,0.9970994638308976,31.982010857589287
15.0,200,0.003,0.1,True,0.9965969483354302,18.78463110238586
15.0,200,0.003,0.1,False,0.9970994638308976,31.982010857589287
15.0,200,0.004,0.0001,True,0.9961574446726831,14.058574891323943
15.0,200,0.004,0.0001,False,0.9968273698668966,23.57078467116729
15.0,200,0.004,0.001,True,0.9961574446726831,14.058574891323943
15.0,200,0.004,0.001,False,0.9968273698668966,23.57078467116729
15.0,200,0.004,0.01,True,0.9961574446726831,14.058574891323943
15.0,200,0.004,0.01,False,0.9968273698668966,23.57078467116729
15.0,200,0.004,0.1,True,0.9961574446726831,14.058574891323943
15.0,200,0.004,0.1,False,0.9968273698668966,23.57078467116729
15.0,200,0.005,0.0001,True,0.9957180176776257,11.50083134678178
15.0,200,0.005,0.0001,False,0.9965553048206023,18.65962859832929
15.0,200,0.005,0.001,True,0.9957180176776257,11.50083134678178
15.0,200,0.005,0.001,False,0.9965553048206023,18.65962859832929
15.0,200,0.005,0.01,True,0.9957180176776257,11.50083134678178
15.0,200,0.005,0.01,False,0.9965553048206023,18.65962859832929
15.0,200,0.005,0.1,True,0.9957180176776257,11.50083134678178
15.0,200,0.005,0.1,False,0.9965553048206023,18.65962859832929
15.0,200,0.006,0.0001,True,0.9952786673636851,20.020232777098897
15.0,200,0.006,0.0001,False,0.9962832686953399,15.407159598549647
15.0,200,0.006,0.001,True,0.9952786673636851,20.020232777098897
15.0,200,0.006,0.001,False,0.9962832686953399,15.407159598549647
15.0,200,0.006,0.01,True,0.9952786673636851,20.020232777098897
15.0,200,0.006,0.01,False,0.9962832686953399,15.407159598549647
15.0,200,0.006,0.1,True,0.9952786673636851,20.020232777098897
15.0,200,0.006,0.1,False,0.9962832686953399,15.407159598549647
15.0,200,0.007,0.0001,True,0.9948393937442617,16.118712313948592
15.0,200,0.007,0.0001,False,0.9960112614945325,13.17874957431038
15.0,200,0.007,0.001,True,0.9948393937442617,16.118712313948592
15.0,200,0.007,0.001,False,0.9960112614945325,13.17874957431038
15.0,200,0.007,0.01,True,0.9948393937442617,16.118712313948592
15.0,200,0.007,0.01,False,0.9960112614945325,13.17874957431038
15.0,200,0.007,0.1,True,0.9948393937442617,16.118712313948592
15.0,200,0.007,0.1,False,0.9960112614945325,13.17874957431038
15.0,200,0.008,0.0001,True,0.9944001968327996,13.104228850738195
15.0,200,0.008,0.0001,False,0.9957392832215056,11.55131312726617
15.0,200,0.008,0.001,True,0.9944001968327996,13.104228850738195
15.0,200,0.008,0.001,False,0.9957392832215056,11.55131312726617
15.0,200,0.008,0.01,True,0.9944001968327996,13.104228850738195
15.0,200,0.008,0.01,False,0.9957392832215056,11.55131312726617
15.0,200,0.008,0.1,True,0.9944001968327996,13.104228850738195
15.0,200,0.008,0.1,False,0.9957392832215056,11.55131312726617
15.0,200,0.009000000000000001,0.0001,True,0.9939610766427066,11.346982111019848
15.0,200,0.009000000000000001,0.0001,False,1.0656643526801783,10.346962078567273
15.0,200,0.009000000000000001,0.001,True,0.9939610766427066,11.346982111019848
15.0,200,0.009000000000000001,0.001,False,1.0656643526801783,10.346962078567273
15.0,200,0.009000000000000001,0.01,True,0.9939610766427066,11.346982111019848
15.0,200,0.009000000000000001,0.01,False,1.0656643526801783,10.346962078567273
15.0,200,0.009000000000000001,0.1,True,0.9939610766427066,11.346982111019848
15.0,200,0.009000000000000001,0.1,False,1.0656643526801783,10.346962078567273
15.0,200,0.01,0.0001,True,1.0815062693357993,9.856567639576113
15.0,200,0.01,0.0001,False,1.2208836164604653,9.60175484284541
15.0,200,0.01,0.001,True,1.0815062693357993,9.856567639576113
15.0,200,0.01,0.001,False,1.2208836164604653,9.60175484284541
15.0,200,0.01,0.01,True,1.0815062693357993,9.856567639576113
15.0,200,0.01,0.01,False,1.2208836164604653,9.60175484284541
15.0,200,0.01,0.1,True,1.0815062693357993,9.856567639576113
15.0,200,0.01,0.1,False,1.2208836164604653,9.60175484284541
15.0,200,0.01,0.0001,True,1.0815062693357993,9.856567639576113
15.0,200,0.01,0.0001,False,1.2208836164604653,9.60175484284541
15.0,200,0.01,0.001,True,1.0815062693357993,9.856567639576113
15.0,200,0.01,0.001,False,1.2208836164604653,9.60175484284541
15.0,200,0.01,0.01,True,1.0815062693357993,9.856567639576113
15.0,200,0.01,0.01,False,1.2208836164604653,9.60175484284541
15.0,200,0.01,0.1,True,1.0815062693357993,9.856567639576113
15.0,200,0.01,0.1,False,1.2208836164604653,9.60175484284541
15.0,200,0.02,0.0001,True,3.404595854494469,7.527194054368074
15.0,200,0.02,0.0001,False,44.17145720217348,18.097117330074717
15.0,200,0.02,0.001,True,3.404595854494469,7.527194054368074
15.0,200,0.02,0.001,False,44.17145720217348,18.097117330074717
15.0,200,0.02,0.01,True,3.404595854494469,7.527194054368074
15.0,200,0.02,0.01,False,44.17145720217348,18.097117330074717
15.0,200,0.02,0.1,True,3.404595854494469,7.527194054368074
15.0,200,0.02,0.1,False,44.17145720217348,18.097117330074717
15.0,200,0.03,0.0001,True,1000.0,25.296780784871487
15.0,200,0.03,0.0001,False,1000.0,90.0
15.0,200,0.03,0.001,True,1000.0,25.296780784871487
15.0,200,0.03,0.001,False,1000.0,90.0
15.0,200,0.03,0.01,True,1000.0,25.296780784871487
15.0,200,0.03,0.01,False,1000.0,90.0
15.0,200,0.03,0.1,True,1000.0,25.296780784871487
15.0,200,0.03,0.1,False,1000.0,90.0
15.0,200,0.04,0.0001,True,1000.0,90.0
15.0,200,0.04,0.0001,False,1000.0,90.0
15.0,200,0.04,0.001,True,1000.0,90.0
15.0,200,0.04,0.001,False,1000.0,90.0
15.0,200,0.04,0.01,True,1000.0,90.0
15.0,200,0.04,0.01,False,1000.0,90.0
15.0,200,0.04,0.1,True,1000.0,90.0
15.0,200,0.04,0.1,False,1000.0,90.0
15.0,200,0.05,0.0001,True,1000.0,90.0
15.0,200,0.05,0.0001,False,1000.0,90.0
15.0,200,0.05,0.001,True,1000.0,90.0
15.0,200,0.05,0.001,False,1000.0,90.0
15.0,200,0.05,0.01,True,1000.0,90.0
15.0,200,0.05,0.01,False,1000.0,90.0
15.0,200,0.05,0.1,True,1000.0,90.0
15.0,200,0.05,0.1,False,1000.0,90.0
15.0,200,0.06,0.0001,True,1000.0,90.0
15.0,200,0.06,0.0001,False,1000.0,90.0
15.0,200,0.06,0.001,True,1000.0,90.0
15.0,200,0.06,0.001,False,1000.0,90.0
15.0,200,0.06,0.01,True,1000.0,90.0
15.0,200,0.06,0.01,False,1000.0,90.0
15.0,200,0.06,0.1,True,1000.0,90.0
15.0,200,0.06,0.1,False,1000.0,90.0
15.0,200,0.07,0.0001,True,1000.0,90.0
15.0,200,0.07,0.0001,False,1000.0,90.0
15.0,200,0.07,0.001,True,1000.0,90.0
15.0,200,0.07,0.001,False,1000.0,90.0
15.0,200,0.07,0.01,True,1000.0,90.0
15.0,200,0.07,0.01,False,1000.0,90.0
15.0,200,0.07,0.1,True,1000.0,90.0
15.0,200,0.07,0.1,False,1000.0,90.0
15.0,200,0.08,0.0001,True,1000.0,90.0
15.0,200,0.08,0.0001,False,1000.0,90.0
15.0,200,0.08,0.001,True,1000.0,90.0
15.0,200,0.08,0.001,False,1000.0,90.0
15.0,200,0.08,0.01,True,1000.0,90.0
15.0,200,0.08,0.01,False,1000.0,90.0
15.0,200,0.08,0.1,True,1000.0,90.0
15.0,200,0.08,0.1,False,1000.0,90.0
15.0,200,0.09,0.0001,True,1000.0,90.0
15.0,200,0.09,0.0001,False,1000.0,90.0
15.0,200,0.09,0.001,True,1000.0,90.0
15.0,200,0.09,0.001,False,1000.0,90.0
15.0,200,0.09,0.01,True,1000.0,90.0
15.0,200,0.09,0.01,False,1000.0,90.0
15.0,200,0.09,0.1,True,1000.0,90.0
15.0,200,0.09,0.1,False,1000.0,90.0
15.0,200,0.1,0.0001,True,1000.0,90.0
15.0,200,0.1,0.0001,False,1000.0,90.0
15.0,200,0.1,0.001,True,1000.0,90.0
15.0,200,0.1,0.001,False,1000.0,90.0
15.0,200,0.1,0.01,True,1000.0,90.0
15.0,200,0.1,0.01,False,1000.0,90.0
15.0,200,0.1,0.1,True,1000.0,90.0
15.0,200,0.1,0.1,False,1000.0,90.0
15.0,200,0.1,0.0001,True,1000.0,90.0
15.0,200,0.1,0.0001,False,1000.0,90.0
15.0,200,0.1,0.001,True,1000.0,90.0
15.0,200,0.1,0.001,False,1000.0,90.0
15.0,200,0.1,0.01,True,1000.0,90.0
15.0,200,0.1,0.01,False,1000.0,90.0
15.0,200,0.1,0.1,True,1000.0,90.0
15.0,200,0.1,0.1,False,1000.0,90.0
15.0,200,0.2,0.0001,True,1000.0,90.0
15.0,200,0.2,0.0001,False,1000.0,90.0
15.0,200,0.2,0.001,True,1000.0,90.0
15.0,200,0.2,0.001,False,1000.0,90.0
15.0,200,0.2,0.01,True,1000.0,90.0
15.0,200,0.2,0.01,False,1000.0,90.0
15.0,200,0.2,0.1,True,1000.0,90.0
15.0,200,0.2,0.1,False,1000.0,90.0
15.0,200,0.30000000000000004,0.0001,True,1000.0,90.0
15.0,200,0.30000000000000004,0.0001,False,1000.0,90.0
15.0,200,0.30000000000000004,0.001,True,1000.0,90.0
15.0,200,0.30000000000000004,0.001,False,1000.0,90.0
15.0,200,0.30000000000000004,0.01,True,1000.0,90.0
15.0,200,0.30000000000000004,0.01,False,1000.0,90.0
15.0,200,0.30000000000000004,0.1,True,1000.0,90.0
15.0,200,0.30000000000000004,0.1,False,1000.0,90.0
15.0,200,0.4,0.0001,True,1000.0,90.0
15.0,200,0.4,0.0001,False,1000.0,90.0
15.0,200,0.4,0.001,True,1000.0,90.0
15.0,200,0.4,0.001,False,1000.0,90.0
15.0,200,0.4,0.01,True,1000.0,90.0
15.0,200,0.4,0.01,False,1000.0,90.0
15.0,200,0.4,0.1,True,1000.0,90.0
15.0,200,0.4,0.1,False,1000.0,90.0
15.0,400,0.001,0.0001,True,0.9976351129064777,6.3156313227428384
15.0,400,0.001,0.0001,False,0.9976715879183858,7.719505599070494
15.0,400,0.001,0.001,True,0.9976351129064777,6.3156313227428384
15.0,400,0.001,0.001,False,0.9976715879183858,7.719505599070494
15.0,400,0.001,0.01,True,0.9976351129064777,6.3156313227428384
15.0,400,0.001,0.01,False,0.9976715879183858,7.719505599070494
15.0,400,0.001,0.1,True,0.9976351129064777,6.3156313227428384
15.0,400,0.001,0.1,False,0.9976715879183858,7.719505599070494
15.0,400,0.002,0.0001,True,0.9973543374246107,3.082393477433442
15.0,400,0.002,0.0001,False,0.9974272793778786,3.519902241631442
15.0,400,0.002,0.001,True,0.9973543374246107,3.082393477433442
15.0,400,0.002,0.001,False,0.9974272793778786,3.519902241631442
15.0,400,0.002,0.01,True,0.9973543374246107,3.082393477433442
15.0,400,0.002,0.01,False,0.9974272793778786,3.519902241631442
15.0,400,0.002,0.1,True,0.9973543374246107,3.082393477433442
15.0,400,0.002,0.1,False,0.9974272793778786,3.519902241631442
15.0,400,0.003,0.0001,True,0.9970735927538578,2.015064404335021
15.0,400,0.003,0.0001,False,0.997182993576793,2.1592980628618363
15.0,400,0.003,0.001,True,0.9970735927538578,2.015064404335021
15.0,400,0.003,0.001,False,0.997182993576793,2.1592980628618363
15.0,400,0.003,0.01,True,0.9970735927538578,2.015064404335021
15.0,400,0.003,0.01,False,0.997182993576793,2.1592980628618363
15.0,400,0.003,0.1,True,0.9970735927538578,2.015064404335021
15.0,400,0.003,0.1,False,0.997182993576793,2.1592980628618363
15.0,400,0.004,0.0001,True,0.9967928788978578,1.652076363709206
15.0,400,0.004,0.0001,False,0.9969387305178407,14.741280875017523
15.0,400,0.004,0.001,True,0.9967928788978578,1.652076363709206
15.0,400,0.004,0.001,False,0.9969387305178407,14.741280875017523
15.0,400,0.004,0.01,True,0.9967928788978578,1.652076363709206
15.0,400,0.004,0.01,False,0.9969387305178407,14.741280875017523
15.0,400,0.004,0.1,True,0.9967928788978578,1.652076363709206
15.0,400,0.004,0.1,False,0.9969387305178407,14.741280875017523
15.0,400,0.005,0.0001,True,0.9965121958603026,3.414130892045108
15.0,400,0.005,0.0001,False,0.9966944902036144,11.794106452452972
15.0,400,0.005,0.001,True,0.9965121958603026,3.414130892045108
15.0,400,0.005,0.001,False,0.9966944902036144,11.794106452452972
15.0,400,0.005,0.01,True,0.9965121958603026,3.414130892045108
15.0,400,0.005,0.01,False,0.9966944902036144,11.794106452452972
15.0,400,0.005,0.1,True,0.9965121958603026,3.414130892045108
15.0,400,0.005,0.1,False,0.9966944902036144,11.794106452452972
15.0,400,0.006,0.0001,True,0.9962315436448614,3.3468218513992625
15.0,400,0.006,0.0001,False,0.9964502726367963,10.803701997235521
15.0,400,0.006,0.001,True,0.9962315436448614,3.3468218513992625
15.0,400,0.006,0.001,False,0.9964502726367963,10.803701997235521
15.0,400,0.006,0.01,True,0.9962315436448614,3.3468218513992625
15.0,400,0.006,0.01,False,0.9964502726367963,10.803701997235521
15.0,400,0.006,0.1,True,0.9962315436448614,3.3468218513992625
15.0,400,0.006,0.1,False,0.9964502726367963,10.803701997235521
15.0,400,0.007,0.0001,True,0.9959509222552406,3.2771089164446394
15.0,400,0.007,0.0001,False,0.9962060778199787,25.34005088242953
15.0,400,0.007,0.001,True,0.9959509222552406,3.2771089164446394
15.0,400,0.007,0.001,False,0.9962060778199787,25.34005088242953
15.0,400,0.007,0.01,True,0.9959509222552406,3.2771089164446394
15.0,400,0.007,0.01,False,0.9962060778199787,25.34005088242953
15.0,400,0.007,0.1,True,0.9959509222552406,3.2771089164446394
15.0,400,0.007,0.1,False,0.9962060778199787,25.34005088242953
15.0,400,0.008,0.0001,True,0.9956703316950802,3.9958733147699235
15.0,400,0.008,0.0001,False,0.9959619057557992,45.79719145014924
15.0,400,0.008,0.001,True,0.9956703316950802,3.9958733147699235
15.0,400,0.008,0.001,False,0.9959619057557992,45.79719145014924
15.0,400,0.008,0.01,True,0.9956703316950802,3.9958733147699235
15.0,400,0.008,0.01,False,0.9959619057557992,45.79719145014924
15.0,400,0.008,0.1,True,0.9956703316950802,3.9958733147699235
15.0,400,0.008,0.1,False,0.9959619057557992,45.79719145014924
15.0,400,0.009000000000000001,0.0001,True,0.9953897719680268,6.7146777780003575
15.0,400,0.009000000000000001,0.0001,False,1.8212023948183365,49.69871191329953
15.0,400,0.009000000000000001,0.001,True,0.9953897719680268,6.7146777780003575
15.0,400,0.009000000000000001,0.001,False,1.8212023948183365,49.69871191329953
15.0,400,0.009000000000000001,0.01,True,0.9953897719680268,6.7146777780003575
15.0,400,0.009000000000000001,0.01,False,1.8212023948183365,49.69871191329953
15.0,400,0.009000000000000001,0.1,True,0.9953897719680268,6.7146777780003575
15.0,400,0.009000000000000001,0.1,False,1.8212023948183365,49.69871191329953
15.0,400,0.01,0.0001,True,0.9951092430778403,33.970031450950536
15.0,400,0.01,0.0001,False,4.3823747656702,29.30166870329934
15.0,400,0.01,0.001,True,0.9951092430778403,33.970031450950536
15.0,400,0.01,0.001,False,4.3823747656702,29.30166870329934
15.0,400,0.01,0.01,True,0.9951092430778403,33.970031450950536
15.0,400,0.01,0.01,False,4.3823747656702,29.30166870329934
15.0,400,0.01,0.1,True,0.9951092430778403,33.970031450950536
15.0,400,0.01,0.1,False,4.3823747656702,29.30166870329934
15.0,400,0.01,0.0001,True,0.9951092430778403,33.970031450950536
15.0,400,0.01,0.0001,False,4.3823747656702,29.30166870329934
15.0,400,0.01,0.001,True,0.9951092430778403,33.970031450950536
15.0,400,0.01,0.001,False,4.3823747656702,29.30166870329934
15.0,400,0.01,0.01,True,0.9951092430778403,33.970031450950536
15.0,400,0.01,0.01,False,4.3823747656702,29.30166870329934
15.0,400,0.01,0.1,True,0.9951092430778403,33.970031450950536
15.0,400,0.01,0.1,False,4.3823747656702,29.30166870329934
15.0,400,0.02,0.0001,True,1000.0,90.0
15.0,400,0.02,0.0001,False,1000.0,90.0
15.0,400,0.02,0.001,True,1000.0,90.0
15.0,400,0.02,0.001,False,1000.0,90.0
15.0,400,0.02,0.01,True,1000.0,90.0
15.0,400,0.02,0.01,False,1000.0,90.0
15.0,400,0.02,0.1,True,1000.0,90.0
15.0,400,0.02,0.1,False,1000.0,90.0
15.0,400,0.03,0.0001,True,1000.0,90.0
15.0,400,0.03,0.0001,False,1000.0,90.0
15.0,400,0.03,0.001,True,1000.0,90.0
15.0,400,0.03,0.001,False,1000.0,90.0
15.0,400,0.03,0.01,True,1000.0,90.0
15.0,400,0.03,0.01,False,1000.0,90.0
15.0,400,0.03,0.1,True,1000.0,90.0
15.0,400,0.03,0.1,False,1000.0,90.0
15.0,400,0.04,0.0001,True,1000.0,90.0
15.0,400,0.04,0.0001,False,1000.0,90.0
15.0,400,0.04,0.001,True,1000.0,90.0
15.0,400,0.04,0.001,False,1000.0,90.0
15.0,400,0.04,0.01,True,1000.0,90.0
15.0,400,0.04,0.01,False,1000.0,90.0
15.0,400,0.04,0.1,True,1000.0,90.0
15.0,400,0.04,0.1,False,1000.0,90.0
15.0,400,0.05,0.0001,True,1000.0,90.0
15.0,400,0.05,0.0001,False,1000.0,90.0
15.0,400,0.05,0.001,True,1000.0,90.0
15.0,400,0.05,0.001,False,1000.0,90.0
15.0,400,0.05,0.01,True,1000.0,90.0
15.0,400,0.05,0.01,False,1000.0,90.0
15.0,400,0.05,0.1,True,1000.0,90.0
15.0,400,0.05,0.1,False,1000.0,90.0
15.0,400,0.06,0.0001,True,1000.0,90.0
15.0,400,0.06,0.0001,False,1000.0,90.0
15.0,400,0.06,0.001,True,1000.0,90.0
15.0,400,0.06,0.001,False,1000.0,90.0
15.0,400,0.06,0.01,True,1000.0,90.0
15.0,400,0.06,0.01,False,1000.0,90.0
15.0,400,0.06,0.1,True,1000.0,90.0
15.0,400,0.06,0.1,False,1000.0,90.0
15.0,400,0.07,0.0001,True,1000.0,90.0
15.0,400,0.07,0.0001,False,1000.0,90.0
15.0,400,0.07,0.001,True,1000.0,90.0
15.0,400,0.07,0.001,False,1000.0,90.0
15.0,400,0.07,0.01,True,1000.0,90.0
15.0,400,0.07,0.01,False,1000.0,90.0
15.0,400,0.07,0.1,True,1000.0,90.0
15.0,400,0.07,0.1,False,1000.0,90.0
15.0,400,0.08,0.0001,True,1000.0,90.0
15.0,400,0.08,0.0001,False,1000.0,90.0
15.0,400,0.08,0.001,True,1000.0,90.0
15.0,400,0.08,0.001,False,1000.0,90.0
15.0,400,0.08,0.01,True,1000.0,90.0
15.0,400,0.08,0.01,False,1000.0,90.0
15.0,400,0.08,0.1,True,1000.0,90.0
15.0,400,0.08,0.1,False,1000.0,90.0
15.0,400,0.09,0.0001,True,1000.0,90.0
15.0,400,0.09,0.0001,False,1000.0,90.0
15.0,400,0.09,0.001,True,1000.0,90.0
15.0,400,0.09,0.001,False,1000.0,90.0
15.0,400,0.09,0.01,True,1000.0,90.0
15.0,400,0.09,0.01,False,1000.0,90.0
15.0,400,0.09,0.1,True,1000.0,90.0
15.0,400,0.09,0.1,False,1000.0,90.0
15.0,400,0.1,0.0001,True,1000.0,90.0
15.0,400,0.1,0.0001,False,1000.0,90.0
15.0,400,0.1,0.001,True,1000.0,90.0
15.0,400,0.1,0.001,False,1000.0,90.0
15.0,400,0.1,0.01,True,1000.0,90.0
15.0,400,0.1,0.01,False,1000.0,90.0
15.0,400,0.1,0.1,True,1000.0,90.0
15.0,400,0.1,0.1,False,1000.0,90.0
15.0,400,0.1,0.0001,True,1000.0,90.0
15.0,400,0.1,0.0001,False,1000.0,90.0
15.0,400,0.1,0.001,True,1000.0,90.0
15.0,400,0.1,0.001,False,1000.0,90.0
15.0,400,0.1,0.01,True,1000.0,90.0
15.0,400,0.1,0.01,False,1000.0,90.0
15.0,400,0.1,0.1,True,1000.0,90.0
15.0,400,0.1,0.1,False,1000.0,90.0
15.0,400,0.2,0.0001,True,1000.0,90.0
15.0,400,0.2,0.0001,False,1000.0,90.0
15.0,400,0.2,0.001,True,1000.0,90.0
15.0,400,0.2,0.001,False,1000.0,90.0
15.0,400,0.2,0.01,True,1000.0,90.0
15.0,400,0.2,0.01,False,1000.0,90.0
15.0,400,0.2,0.1,True,1000.0,90.0
15.0,400,0.2,0.1,False,1000.0,90.0
15.0,400,0.30000000000000004,0.0001,True,1000.0,90.0
15.0,400,0.30000000000000004,0.0001,False,1000.0,90.0
15.0,400,0.30000000000000004,0.001,True,1000.0,90.0
15.0,400,0.30000000000000004,0.001,False,1000.0,90.0
15.0,400,0.30000000000000004,0.01,True,1000.0,90.0
15.0,400,0.30000000000000004,0.01,False,1000.0,90.0
15.0,400,0.30000000000000004,0.1,True,1000.0,90.0
15.0,400,0.30000000000000004,0.1,False,1000.0,90.0
15.0,400,0.4,0.0001,True,1000.0,90.0
15.0,400,0.4,0.0001,False,1000.0,90.0
15.0,400,0.4,0.001,True,1000.0,90.0
15.0,400,0.4,0.001,False,1000.0,90.0
15.0,400,0.4,0.01,True,1000.0,90.0
15.0,400,0.4,0.01,False,1000.0,90.0
15.0,400,0.4,0.1,True,1000.0,90.0
15.0,400,0.4,0.1,False,1000.0,90.0
15.0,600,0.001,0.0001,True,0.9975615732795937,5.784370680502413
15.0,600,0.001,0.0001,False,0.9974266586138147,6.45024940403453
15.0,600,0.001,0.001,True,0.9975615732795937,5.784370680502413
15.0,600,0.001,0.001,False,0.9974266586138147,6.45024940403453
15.0,600,0.001,0.01,True,0.9975615732795937,5.784370680502413
15.0,600,0.001,0.01,False,0.9974266586138147,6.45024940403453
15.0,600,0.001,0.1,True,0.9975615732795937,5.784370680502413
15.0,600,0.001,0.1,False,0.9974266586138147,6.45024940403453
15.0,600,0.002,0.0001,True,0.9972072759632025,2.950179290450528
15.0,600,0.002,0.0001,False,0.9969374908701368,3.1857609327109913
15.0,600,0.002,0.001,True,0.9972072759632025,2.950179290450528
15.0,600,0.002,0.001,False,0.9969374908701368,3.1857609327109913
15.0,600,0.002,0.01,True,0.9972072759632025,2.950179290450528
15.0,600,0.002,0.01,False,0.9969374908701368,3.1857609327109913
15.0,600,0.002,0.1,True,0.9972072759632025,2.950179290450528
15.0,600,0.002,0.1,False,0.9969374908701368,3.1857609327109913
15.0,600,0.003,0.0001,True,0.9968530272541659,1.8876580059696693
15.0,600,0.003,0.0001,False,0.9964484159846537,1.7890983393096782
15.0,600,0.003,0.001,True,0.9968530272541659,1.8876580059696693
15.0,600,0.003,0.001,False,0.9964484159846537,1.7890983393096782
15.0,600,0.003,0.01,True,0.9968530272541659,1.8876580059696693
15.0,600,0.003,0.01,False,0.9964484159846537,1.7890983393096782
15.0,600,0.003,0.1,True,0.9968530272541659,1.8876580059696693
15.0,600,0.003,0.1,False,0.9964484159846537,1.7890983393096782
15.0,600,0.004,0.0001,True,0.9964988271601177,1.654480258017987
15.0,600,0.004,0.0001,False,0.9959594339773601,2.7867144774534722
15.0,600,0.004,0.001,True,0.9964988271601177,1.654480258017987
15.0,600,0.004,0.001,False,0.9959594339773601,2.7867144774534722
15.0,600,0.004,0.01,True,0.9964988271601177,1.654480258017987
15.0,600,0.004,0.01,False,0.9959594339773601,2.7867144774534722
15.0,600,0.004,0.1,True,0.9964988271601177,1.654480258017987
15.0,600,0.004,0.1,False,0.9959594339773601,2.7867144774534722
15.0,600,0.005,0.0001,True,0.9961446756886977,1.5511128027404375
15.0,600,0.005,0.0001,False,0.9954705448681495,80.67289008193272
15.0,600,0.005,0.001,True,0.9961446756886977,1.5511128027404375
15.0,600,0.005,0.001,False,0.9954705448681495,80.67289008193272
15.0,600,0.005,0.01,True,0.9961446756886977,1.5511128027404375
15.0,600,0.005,0.01,False,0.9954705448681495,80.67289008193272
15.0,600,0.005,0.1,True,0.9961446756886977,1.5511128027404375
15.0,600,0.005,0.1,False,0.9954705448681495,80.67289008193272
15.0,600,0.006,0.0001,True,0.9957905728475324,2.327570664476447
15.0,600,0.006,0.0001,False,0.9949817486770338,49.99679480758829
15.0,600,0.006,0.001,True,0.9957905728475324,2.327570664476447
15.0,600,0.006,0.001,False,0.9949817486770338,49.99679480758829
15.0,600,0.006,0.01,True,0.9957905728475324,2.327570664476447
15.0,600,0.006,0.01,False,0.9949817486770338,49.99679480758829
15.0,600,0.006,0.1,True,0.9957905728475324,2.327570664476447
15.0,600,0.006,0.1,False,0.9949817486770338,49.99679480758829
15.0,600,0.007,0.0001,True,0.9954365186442479,3.41893868066267
15.0,600,0.007,0.0001,False,3.9998110116925436,89.99759610569122
15.0,600,0.007,0.001,True,0.9954365186442479,3.41893868066267
15.0,600,0.007,0.001,False,3.9998110116925436,89.99759610569122
15.0,600,0.007,0.01,True,0.9954365186442479,3.41893868066267
15.0,600,0.007,0.01,False,3.9998110116925436,89.99759610569122
15.0,600,0.007,0.1,True,0.9954365186442479,3.41893868066267
15.0,600,0.007,0.1,False,3.9998110116925436,89.99759610569122
15.0,600,0.008,0.0001,True,0.9950825130864931,4.123279713135275
15.0,600,0.008,0.0001,False,25.23761606541393,90.0
15.0,600,0.008,0.001,True,0.9950825130864931,4.123279713135275
15.0,600,0.008,0.001,False,25.23761606541393,90.0
15.0,600,0.008,0.01,True,0.9950825130864931,4.123279713135275
15.0,600,0.008,0.01,False,25.23761606541393,90.0
15.0,600,0.008,0.1,True,0.9950825130864931,4.123279713135275
15.0,600,0.008,0.1,False,25.23761606541393,90.0
15.0,600,0.009000000000000001,0.0001,True,0.9947285561818958,4.402131452953782
15.0,600,0.009000000000000001,0.0001,False,1000.0,90.0
15.0,600,0.009000000000000001,0.001,True,0.9947285561818958,4.402131452953782
15.0,600,0.009000000000000001,0.001,False,1000.0,90.0
15.0,600,0.009000000000000001,0.01,True,0.9947285561818958,4.402131452953782
15.0,600,0.009000000000000001,0.01,False,1000.0,90.0
15.0,600,0.009000000000000001,0.1,True,0.9947285561818958,4.402131452953782
15.0,600,0.009000000000000001,0.1,False,1000.0,90.0
15.0,600,0.01,0.0001,True,0.994374647938112,4.642520883831807
15.0,600,0.01,0.0001,False,149.02778543667011,90.0
15.0,600,0.01,0.001,True,0.994374647938112,4.642520883831807
15.0,600,0.01,0.001,False,149.02778543667011,90.0
15.0,600,0.01,0.01,True,0.994374647938112,4.642520883831807
15.0,600,0.01,0.01,False,149.02778543667011,90.0
15.0,600,0.01,0.1,True,0.994374647938112,4.642520883831807
15.0,600,0.01,0.1,False,149.02778543667011,90.0
15.0,600,0.01,0.0001,True,0.994374647938112,4.642520883831807
15.0,600,0.01,0.0001,False,149.02778543667011,90.0
15.0,600,0.01,0.001,True,0.994374647938112,4.642520883831807
15.0,600,0.01,0.001,False,149.02778543667011,90.0
15.0,600,0.01,0.01,True,0.994374647938112,4.642520883831807
15.0,600,0.01,0.01,False,149.02778543667011,90.0
15.0,600,0.01,0.1,True,0.994374647938112,4.642520883831807
15.0,600,0.01,0.1,False,149.02778543667011,90.0
15.0,600,0.02,0.0001,True,2.233726859044595,22.580380215949837
15.0,600,0.02,0.0001,False,1000.0,90.0
15.0,600,0.02,0.001,True,2.233726859044595,22.580380215949837
15.0,600,0.02,0.001,False,1000.0,90.0
15.0,600,0.02,0.01,True,2.233726859044595,22.580380215949837
15.0,600,0.02,0.01,False,1000.0,90.0
15.0,600,0.02,0.1,True,2.233726859044595,22.580380215949837
15.0,600,0.02,0.1,False,1000.0,90.0
15.0,600,0.03,0.0001,True,10.993430278516499,16.688435265129506
15.0,600,0.03,0.0001,False,1000.0,90.0
15.0,600,0.03,0.001,True,10.993430278516499,16.688435265129506
15.0,600,0.03,0.001,False,1000.0,90.0
15.0,600,0.03,0.01,True,10.993430278516499,16.688435265129506
15.0,600,0.03,0.01,False,1000.0,90.0
15.0,600,0.03,0.1,True,10.993430278516499,16.688435265129506
15.0,600,0.03,0.1,False,1000.0,90.0
15.0,600,0.04,0.0001,True,30.582246410392436,22.16691039483964
15.0,600,0.04,0.0001,False,1000.0,90.0
15.0,600,0.04,0.001,True,30.582246410392436,22.16691039483964
15.0,600,0.04,0.001,False,1000.0,90.0
15.0,600,0.04,0.01,True,30.582246410392436,22.16691039483964
15.0,600,0.04,0.01,False,1000.0,90.0
15.0,600,0.04,0.1,True,30.582246410392436,22.16691039483964
15.0,600,0.04,0.1,False,1000.0,90.0
15.0,600,0.05,0.0001,True,203.6743463376094,25.52034295558805
15.0,600,0.05,0.0001,False,1000.0,90.0
15.0,600,0.05,0.001,True,203.6743463376094,25.52034295558805
15.0,600,0.05,0.001,False,1000.0,90.0
15.0,600,0.05,0.01,True,203.6743463376094,25.52034295558805
15.0,600,0.05,0.01,False,1000.0,90.0
15.0,600,0.05,0.1,True,203.6743463376094,25.52034295558805
15.0,600,0.05,0.1,False,1000.0,90.0
15.0,600,0.06,0.0001,True,739.6959150439218,51.7203870269837
15.0,600,0.06,0.0001,False,1000.0,90.0
15.0,600,0.06,0.001,True,739.6959150439218,51.7203870269837
15.0,600,0.06,0.001,False,1000.0,90.0
15.0,600,0.06,0.01,True,739.6959150439218,51.7203870269837
15.0,600,0.06,0.01,False,1000.0,90.0
15.0,600,0.06,0.1,True,739.6959150439218,51.7203870269837
15.0,600,0.06,0.1,False,1000.0,90.0
15.0,600,0.07,0.0001,True,622.4797407732309,71.18952703379475
15.0,600,0.07,0.0001,False,1000.0,90.0
15.0,600,0.07,0.001,True,622.4797407732309,71.18952703379475
15.0,600,0.07,0.001,False,1000.0,90.0
15.0,600,0.07,0.01,True,622.4797407732309,71.18952703379475
15.0,600,0.07,0.01,False,1000.0,90.0
15.0,600,0.07,0.1,True,622.4797407732309,71.18952703379475
15.0,600,0.07,0.1,False,1000.0,90.0
15.0,600,0.08,0.0001,True,1000.0,78.16803221218373
15.0,600,0.08,0.0001,False,1000.0,90.0
15.0,600,0.08,0.001,True,1000.0,78.16803221218373
15.0,600,0.08,0.001,False,1000.0,90.0
15.0,600,0.08,0.01,True,1000.0,78.16803221218373
15.0,600,0.08,0.01,False,1000.0,90.0
15.0,600,0.08,0.1,True,1000.0,78.16803221218373
15.0,600,0.08,0.1,False,1000.0,90.0
15.0,600,0.09,0.0001,True,407.82909732341597,28.361746028566273
15.0,600,0.09,0.0001,False,1000.0,90.0
15.0,600,0.09,0.001,True,407.82909732341597,28.361746028566273
15.0,600,0.09,0.001,False,1000.0,90.0
15.0,600,0.09,0.01,True,407.82909732341597,28.361746028566273
15.0,600,0.09,0.01,False,1000.0,90.0
15.0,600,0.09,0.1,True,407.82909732341597,28.361746028566273
15.0,600,0.09,0.1,False,1000.0,90.0
15.0,600,0.1,0.0001,True,1000.0,68.52360824535747
15.0,600,0.1,0.0001,False,1000.0,90.0
15.0,600,0.1,0.001,True,1000.0,68.52360824535747
15.0,600,0.1,0.001,False,1000.0,90.0
15.0,600,0.1,0.01,True,1000.0,68.52360824535747
15.0,600,0.1,0.01,False,1000.0,90.0
15.0,600,0.1,0.1,True,1000.0,68.52360824535747
15.0,600,0.1,0.1,False,1000.0,90.0
15.0,600,0.1,0.0001,True,1000.0,68.52360824535747
15.0,600,0.1,0.0001,False,1000.0,90.0
15.0,600,0.1,0.001,True,1000.0,68.52360824535747
15.0,600,0.1,0.001,False,1000.0,90.0
15.0,600,0.1,0.01,True,1000.0,68.52360824535747
15.0,600,0.1,0.01,False,1000.0,90.0
15.0,600,0.1,0.1,True,1000.0,68.52360824535747
15.0,600,0.1,0.1,False,1000.0,90.0
15.0,600,0.2,0.0001,True,1000.0,90.0
15.0,600,0.2,0.0001,False,1000.0,90.0
15.0,600,0.2,0.001,True,1000.0,90.0
15.0,600,0.2,0.001,False,1000.0,90.0
15.0,600,0.2,0.01,True,1000.0,90.0
15.0,600,0.2,0.01,False,1000.0,90.0
15.0,600,0.2,0.1,True,1000.0,90.0
15.0,600,0.2,0.1,False,1000.0,90.0
15.0,600,0.30000000000000004,0.0001,True,1000.0,90.0
15.0,600,0.30000000000000004,0.0001,False,1000.0,90.0
15.0,600,0.30000000000000004,0.001,True,1000.0,90.0
15.0,600,0.30000000000000004,0.001,False,1000.0,90.0
15.0,600,0.30000000000000004,0.01,True,1000.0,90.0
15.0,600,0.30000000000000004,0.01,False,1000.0,90.0
15.0,600,0.30000000000000004,0.1,True,1000.0,90.0
15.0,600,0.30000000000000004,0.1,False,1000.0,90.0
15.0,600,0.4,0.0001,True,1000.0,90.0
15.0,600,0.4,0.0001,False,1000.0,90.0
15.0,600,0.4,0.001,True,1000.0,90.0
15.0,600,0.4,0.001,False,1000.0,90.0
15.0,600,0.4,0.01,True,1000.0,90.0
15.0,600,0.4,0.01,False,1000.0,90.0
15.0,600,0.4,0.1,True,1000.0,90.0
15.0,600,0.4,0.1,False,1000.0,90.0
15.0,800,0.001,0.0001,True,0.99755593713701,5.717061639856567
15.0,800,0.001,0.0001,False,0.9975852463546181,7.382960395841259
15.0,800,0.001,0.001,True,0.99755593713701,5.717061639856567
15.0,800,0.001,0.001,False,0.9975852463546181,7.382960395841259
15.0,800,0.001,0.01,True,0.99755593713701,5.717061639856567
15.0,800,0.001,0.01,False,0.9975852463546181,7.382960395841259
15.0,800,0.001,0.1,True,0.99755593713701,5.717061639856567
15.0,800,0.001,0.1,False,0.9975852463546181,7.382960395841259
15.0,800,0.002,0.0001,True,0.9971960051995203,2.8828702498046823
15.0,800,0.002,0.0001,False,0.9972546159263584,3.8155812416114046
15.0,800,0.002,0.001,True,0.9971960051995203,2.8828702498046823
15.0,800,0.002,0.001,False,0.9972546159263584,3.8155812416114046
15.0,800,0.002,0.01,True,0.9971960051995203,2.8828702498046823
15.0,800,0.002,0.01,False,0.9972546159263584,3.8155812416114046
15.0,800,0.002,0.1,True,0.9971960051995203,2.8828702498046823
15.0,800,0.002,0.1,False,0.9972546159263584,3.8155812416114046
15.0,800,0.003,0.0001,True,0.9968361233912542,1.952563152306734
15.0,800,0.003,0.0001,False,0.9969240279170037,2.817965103467614
15.0,800,0.003,0.001,True,0.9968361233912542,1.952563152306734
15.0,800,0.003,0.001,False,0.9969240279170037,2.817965103467614
15.0,800,0.003,0.01,True,0.9968361233912542,1.952563152306734
15.0,800,0.003,0.01,False,0.9969240279170037,2.817965103467614
15.0,800,0.003,0.1,True,0.9968361233912542,1.952563152306734
15.0,800,0.003,0.1,False,0.9969240279170037,2.817965103467614
15.0,800,0.004,0.0001,True,0.9964762917202794,1.7193854043550516
15.0,800,0.004,0.0001,False,0.9965934823327788,1.8876580059696693
15.0,800,0.004,0.001,True,0.9964762917202794,1.7193854043550516
15.0,800,0.004,0.001,False,0.9965934823327788,1.8876580059696693
15.0,800,0.004,0.01,True,0.9964762917202794,1.7193854043550516
15.0,800,0.004,0.01,False,0.9965934823327788,1.8876580059696693
15.0,800,0.004,0.1,True,0.9964762917202794,1.7193854043550516
15.0,800,0.004,0.1,False,0.9965934823327788,1.8876580059696693
15.0,800,0.005,0.0001,True,0.9961165101945885,1.5871712173721413
15.0,800,0.005,0.0001,False,0.9962629791798717,1.7217892986638326
15.0,800,0.005,0.001,True,0.9961165101945885,1.5871712173721413
15.0,800,0.005,0.001,False,0.9962629791798717,1.7217892986638326
15.0,800,0.005,0.01,True,0.9961165101945885,1.5871712173721413
15.0,800,0.005,0.01,False,0.9962629791798717,1.7217892986638326
15.0,800,0.005,0.1,True,0.9961165101945885,1.5871712173721413
15.0,800,0.005,0.1,False,0.9962629791798717,1.7217892986638326
15.0,800,0.006,0.0001,True,0.9957567788221842,1.5198621767262956
15.0,800,0.006,0.0001,False,0.9959325184643735,1.656884152326768
15.0,800,0.006,0.001,True,0.9957567788221842,1.5198621767262956
15.0,800,0.006,0.001,False,0.9959325184643735,1.656884152326768
15.0,800,0.006,0.01,True,0.9957567788221842,1.5198621767262956
15.0,800,0.006,0.01,False,0.9959325184643735,1.656884152326768
15.0,800,0.006,0.1,True,0.9957567788221842,1.5198621767262956
15.0,800,0.006,0.1,False,0.9959325184643735,1.656884152326768
15.0,800,0.007,0.0001,True,0.9953970976111716,2.3636290791081507
15.0,800,0.007,0.0001,False,0.9956021001924497,21.11160079328512
15.0,800,0.007,0.001,True,0.9953970976111716,2.3636290791081507
15.0,800,0.007,0.001,False,0.9956021001924497,21.11160079328512
15.0,800,0.007,0.01,True,0.9953970976111716,2.3636290791081507
15.0,800,0.007,0.01,False,0.9956021001924497,21.11160079328512
15.0,800,0.007,0.1,True,0.9953970976111716,2.3636290791081507
15.0,800,0.007,0.1,False,0.9956021001924497,21.11160079328512
15.0,800,0.008,0.0001,True,0.9950374665695009,3.2843205993709788
15.0,800,0.008,0.0001,False,0.9952717243702822,48.09771830365192
15.0,800,0.008,0.001,True,0.9950374665695009,3.2843205993709788
15.0,800,0.008,0.001,False,0.9952717243702822,48.09771830365192
15.0,800,0.008,0.01,True,0.9950374665695009,3.2843205993709788
15.0,800,0.008,0.01,False,0.9952717243702822,48.09771830365192
15.0,800,0.008,0.1,True,0.9950374665695009,3.2843205993709788
15.0,800,0.008,0.1,False,0.9952717243702822,48.09771830365192
15.0,800,0.009000000000000001,0.0001,True,0.9946778857052188,3.3900919489573056
15.0,800,0.009000000000000001,0.0001,False,1.4779069547845192,57.480117790821126
15.0,800,0.009000000000000001,0.001,True,0.9946778857052188,3.3900919489573056
15.0,800,0.009000000000000001,0.001,False,1.4779069547845192,57.480117790821126
15.0,800,0.009000000000000001,0.01,True,0.9946778857052188,3.3900919489573056
15.0,800,0.009000000000000001,0.01,False,1.4779069547845192,57.480117790821126
15.0,800,0.009000000000000001,0.1,True,0.9946778857052188,3.3900919489573056
15.0,800,0.009000000000000001,0.1,False,1.4779069547845192,57.480117790821126
15.0,800,0.01,0.0001,True,0.9943183550263583,3.4598048839119357
15.0,800,0.01,0.0001,False,2.711112126028902,90.0
15.0,800,0.01,0.001,True,0.9943183550263583,3.4598048839119357
15.0,800,0.01,0.001,False,2.711112126028902,90.0
15.0,800,0.01,0.01,True,0.9943183550263583,3.4598048839119357
15.0,800,0.01,0.01,False,2.711112126028902,90.0
15.0,800,0.01,0.1,True,0.9943183550263583,3.4598048839119357
15.0,800,0.01,0.1,False,2.711112126028902,90.0
15.0,800,0.01,0.0001,True,0.9943183550263583,3.4598048839119357
15.0,800,0.01,0.0001,False,2.711112126028902,90.0
15.0,800,0.01,0.001,True,0.9943183550263583,3.4598048839119357
15.0,800,0.01,0.001,False,2.711112126028902,90.0
15.0,800,0.01,0.01,True,0.9943183550263583,3.4598048839119357
15.0,800,0.01,0.01,False,2.711112126028902,90.0
15.0,800,0.01,0.1,True,0.9943183550263583,3.4598048839119357
15.0,800,0.01,0.1,False,2.711112126028902,90.0
15.0,800,0.02,0.0001,True,3.986633745875682,45.79959534445801
15.0,800,0.02,0.0001,False,674.2483618370456,90.0
15.0,800,0.02,0.001,True,3.986633745875682,45.79959534445801
15.0,800,0.02,0.001,False,674.2483618370456,90.0
15.0,800,0.02,0.01,True,3.986633745875682,45.79959534445801
15.0,800,0.02,0.01,False,674.2483618370456,90.0
15.0,800,0.02,0.1,True,3.986633745875682,45.79959534445801
15.0,800,0.02,0.1,False,674.2483618370456,90.0
15.0,800,0.03,0.0001,True,13.416305734026485,18.914441395059995
15.0,800,0.03,0.0001,False,1000.0,90.0
15.0,800,0.03,0.001,True,13.416305734026485,18.914441395059995
15.0,800,0.03,0.001,False,1000.0,90.0
15.0,800,0.03,0.01,True,13.416305734026485,18.914441395059995
15.0,800,0.03,0.01,False,1000.0,90.0
15.0,800,0.03,0.1,True,13.416305734026485,18.914441395059995
15.0,800,0.03,0.1,False,1000.0,90.0
15.0,800,0.04,0.0001,True,49.217370447328726,29.796870930908064
15.0,800,0.04,0.0001,False,1000.0,90.0
15.0,800,0.04,0.001,True,49.217370447328726,29.796870930908064
15.0,800,0.04,0.001,False,1000.0,90.0
15.0,800,0.04,0.01,True,49.217370447328726,29.796870930908064
15.0,800,0.04,0.01,False,1000.0,90.0
15.0,800,0.04,0.1,True,49.217370447328726,29.796870930908064
15.0,800,0.04,0.1,False,1000.0,90.0
15.0,800,0.05,0.0001,True,140.29618747529332,83.11043891103587
15.0,800,0.05,0.0001,False,1000.0,90.0
15.0,800,0.05,0.001,True,140.29618747529332,83.11043891103587
15.0,800,0.05,0.001,False,1000.0,90.0
15.0,800,0.05,0.01,True,140.29618747529332,83.11043891103587
15.0,800,0.05,0.01,False,1000.0,90.0
15.0,800,0.05,0.1,True,140.29618747529332,83.11043891103587
15.0,800,0.05,0.1,False,1000.0,90.0
15.0,800,0.06,0.0001,True,310.9266144109244,40.75622508463711
15.0,800,0.06,0.0001,False,1000.0,90.0
15.0,800,0.06,0.001,True,310.9266144109244,40.75622508463711
15.0,800,0.06,0.001,False,1000.0,90.0
15.0,800,0.06,0.01,True,310.9266144109244,40.75622508463711
15.0,800,0.06,0.01,False,1000.0,90.0
15.0,800,0.06,0.1,True,310.9266144109244,40.75622508463711
15.0,800,0.06,0.1,False,1000.0,90.0
15.0,800,0.07,0.0001,True,990.975680933741,32.972415312806746
15.0,800,0.07,0.0001,False,1000.0,90.0
15.0,800,0.07,0.001,True,990.975680933741,32.972415312806746
15.0,800,0.07,0.001,False,1000.0,90.0
15.0,800,0.07,0.01,True,990.975680933741,32.972415312806746
15.0,800,0.07,0.01,False,1000.0,90.0
15.0,800,0.07,0.1,True,990.975680933741,32.972415312806746
15.0,800,0.07,0.1,False,1000.0,90.0
15.0,800,0.08,0.0001,True,1000.0,74.78575291972996
15.0,800,0.08,0.0001,False,1000.0,90.0
15.0,800,0.08,0.001,True,1000.0,74.78575291972996
15.0,800,0.08,0.001,False,1000.0,90.0
15.0,800,0.08,0.01,True,1000.0,74.78575291972996
15.0,800,0.08,0.01,False,1000.0,90.0
15.0,800,0.08,0.1,True,1000.0,74.78575291972996
15.0,800,0.08,0.1,False,1000.0,90.0
15.0,800,0.09,0.0001,True,1000.0,42.35241090566717
15.0,800,0.09,0.0001,False,1000.0,90.0
15.0,800,0.09,0.001,True,1000.0,42.35241090566717
15.0,800,0.09,0.001,False,1000.0,90.0
15.0,800,0.09,0.01,True,1000.0,42.35241090566717
15.0,800,0.09,0.01,False,1000.0,90.0
15.0,800,0.09,0.1,True,1000.0,42.35241090566717
15.0,800,0.09,0.1,False,1000.0,90.0
15.0,800,0.1,0.0001,True,1000.0,38.85474468639195
15.0,800,0.1,0.0001,False,1000.0,90.0
15.0,800,0.1,0.001,True,1000.0,38.85474468639195
15.0,800,0.1,0.001,False,1000.0,90.0
15.0,800,0.1,0.01,True,1000.0,38.85474468639195
15.0,800,0.1,0.01,False,1000.0,90.0
15.0,800,0.1,0.1,True,1000.0,38.85474468639195
15.0,800,0.1,0.1,False,1000.0,90.0
15.0,800,0.1,0.0001,True,1000.0,38.85474468639195
15.0,800,0.1,0.0001,False,1000.0,90.0
15.0,800,0.1,0.001,True,1000.0,38.85474468639195
15.0,800,0.1,0.001,False,1000.0,90.0
15.0,800,0.1,0.01,True,1000.0,38.85474468639195
15.0,800,0.1,0.01,False,1000.0,90.0
15.0,800,0.1,0.1,True,1000.0,38.85474468639195
15.0,800,0.1,0.1,False,1000.0,90.0
15.0,800,0.2,0.0001,True,1000.0,89.99519221138243
15.0,800,0.2,0.0001,False,1000.0,90.0
15.0,800,0.2,0.001,True,1000.0,89.99519221138243
15.0,800,0.2,0.001,False,1000.0,90.0
15.0,800,0.2,0.01,True,1000.0,89.99519221138243
15.0,800,0.2,0.01,False,1000.0,90.0
15.0,800,0.2,0.1,True,1000.0,89.99519221138243
15.0,800,0.2,0.1,False,1000.0,90.0
15.0,800,0.30000000000000004,0.0001,True,1000.0,90.0
15.0,800,0.30000000000000004,0.0001,False,1000.0,90.0
15.0,800,0.30000000000000004,0.001,True,1000.0,90.0
15.0,800,0.30000000000000004,0.001,False,1000.0,90.0
15.0,800,0.30000000000000004,0.01,True,1000.0,90.0
15.0,800,0.30000000000000004,0.01,False,1000.0,90.0
15.0,800,0.30000000000000004,0.1,True,1000.0,90.0
15.0,800,0.30000000000000004,0.1,False,1000.0,90.0
15.0,800,0.4,0.0001,True,1000.0,90.0
15.0,800,0.4,0.0001,False,1000.0,90.0
15.0,800,0.4,0.001,True,1000.0,90.0
15.0,800,0.4,0.001,False,1000.0,90.0
15.0,800,0.4,0.01,True,1000.0,90.0
15.0,800,0.4,0.01,False,1000.0,90.0
15.0,800,0.4,0.1,True,1000.0,90.0
15.0,800,0.4,0.1,False,1000.0,90.0
15.0,1000,0.001,0.0001,True,0.9975551353998002,5.683407119533641
15.0,1000,0.001,0.0001,False,0.9975798582776296,7.152186542198358
15.0,1000,0.001,0.001,True,0.9975551353998002,5.683407119533641
15.0,1000,0.001,0.001,False,0.9975798582776296,7.152186542198358
15.0,1000,0.001,0.01,True,0.9975551353998002,5.683407119533641
15.0,1000,0.001,0.01,False,0.9975798582776296,7.152186542198358
15.0,1000,0.001,0.1,True,0.9975551353998002,5.683407119533641
15.0,1000,0.001,0.1,False,0.9975798582776296,7.152186542198358
15.0,1000,0.002,0.0001,True,0.9971944019933698,2.950179290450528
15.0,1000,0.002,0.0001,False,0.9972438408882499,3.4525932009855964
15.0,1000,0.002,0.001,True,0.9971944019933698,2.950179290450528
15.0,1000,0.002,0.001,False,0.9972438408882499,3.4525932009855964
15.0,1000,0.002,0.01,True,0.9971944019933698,2.950179290450528
15.0,1000,0.002,0.01,False,0.9972438408882499,3.4525932009855964
15.0,1000,0.002,0.1,True,0.9971944019933698,2.950179290450528
15.0,1000,0.002,0.1,False,0.9972438408882499,3.4525932009855964
15.0,1000,0.003,0.0001,True,0.9968337189845801,1.9862176726296568
15.0,1000,0.003,0.0001,False,0.9969078670341419,2.1544902742442744
15.0,1000,0.003,0.001,True,0.9968337189845801,1.9862176726296568
15.0,1000,0.003,0.001,False,0.9969078670341419,2.1544902742442744
15.0,1000,0.003,0.01,True,0.9968337189845801,1.9862176726296568
15.0,1000,0.003,0.01,False,0.9969078670341419,2.1544902742442744
15.0,1000,0.003,0.1,True,0.9968337189845801,1.9862176726296568
15.0,1000,0.003,0.1,False,0.9969078670341419,2.1544902742442744
15.0,1000,0.004,0.0001,True,0.9964730863814537,1.7530399246779744
15.0,1000,0.004,0.0001,False,0.9965719367219407,1.8924657945872276
15.0,1000,0.004,0.001,True,0.9964730863814537,1.7530399246779744
15.0,1000,0.004,0.001,False,0.9965719367219407,1.8924657945872276
15.0,1000,0.004,0.01,True,0.9964730863814537,1.7530399246779744
15.0,1000,0.004,0.01,False,0.9965719367219407,1.8924657945872276
15.0,1000,0.004,0.1,True,0.9964730863814537,1.7530399246779744
15.0,1000,0.004,0.1,False,0.9965719367219407,1.8924657945872276
15.0,1000,0.005,0.0001,True,0.9961125041920362,1.620825737695064
15.0,1000,0.005,0.0001,False,0.9962360499582942,1.827560648250163
15.0,1000,0.005,0.001,True,0.9961125041920362,1.620825737695064
15.0,1000,0.005,0.001,False,0.9962360499582942,1.827560648250163
15.0,1000,0.005,0.01,True,0.9961125041920362,1.620825737695064
15.0,1000,0.005,0.01,False,0.9962360499582942,1.827560648250163
15.0,1000,0.005,0.1,True,0.9961125041920362,1.620825737695064
15.0,1000,0.005,0.1,False,0.9962360499582942,1.827560648250163
15.0,1000,0.006,0.0001,True,0.9957519724244104,3.2819167050622013
15.0,1000,0.006,0.0001,False,0.995900206749748,9.844548168032212
15.0,1000,0.006,0.001,True,0.9957519724244104,3.2819167050622013
15.0,1000,0.006,0.001,False,0.995900206749748,9.844548168032212
15.0,1000,0.006,0.01,True,0.9957519724244104,3.2819167050622013
15.0,1000,0.006,0.01,False,0.995900206749748,9.844548168032212
15.0,1000,0.006,0.1,True,0.9957519724244104,3.2819167050622013
15.0,1000,0.006,0.1,False,0.995900206749748,9.844548168032212
15.0,1000,0.007,0.0001,True,0.9953914910865851,3.4910555099260776
15.0,1000,0.007,0.0001,False,0.9955644071029592,14.673971834371677
15.0,1000,0.007,0.001,True,0.9953914910865851,3.4910555099260776
15.0,1000,0.007,0.001,False,0.9955644071029592,14.673971834371677
15.0,1000,0.007,0.01,True,0.9953914910865851,3.4910555099260776
15.0,1000,0.007,0.01,False,0.9955644071029592,14.673971834371677
15.0,1000,0.007,0.1,True,0.9953914910865851,3.4910555099260776
15.0,1000,0.007,0.1,False,0.9955644071029592,14.673971834371677
15.0,1000,0.008,0.0001,True,0.9950310601866363,4.481459965143529
15.0,1000,0.008,0.0001,False,0.995228651024473,18.32548728940884
15.0,1000,0.008,0.001,True,0.9950310601866363,4.481459965143529
15.0,1000,0.008,0.001,False,0.995228651024473,18.32548728940884
15.0,1000,0.008,0.01,True,0.9950310601866363,4.481459965143529
15.0,1000,0.008,0.01,False,0.995228651024473,18.32548728940884
15.0,1000,0.008,0.1,True,0.9950310601866363,4.481459965143529
15.0,1000,0.008,0.1,False,0.995228651024473,18.32548728940884
15.0,1000,0.009000000000000001,0.0001,True,0.9946706797325813,4.546365111480597
15.0,1000,0.009000000000000001,0.0001,False,0.9948929385209474,29.147819467537403
15.0,1000,0.009000000000000001,0.001,True,0.9946706797325813,4.546365111480597
15.0,1000,0.009000000000000001,0.001,False,0.9948929385209474,29.147819467537403
15.0,1000,0.009000000000000001,0.01,True,0.9946706797325813,4.546365111480597
15.0,1000,0.009000000000000001,0.01,False,0.9948929385209474,29.147819467537403
15.0,1000,0.009000000000000001,0.1,True,0.9946706797325813,4.546365111480597
15.0,1000,0.009000000000000001,0.1,False,0.9948929385209474,29.147819467537403
15.0,1000,0.01,0.0001,True,0.9943103497325259,5.897353713015079
15.0,1000,0.01,0.0001,False,1.3563354034620596,46.38133776718283
15.0,1000,0.01,0.001,True,0.9943103497325259,5.897353713015079
15.0,1000,0.01,0.001,False,1.3563354034620596,46.38133776718283
15.0,1000,0.01,0.01,True,0.9943103497325259,5.897353713015079
15.0,1000,0.01,0.01,False,1.3563354034620596,46.38133776718283
15.0,1000,0.01,0.1,True,0.9943103497325259,5.897353713015079
15.0,1000,0.01,0.1,False,1.3563354034620596,46.38133776718283
15.0,1000,0.01,0.0001,True,0.9943103497325259,5.897353713015079
15.0,1000,0.01,0.0001,False,1.3563354034620596,46.38133776718283
15.0,1000,0.01,0.001,True,0.9943103497325259,5.897353713015079
15.0,1000,0.01,0.001,False,1.3563354034620596,46.38133776718283
15.0,1000,0.01,0.01,True,0.9943103497325259,5.897353713015079
15.0,1000,0.01,0.01,False,1.3563354034620596,46.38133776718283
15.0,1000,0.01,0.1,True,0.9943103497325259,5.897353713015079
15.0,1000,0.01,0.1,False,1.3563354034620596,46.38133776718283
15.0,1000,0.02,0.0001,True,4.939841473824317,6.147358721128228
15.0,1000,0.02,0.0001,False,23.016281103158704,89.97596105691218
15.0,1000,0.02,0.001,True,4.939841473824317,6.147358721128228
15.0,1000,0.02,0.001,False,23.016281103158704,89.97596105691218
15.0,1000,0.02,0.01,True,4.939841473824317,6.147358721128228
15.0,1000,0.02,0.01,False,23.016281103158704,89.97596105691218
15.0,1000,0.02,0.1,True,4.939841473824317,6.147358721128228
15.0,1000,0.02,0.1,False,23.016281103158704,89.97596105691218
15.0,1000,0.03,0.0001,True,17.00034352931426,28.08770207736533
15.0,1000,0.03,0.0001,False,103.69806138001547,89.99038442276488
15.0,1000,0.03,0.001,True,17.00034352931426,28.08770207736533
15.0,1000,0.03,0.001,False,103.69806138001547,89.99038442276488
15.0,1000,0.03,0.01,True,17.00034352931426,28.08770207736533
15.0,1000,0.03,0.01,False,103.69806138001547,89.99038442276488
15.0,1000,0.03,0.1,True,17.00034352931426,28.08770207736533
15.0,1000,0.03,0.1,False,103.69806138001547,89.99038442276488
15.0,1000,0.04,0.0001,True,89.75256843192717,22.89529037040004
15.0,1000,0.04,0.0001,False,755.3134233325426,90.0
15.0,1000,0.04,0.001,True,89.75256843192717,22.89529037040004
15.0,1000,0.04,0.001,False,755.3134233325426,90.0
15.0,1000,0.04,0.01,True,89.75256843192717,22.89529037040004
15.0,1000,0.04,0.01,False,755.3134233325426,90.0
15.0,1000,0.04,0.1,True,89.75256843192717,22.89529037040004
15.0,1000,0.04,0.1,False,755.3134233325426,90.0
15.0,1000,0.05,0.0001,True,149.25744288460112,17.969710931709365
15.0,1000,0.05,0.0001,False,1000.0,90.0
15.0,1000,0.05,0.001,True,149.25744288460112,17.969710931709365
15.0,1000,0.05,0.001,False,1000.0,90.0
15.0,1000,0.05,0.01,True,149.25744288460112,17.969710931709365
15.0,1000,0.05,0.01,False,1000.0,90.0
15.0,1000,0.05,0.1,True,149.25744288460112,17.969710931709365
15.0,1000,0.05,0.1,False,1000.0,90.0
15.0,1000,0.06,0.0001,True,173.92919677069307,36.306616719084914
15.0,1000,0.06,0.0001,False,1000.0,90.0
15.0,1000,0.06,0.001,True,173.92919677069307,36.306616719084914
15.0,1000,0.06,0.001,False,1000.0,90.0
15.0,1000,0.06,0.01,True,173.92919677069307,36.306616719084914
15.0,1000,0.06,0.01,False,1000.0,90.0
15.0,1000,0.06,0.1,True,173.92919677069307,36.306616719084914
15.0,1000,0.06,0.1,False,1000.0,90.0
15.0,1000,0.07,0.0001,True,1000.0,81.73781526072236
15.0,1000,0.07,0.0001,False,1000.0,90.0
15.0,1000,0.07,0.001,True,1000.0,81.73781526072236
15.0,1000,0.07,0.001,False,1000.0,90.0
15.0,1000,0.07,0.01,True,1000.0,81.73781526072236
15.0,1000,0.07,0.01,False,1000.0,90.0
15.0,1000,0.07,0.1,True,1000.0,81.73781526072236
15.0,1000,0.07,0.1,False,1000.0,90.0
15.0,1000,0.08,0.0001,True,1000.0,41.66970492197359
15.0,1000,0.08,0.0001,False,1000.0,90.0
15.0,1000,0.08,0.001,True,1000.0,41.66970492197359
15.0,1000,0.08,0.001,False,1000.0,90.0
15.0,1000,0.08,0.01,True,1000.0,41.66970492197359
15.0,1000,0.08,0.01,False,1000.0,90.0
15.0,1000,0.08,0.1,True,1000.0,41.66970492197359
15.0,1000,0.08,0.1,False,1000.0,90.0
15.0,1000,0.09,0.0001,True,1000.0,51.06652777499549
15.0,1000,0.09,0.0001,False,1000.0,90.0
15.0,1000,0.09,0.001,True,1000.0,51.06652777499549
15.0,1000,0.09,0.001,False,1000.0,90.0
15.0,1000,0.09,0.01,True,1000.0,51.06652777499549
15.0,1000,0.09,0.01,False,1000.0,90.0
15.0,1000,0.09,0.1,True,1000.0,51.06652777499549
15.0,1000,0.09,0.1,False,1000.0,90.0
15.0,1000,0.1,0.0001,True,1000.0,36.96047597107314
15.0,1000,0.1,0.0001,False,1000.0,90.0
15.0,1000,0.1,0.001,True,1000.0,36.96047597107314
15.0,1000,0.1,0.001,False,1000.0,90.0
15.0,1000,0.1,0.01,True,1000.0,36.96047597107314
15.0,1000,0.1,0.01,False,1000.0,90.0
15.0,1000,0.1,0.1,True,1000.0,36.96047597107314
15.0,1000,0.1,0.1,False,1000.0,90.0
15.0,1000,0.1,0.0001,True,1000.0,36.96047597107314
15.0,1000,0.1,0.0001,False,1000.0,90.0
15.0,1000,0.1,0.001,True,1000.0,36.96047597107314
15.0,1000,0.1,0.001,False,1000.0,90.0
15.0,1000,0.1,0.01,True,1000.0,36.96047597107314
15.0,1000,0.1,0.01,False,1000.0,90.0
15.0,1000,0.1,0.1,True,1000.0,36.96047597107314
15.0,1000,0.1,0.1,False,1000.0,90.0
15.0,1000,0.2,0.0001,True,1000.0,90.0
15.0,1000,0.2,0.0001,False,1000.0,90.0
15.0,1000,0.2,0.001,True,1000.0,90.0
15.0,1000,0.2,0.001,False,1000.0,90.0
15.0,1000,0.2,0.01,True,1000.0,90.0
15.0,1000,0.2,0.01,False,1000.0,90.0
15.0,1000,0.2,0.1,True,1000.0,90.0
15.0,1000,0.2,0.1,False,1000.0,90.0
15.0,1000,0.30000000000000004,0.0001,True,1000.0,90.0
15.0,1000,0.30000000000000004,0.0001,False,1000.0,90.0
15.0,1000,0.30000000000000004,0.001,True,1000.0,90.0
15.0,1000,0.30000000000000004,0.001,False,1000.0,90.0
15.0,1000,0.30000000000000004,0.01,True,1000.0,90.0
15.0,1000,0.30000000000000004,0.01,False,1000.0,90.0
15.0,1000,0.30000000000000004,0.1,True,1000.0,90.0
15.0,1000,0.30000000000000004,0.1,False,1000.0,90.0
15.0,1000,0.4,0.0001,True,1000.0,90.0
15.0,1000,0.4,0.0001,False,1000.0,90.0
15.0,1000,0.4,0.001,True,1000.0,90.0
15.0,1000,0.4,0.001,False,1000.0,90.0
15.0,1000,0.4,0.01,True,1000.0,90.0
15.0,1000,0.4,0.01,False,1000.0,90.0
15.0,1000,0.4,0.1,True,1000.0,90.0
15.0,1000,0.4,0.1,False,1000.0,90.0
15.0,1500,0.001,0.0001,True,0.9975551799725547,5.683407119533641
15.0,1500,0.001,0.0001,False,0.9975685351264355,7.217091688535426
15.0,1500,0.001,0.001,True,0.9975551799725547,5.683407119533641
15.0,1500,0.001,0.001,False,0.9975685351264355,7.217091688535426
15.0,1500,0.001,0.01,True,0.9975551799725547,5.683407119533641
15.0,1500,0.001,0.01,False,0.9975685351264355,7.217091688535426
15.0,1500,0.001,0.1,True,0.9975551799725547,5.683407119533641
15.0,1500,0.001,0.1,False,0.9975685351264355,7.217091688535426
15.0,1500,0.002,0.0001,True,0.9971944911270537,3.1184518920651456
15.0,1500,0.002,0.0001,False,0.9972211977259315,3.584807387968503
15.0,1500,0.002,0.001,True,0.9971944911270537,3.1184518920651456
15.0,1500,0.002,0.001,False,0.9972211977259315,3.584807387968503
15.0,1500,0.002,0.01,True,0.9971944911270537,3.1184518920651456
15.0,1500,0.002,0.01,False,0.9972211977259315,3.584807387968503
15.0,1500,0.002,0.1,True,0.9971944911270537,3.1184518920651456
15.0,1500,0.002,0.1,False,0.9972211977259315,3.584807387968503
15.0,1500,0.003,0.0001,True,0.9968338526672385,2.019872192952583
15.0,1500,0.003,0.0001,False,0.9968739070014443,2.1857409002584163
15.0,1500,0.003,0.001,True,0.9968338526672385,2.019872192952583
15.0,1500,0.003,0.001,False,0.9968739070014443,2.1857409002584163
15.0,1500,0.003,0.01,True,0.9968338526672385,2.019872192952583
15.0,1500,0.003,0.01,False,0.9968739070014443,2.1857409002584163
15.0,1500,0.003,0.1,True,0.9968338526672385,2.019872192952583
15.0,1500,0.003,0.1,False,0.9968739070014443,2.1857409002584163
15.0,1500,0.004,0.0001,True,0.9964732646011953,1.7866944450009008
15.0,1500,0.004,0.0001,False,0.9965266629602314,1.8564073799555239
15.0,1500,0.004,0.001,True,0.9964732646011953,1.7866944450009008
15.0,1500,0.004,0.001,False,0.9965266629602314,1.8564073799555239
15.0,1500,0.004,0.01,True,0.9964732646011953,1.7866944450009008
15.0,1500,0.004,0.01,False,0.9965266629602314,1.8564073799555239
15.0,1500,0.004,0.1,True,0.9964732646011953,1.7866944450009008
15.0,1500,0.004,0.1,False,0.9965266629602314,1.8564073799555239
15.0,1500,0.005,0.0001,True,0.9961127269368996,1.656884152326768
15.0,1500,0.005,0.0001,False,0.9961794656094313,1.7578477132955364
15.0,1500,0.005,0.001,True,0.9961127269368996,1.656884152326768
15.0,1500,0.005,0.001,False,0.9961794656094313,1.7578477132955364
15.0,1500,0.005,0.01,True,0.9961127269368996,1.656884152326768
15.0,1500,0.005,0.01,False,0.9961794656094313,1.7578477132955364
15.0,1500,0.005,0.1,True,0.9961127269368996,1.656884152326768
15.0,1500,0.005,0.1,False,0.9961794656094313,1.7578477132955364
15.0,1500,0.006,0.0001,True,0.9957522396825129,3.3852841603397508
15.0,1500,0.006,0.0001,False,0.9958323149562941,4.510306696848893
15.0,1500,0.006,0.001,True,0.9957522396825129,3.3852841603397508
15.0,1500,0.006,0.001,False,0.9958323149562941,4.510306696848893
15.0,1500,0.006,0.01,True,0.9957522396825129,3.3852841603397508
15.0,1500,0.006,0.01,False,0.9958323149562941,4.510306696848893
15.0,1500,0.006,0.1,True,0.9957522396825129,3.3852841603397508
15.0,1500,0.006,0.1,False,0.9958323149562941,4.510306696848893
15.0,1500,0.007,0.0001,True,0.9953918028459732,4.582423526112301
15.0,1500,0.007,0.0001,False,0.9954852110080028,9.98878182655902
15.0,1500,0.007,0.001,True,0.9953918028459732,4.582423526112301
15.0,1500,0.007,0.001,False,0.9954852110080028,9.98878182655902
15.0,1500,0.007,0.01,True,0.9953918028459732,4.582423526112301
15.0,1500,0.007,0.01,False,0.9954852110080028,9.98878182655902
15.0,1500,0.007,0.1,True,0.9953918028459732,4.582423526112301
15.0,1500,0.007,0.1,False,0.9954852110080028,9.98878182655902
15.0,1500,0.008,0.0001,True,0.9950314164354133,4.688194875698628
15.0,1500,0.008,0.0001,False,0.9951381537718316,15.178789639215523
15.0,1500,0.008,0.001,True,0.9950314164354133,4.688194875698628
15.0,1500,0.008,0.001,False,0.9951381537718316,15.178789639215523
15.0,1500,0.008,0.01,True,0.9950314164354133,4.688194875698628
15.0,1500,0.008,0.01,False,0.9951381537718316,15.178789639215523
15.0,1500,0.008,0.1,True,0.9950314164354133,4.688194875698628
15.0,1500,0.008,0.1,False,0.9951381537718316,15.178789639215523
15.0,1500,0.009000000000000001,0.0001,True,0.9946710804588239,7.4334421763256415
15.0,1500,0.009000000000000001,0.0001,False,0.994791143254949,12.923936777579677
15.0,1500,0.009000000000000001,0.001,True,0.9946710804588239,7.4334421763256415
15.0,1500,0.009000000000000001,0.001,False,0.994791143254949,12.923936777579677
15.0,1500,0.009000000000000001,0.01,True,0.9946710804588239,7.4334421763256415
15.0,1500,0.009000000000000001,0.01,False,0.994791143254949,12.923936777579677
15.0,1500,0.009000000000000001,0.1,True,0.9946710804588239,7.4334421763256415
15.0,1500,0.009000000000000001,0.1,False,0.994791143254949,12.923936777579677
15.0,1500,0.01,0.0001,True,0.9943107949243017,8.4959634608065
15.0,1500,0.01,0.0001,False,1.1622270431454773,11.200344558184256
15.0,1500,0.01,0.001,True,0.9943107949243017,8.4959634608065
15.0,1500,0.01,0.001,False,1.1622270431454773,11.200344558184256
15.0,1500,0.01,0.01,True,0.9943107949243017,8.4959634608065
15.0,1500,0.01,0.01,False,1.1622270431454773,11.200344558184256
15.0,1500,0.01,0.1,True,0.9943107949243017,8.4959634608065
15.0,1500,0.01,0.1,False,1.1622270431454773,11.200344558184256
15.0,1500,0.01,0.0001,True,0.9943107949243017,8.4959634608065
15.0,1500,0.01,0.0001,False,1.1622270431454773,11.200344558184256
15.0,1500,0.01,0.001,True,0.9943107949243017,8.4959634608065
15.0,1500,0.01,0.001,False,1.1622270431454773,11.200344558184256
15.0,1500,0.01,0.01,True,0.9943107949243017,8.4959634608065
15.0,1500,0.01,0.01,False,1.1622270431454773,11.200344558184256
15.0,1500,0.01,0.1,True,0.9943107949243017,8.4959634608065
15.0,1500,0.01,0.1,False,1.1622270431454773,11.200344558184256
15.0,1500,0.02,0.0001,True,8.31086767920046,7.392575973076383
15.0,1500,0.02,0.0001,False,43.2944973144917,29.66946453254271
15.0,1500,0.02,0.001,True,8.31086767920046,7.392575973076383
15.0,1500,0.02,0.001,False,43.2944973144917,29.66946453254271
15.0,1500,0.02,0.01,True,8.31086767920046,7.392575973076383
15.0,1500,0.02,0.01,False,43.2944973144917,29.66946453254271
15.0,1500,0.02,0.1,True,8.31086767920046,7.392575973076383
15.0,1500,0.02,0.1,False,43.2944973144917,29.66946453254271
15.0,1500,0.03,0.0001,True,25.77190565545006,33.77050822332178
15.0,1500,0.03,0.0001,False,113.87884401743878,37.13355636130531
15.0,1500,0.03,0.001,True,25.77190565545006,33.77050822332178
15.0,1500,0.03,0.001,False,113.87884401743878,37.13355636130531
15.0,1500,0.03,0.01,True,25.77190565545006,33.77050822332178
15.0,1500,0.03,0.01,False,113.87884401743878,37.13355636130531
15.0,1500,0.03,0.1,True,25.77190565545006,33.77050822332178
15.0,1500,0.03,0.1,False,113.87884401743878,37.13355636130531
15.0,1500,0.04,0.0001,True,61.813603662730834,42.304333019491565
15.0,1500,0.04,0.0001,False,212.46520248120757,35.13111240209139
15.0,1500,0.04,0.001,True,61.813603662730834,42.304333019491565
15.0,1500,0.04,0.001,False,212.46520248120757,35.13111240209139
15.0,1500,0.04,0.01,True,61.813603662730834,42.304333019491565
15.0,1500,0.04,0.01,False,212.46520248120757,35.13111240209139
15.0,1500,0.04,0.1,True,61.813603662730834,42.304333019491565
15.0,1500,0.04,0.1,False,212.46520248120757,35.13111240209139
15.0,1500,0.05,0.0001,True,216.90675689261036,41.11440533664536
15.0,1500,0.05,0.0001,False,368.7652196413117,72.74244275726676
15.0,1500,0.05,0.001,True,216.90675689261036,41.11440533664536
15.0,1500,0.05,0.001,False,368.7652196413117,72.74244275726676
15.0,1500,0.05,0.01,True,216.90675689261036,41.11440533664536
15.0,1500,0.05,0.01,False,368.7652196413117,72.74244275726676
15.0,1500,0.05,0.1,True,216.90675689261036,41.11440533664536
15.0,1500,0.05,0.1,False,368.7652196413117,72.74244275726676
15.0,1500,0.06,0.0001,True,160.80925717562323,41.9966345479677
15.0,1500,0.06,0.0001,False,1000.0,90.0
15.0,1500,0.06,0.001,True,160.80925717562323,41.9966345479677
15.0,1500,0.06,0.001,False,1000.0,90.0
15.0,1500,0.06,0.01,True,160.80925717562323,41.9966345479677
15.0,1500,0.06,0.01,False,1000.0,90.0
15.0,1500,0.06,0.1,True,160.80925717562323,41.9966345479677
15.0,1500,0.06,0.1,False,1000.0,90.0
15.0,1500,0.07,0.0001,True,631.883585620852,68.31927722911115
15.0,1500,0.07,0.0001,False,1000.0,90.0
15.0,1500,0.07,0.001,True,631.883585620852,68.31927722911115
15.0,1500,0.07,0.001,False,1000.0,90.0
15.0,1500,0.07,0.01,True,631.883585620852,68.31927722911115
15.0,1500,0.07,0.01,False,1000.0,90.0
15.0,1500,0.07,0.1,True,631.883585620852,68.31927722911115
15.0,1500,0.07,0.1,False,1000.0,90.0
15.0,1500,0.08,0.0001,True,1000.0,54.797371742222396
15.0,1500,0.08,0.0001,False,1000.0,90.0
15.0,1500,0.08,0.001,True,1000.0,54.797371742222396
15.0,1500,0.08,0.001,False,1000.0,90.0
15.0,1500,0.08,0.01,True,1000.0,54.797371742222396
15.0,1500,0.08,0.01,False,1000.0,90.0
15.0,1500,0.08,0.1,True,1000.0,54.797371742222396
15.0,1500,0.08,0.1,False,1000.0,90.0
15.0,1500,0.09,0.0001,True,1000.0,56.08345519741981
15.0,1500,0.09,0.0001,False,1000.0,90.0
15.0,1500,0.09,0.001,True,1000.0,56.08345519741981
15.0,1500,0.09,0.001,False,1000.0,90.0
15.0,1500,0.09,0.01,True,1000.0,56.08345519741981
15.0,1500,0.09,0.01,False,1000.0,90.0
15.0,1500,0.09,0.1,True,1000.0,56.08345519741981
15.0,1500,0.09,0.1,False,1000.0,90.0
15.0,1500,0.1,0.0001,True,1000.0,34.36907790620805
15.0,1500,0.1,0.0001,False,1000.0,90.0
15.0,1500,0.1,0.001,True,1000.0,34.36907790620805
15.0,1500,0.1,0.001,False,1000.0,90.0
15.0,1500,0.1,0.01,True,1000.0,34.36907790620805
15.0,1500,0.1,0.01,False,1000.0,90.0
15.0,1500,0.1,0.1,True,1000.0,34.36907790620805
15.0,1500,0.1,0.1,False,1000.0,90.0
15.0,1500,0.1,0.0001,True,1000.0,34.36907790620805
15.0,1500,0.1,0.0001,False,1000.0,90.0
15.0,1500,0.1,0.001,True,1000.0,34.36907790620805
15.0,1500,0.1,0.001,False,1000.0,90.0
15.0,1500,0.1,0.01,True,1000.0,34.36907790620805
15.0,1500,0.1,0.01,False,1000.0,90.0
15.0,1500,0.1,0.1,True,1000.0,34.36907790620805
15.0,1500,0.1,0.1,False,1000.0,90.0
15.0,1500,0.2,0.0001,True,1000.0,90.0
15.0,1500,0.2,0.0001,False,1000.0,90.0
15.0,1500,0.2,0.001,True,1000.0,90.0
15.0,1500,0.2,0.001,False,1000.0,90.0
15.0,1500,0.2,0.01,True,1000.0,90.0
15.0,1500,0.2,0.01,False,1000.0,90.0
15.0,1500,0.2,0.1,True,1000.0,90.0
15.0,1500,0.2,0.1,False,1000.0,90.0
15.0,1500,0.30000000000000004,0.0001,True,1000.0,90.0
15.0,1500,0.30000000000000004,0.0001,False,1000.0,90.0
15.0,1500,0.30000000000000004,0.001,True,1000.0,90.0
15.0,1500,0.30000000000000004,0.001,False,1000.0,90.0
15.0,1500,0.30000000000000004,0.01,True,1000.0,90.0
15.0,1500,0.30000000000000004,0.01,False,1000.0,90.0
15.0,1500,0.30000000000000004,0.1,True,1000.0,90.0
15.0,1500,0.30000000000000004,0.1,False,1000.0,90.0
15.0,1500,0.4,0.0001,True,1000.0,90.0
15.0,1500,0.4,0.0001,False,1000.0,90.0
15.0,1500,0.4,0.001,True,1000.0,90.0
15.0,1500,0.4,0.001,False,1000.0,90.0
15.0,1500,0.4,0.01,True,1000.0,90.0
15.0,1500,0.4,0.01,False,1000.0,90.0
15.0,1500,0.4,0.1,True,1000.0,90.0
15.0,1500,0.4,0.1,False,1000.0,90.0
15.0,2000,0.001,0.0001,True,0.9975552244398925,5.750716160179486
15.0,2000,0.001,0.0001,False,0.9975590528970525,7.152186542198358
15.0,2000,0.001,0.001,True,0.9975552244398925,5.750716160179486
15.0,2000,0.001,0.001,False,0.9975590528970525,7.152186542198358
15.0,2000,0.001,0.01,True,0.9975552244398925,5.750716160179486
15.0,2000,0.001,0.01,False,0.9975590528970525,7.152186542198358
15.0,2000,0.001,0.1,True,0.9975552244398925,5.750716160179486
15.0,2000,0.001,0.1,False,0.9975590528970525,7.152186542198358
15.0,2000,0.002,0.0001,True,0.9971945800482118,3.217011558725133
15.0,2000,0.002,0.0001,False,0.9972022358932906,3.551152867645584
15.0,2000,0.002,0.001,True,0.9971945800482118,3.217011558725133
15.0,2000,0.002,0.001,False,0.9972022358932906,3.551152867645584
15.0,2000,0.002,0.01,True,0.9971945800482118,3.217011558725133
15.0,2000,0.002,0.01,False,0.9972022358932906,3.551152867645584
15.0,2000,0.002,0.1,True,0.9971945800482118,3.217011558725133
15.0,2000,0.002,0.1,False,0.9972022358932906,3.551152867645584
15.0,2000,0.003,0.0001,True,0.9968339860287724,2.051122818966725
15.0,2000,0.003,0.0001,False,0.996845468192211,2.748252168512991
15.0,2000,0.003,0.001,True,0.9968339860287724,2.051122818966725
15.0,2000,0.003,0.001,False,0.996845468192211,2.748252168512991
15.0,2000,0.003,0.01,True,0.9968339860287724,2.051122818966725
15.0,2000,0.003,0.01,False,0.996845468192211,2.748252168512991
15.0,2000,0.003,0.1,True,0.9968339860287724,2.051122818966725
15.0,2000,0.003,0.1,False,0.996845468192211,2.748252168512991
15.0,2000,0.004,0.0001,True,0.9964734423896203,1.7890983393096782
15.0,2000,0.004,0.0001,False,0.9964887498016763,1.8540034856467464
15.0,2000,0.004,0.001,True,0.9964734423896203,1.7890983393096782
15.0,2000,0.004,0.001,False,0.9964887498016763,1.8540034856467464
15.0,2000,0.004,0.01,True,0.9964734423896203,1.7890983393096782
15.0,2000,0.004,0.01,False,0.9964887498016763,1.8540034856467464
15.0,2000,0.004,0.1,True,0.9964734423896203,1.7890983393096782
15.0,2000,0.004,0.1,False,0.9964887498016763,1.8540034856467464
15.0,2000,0.005,0.0001,True,0.9961129491387509,1.6881347783409097
15.0,2000,0.005,0.0001,False,0.9961320807294909,1.7241931929726135
15.0,2000,0.005,0.001,True,0.9961129491387509,1.6881347783409097
15.0,2000,0.005,0.001,False,0.9961320807294909,1.7241931929726135
15.0,2000,0.005,0.01,True,0.9961129491387509,1.6881347783409097
15.0,2000,0.005,0.01,False,0.9961320807294909,1.7241931929726135
15.0,2000,0.005,0.1,True,0.9961129491387509,1.6881347783409097
15.0,2000,0.005,0.1,False,0.9961320807294909,1.7241931929726135
15.0,2000,0.006,0.0001,True,0.995752506284293,3.3155712253851206
15.0,2000,0.006,0.0001,False,0.9957754609833621,5.673791542298524
15.0,2000,0.006,0.001,True,0.995752506284293,3.3155712253851206
15.0,2000,0.006,0.001,False,0.9957754609833621,5.673791542298524
15.0,2000,0.006,0.01,True,0.995752506284293,3.3155712253851206
15.0,2000,0.006,0.01,False,0.9957754609833621,5.673791542298524
15.0,2000,0.006,0.1,True,0.995752506284293,3.3155712253851206
15.0,2000,0.006,0.1,False,0.9957754609833621,5.673791542298524
15.0,2000,0.007,0.0001,True,0.9953921138342282,4.724253290330331
15.0,2000,0.007,0.0001,False,0.9954188905711617,12.469600753220213
15.0,2000,0.007,0.001,True,0.9953921138342282,4.724253290330331
15.0,2000,0.007,0.001,False,0.9954188905711617,12.469600753220213
15.0,2000,0.007,0.01,True,0.9953921138342282,4.724253290330331
15.0,2000,0.007,0.01,False,0.9954188905711617,12.469600753220213
15.0,2000,0.007,0.1,True,0.9953921138342282,4.724253290330331
15.0,2000,0.007,0.1,False,0.9954188905711617,12.469600753220213
15.0,2000,0.008,0.0001,True,0.9950317717966709,4.863679160239585
15.0,2000,0.008,0.0001,False,0.995062369500687,15.77255153348424
15.0,2000,0.008,0.001,True,0.9950317717966709,4.863679160239585
15.0,2000,0.008,0.001,False,0.995062369500687,15.77255153348424
15.0,2000,0.008,0.01,True,0.9950317717966709,4.863679160239585
15.0,2000,0.008,0.01,False,0.995062369500687,15.77255153348424
15.0,2000,0.008,0.1,True,0.9950317717966709,4.863679160239585
15.0,2000,0.008,0.1,False,0.995062369500687,15.77255153348424
15.0,2000,0.009000000000000001,0.0001,True,0.9946714801795802,9.657044411947354
15.0,2000,0.009000000000000001,0.0001,False,0.994705897779684,12.195556802019269
15.0,2000,0.009000000000000001,0.001,True,0.9946714801795802,9.657044411947354
15.0,2000,0.009000000000000001,0.001,False,0.994705897779684,12.195556802019269
15.0,2000,0.009000000000000001,0.01,True,0.9946714801795802,9.657044411947354
15.0,2000,0.009000000000000001,0.01,False,0.994705897779684,12.195556802019269
15.0,2000,0.009000000000000001,0.1,True,0.9946714801795802,9.657044411947354
15.0,2000,0.009000000000000001,0.1,False,0.994705897779684,12.195556802019269
15.0,2000,0.01,0.0001,True,0.9943112389910649,9.253190168072273
15.0,2000,0.01,0.0001,False,1.797330093847402,10.231575151745822
15.0,2000,0.01,0.001,True,0.9943112389910649,9.253190168072273
15.0,2000,0.01,0.001,False,1.797330093847402,10.231575151745822
15.0,2000,0.01,0.01,True,0.9943112389910649,9.253190168072273
15.0,2000,0.01,0.01,False,1.797330093847402,10.231575151745822
15.0,2000,0.01,0.1,True,0.9943112389910649,9.253190168072273
15.0,2000,0.01,0.1,False,1.797330093847402,10.231575151745822
15.0,2000,0.01,0.0001,True,0.9943112389910649,9.253190168072273
15.0,2000,0.01,0.0001,False,1.797330093847402,10.231575151745822
15.0,2000,0.01,0.001,True,0.9943112389910649,9.253190168072273
15.0,2000,0.01,0.001,False,1.797330093847402,10.231575151745822
15.0,2000,0.01,0.01,True,0.9943112389910649,9.253190168072273
15.0,2000,0.01,0.01,False,1.797330093847402,10.231575151745822
15.0,2000,0.01,0.1,True,0.9943112389910649,9.253190168072273
15.0,2000,0.01,0.1,False,1.797330093847402,10.231575151745822
15.0,2000,0.02,0.0001,True,11.47423592903067,8.060858590917285
15.0,2000,0.02,0.0001,False,57.79011204143262,34.83062561349385
15.0,2000,0.02,0.001,True,11.47423592903067,8.060858590917285
15.0,2000,0.02,0.001,False,57.79011204143262,34.83062561349385
15.0,2000,0.02,0.01,True,11.47423592903067,8.060858590917285
15.0,2000,0.02,0.01,False,57.79011204143262,34.83062561349385
15.0,2000,0.02,0.1,True,11.47423592903067,8.060858590917285
15.0,2000,0.02,0.1,False,57.79011204143262,34.83062561349385
15.0,2000,0.03,0.0001,True,34.31628387793375,42.59520423085398
15.0,2000,0.03,0.0001,False,159.28875089509026,72.0933912938961
15.0,2000,0.03,0.001,True,34.31628387793375,42.59520423085398
15.0,2000,0.03,0.001,False,159.28875089509026,72.0933912938961
15.0,2000,0.03,0.01,True,34.31628387793375,42.59520423085398
15.0,2000,0.03,0.01,False,159.28875089509026,72.0933912938961
15.0,2000,0.03,0.1,True,34.31628387793375,42.59520423085398
15.0,2000,0.03,0.1,False,159.28875089509026,72.0933912938961
15.0,2000,0.04,0.0001,True,69.69712799377037,55.9031631242613
15.0,2000,0.04,0.0001,False,258.7277518656197,62.54512309942106
15.0,2000,0.04,0.001,True,69.69712799377037,55.9031631242613
15.0,2000,0.04,0.001,False,258.7277518656197,62.54512309942106
15.0,2000,0.04,0.01,True,69.69712799377037,55.9031631242613
15.0,2000,0.04,0.01,False,258.7277518656197,62.54512309942106
15.0,2000,0.04,0.1,True,69.69712799377037,55.9031631242613
15.0,2000,0.04,0.1,False,258.7277518656197,62.54512309942106
15.0,2000,0.05,0.0001,True,122.20909639927463,54.4079408642
15.0,2000,0.05,0.0001,False,389.905389500709,54.864680782868234
15.0,2000,0.05,0.001,True,122.20909639927463,54.4079408642
15.0,2000,0.05,0.001,False,389.905389500709,54.864680782868234
15.0,2000,0.05,0.01,True,122.20909639927463,54.4079408642
15.0,2000,0.05,0.01,False,389.905389500709,54.864680782868234
15.0,2000,0.05,0.1,True,122.20909639927463,54.4079408642
15.0,2000,0.05,0.1,False,389.905389500709,54.864680782868234
15.0,2000,0.06,0.0001,True,206.32140240728057,60.25661571746228
15.0,2000,0.06,0.0001,False,585.1092012014304,57.89118371762254
15.0,2000,0.06,0.001,True,206.32140240728057,60.25661571746228
15.0,2000,0.06,0.001,False,585.1092012014304,57.89118371762254
15.0,2000,0.06,0.01,True,206.32140240728057,60.25661571746228
15.0,2000,0.06,0.01,False,585.1092012014304,57.89118371762254
15.0,2000,0.06,0.1,True,206.32140240728057,60.25661571746228
15.0,2000,0.06,0.1,False,585.1092012014304,57.89118371762254
15.0,2000,0.07,0.0001,True,256.9162091226203,66.38895009916064
15.0,2000,0.07,0.0001,False,1000.0,90.0
15.0,2000,0.07,0.001,True,256.9162091226203,66.38895009916064
15.0,2000,0.07,0.001,False,1000.0,90.0
15.0,2000,0.07,0.01,True,256.9162091226203,66.38895009916064
15.0,2000,0.07,0.01,False,1000.0,90.0
15.0,2000,0.07,0.1,True,256.9162091226203,66.38895009916064
15.0,2000,0.07,0.1,False,1000.0,90.0
15.0,2000,0.08,0.0001,True,330.3346429862676,73.5405356677818
15.0,2000,0.08,0.0001,False,1000.0,90.0
15.0,2000,0.08,0.001,True,330.3346429862676,73.5405356677818
15.0,2000,0.08,0.001,False,1000.0,90.0
15.0,2000,0.08,0.01,True,330.3346429862676,73.5405356677818
15.0,2000,0.08,0.01,False,1000.0,90.0
15.0,2000,0.08,0.1,True,330.3346429862676,73.5405356677818
15.0,2000,0.08,0.1,False,1000.0,90.0
15.0,2000,0.09,0.0001,True,403.00871818653206,80.39403834211421
15.0,2000,0.09,0.0001,False,1000.0,90.0
15.0,2000,0.09,0.001,True,403.00871818653206,80.39403834211421
15.0,2000,0.09,0.001,False,1000.0,90.0
15.0,2000,0.09,0.01,True,403.00871818653206,80.39403834211421
15.0,2000,0.09,0.01,False,1000.0,90.0
15.0,2000,0.09,0.1,True,403.00871818653206,80.39403834211421
15.0,2000,0.09,0.1,False,1000.0,90.0
15.0,2000,0.1,0.0001,True,1000.0,72.86263747270577
15.0,2000,0.1,0.0001,False,1000.0,90.0
15.0,2000,0.1,0.001,True,1000.0,72.86263747270577
15.0,2000,0.1,0.001,False,1000.0,90.0
15.0,2000,0.1,0.01,True,1000.0,72.86263747270577
15.0,2000,0.1,0.01,False,1000.0,90.0
15.0,2000,0.1,0.1,True,1000.0,72.86263747270577
15.0,2000,0.1,0.1,False,1000.0,90.0
15.0,2000,0.1,0.0001,True,1000.0,72.86263747270577
15.0,2000,0.1,0.0001,False,1000.0,90.0
15.0,2000,0.1,0.001,True,1000.0,72.86263747270577
15.0,2000,0.1,0.001,False,1000.0,90.0
15.0,2000,0.1,0.01,True,1000.0,72.86263747270577
15.0,2000,0.1,0.01,False,1000.0,90.0
15.0,2000,0.1,0.1,True,1000.0,72.86263747270577
15.0,2000,0.1,0.1,False,1000.0,90.0
15.0,2000,0.2,0.0001,True,1000.0,55.23728440072918
15.0,2000,0.2,0.0001,False,1000.0,90.0
15.0,2000,0.2,0.001,True,1000.0,55.23728440072918
15.0,2000,0.2,0.001,False,1000.0,90.0
15.0,2000,0.2,0.01,True,1000.0,55.23728440072918
15.0,2000,0.2,0.01,False,1000.0,90.0
15.0,2000,0.2,0.1,True,1000.0,55.23728440072918
15.0,2000,0.2,0.1,False,1000.0,90.0
15.0,2000,0.30000000000000004,0.0001,True,1000.0,90.0
15.0,2000,0.30000000000000004,0.0001,False,1000.0,90.0
15.0,2000,0.30000000000000004,0.001,True,1000.0,90.0
15.0,2000,0.30000000000000004,0.001,False,1000.0,90.0
15.0,2000,0.30000000000000004,0.01,True,1000.0,90.0
15.0,2000,0.30000000000000004,0.01,False,1000.0,90.0
15.0,2000,0.30000000000000004,0.1,True,1000.0,90.0
15.0,2000,0.30000000000000004,0.1,False,1000.0,90.0
15.0,2000,0.4,0.0001,True,1000.0,90.0
15.0,2000,0.4,0.0001,False,1000.0,90.0
15.0,2000,0.4,0.001,True,1000.0,90.0
15.0,2000,0.4,0.001,False,1000.0,90.0
15.0,2000,0.4,0.01,True,1000.0,90.0
15.0,2000,0.4,0.01,False,1000.0,90.0
15.0,2000,0.4,0.1,True,1000.0,90.0
15.0,2000,0.4,0.1,False,1000.0,90.0
15.5,200,0.001,0.0001,True,0.9992577595490388,42.304333019491565
15.5,200,0.001,0.0001,False,1.6452517005603258,29.255994711432514
15.5,200,0.001,0.001,True,0.9992577595490388,42.304333019491565
15.5,200,0.001,0.001,False,1.6452517005603258,29.255994711432514
15.5,200,0.001,0.01,True,0.9992577595490388,42.304333019491565
15.5,200,0.001,0.01,False,1.6452517005603258,29.255994711432514
15.5,200,0.001,0.1,True,0.9992577595490388,42.304333019491565
15.5,200,0.001,0.1,False,1.6452517005603258,29.255994711432514
15.5,200,0.002,0.0001,True,0.9987823227905968,25.972275085638728
15.5,200,0.002,0.0001,False,1.0961741331239914,17.77980328131573
15.5,200,0.002,0.001,True,0.9987823227905968,25.972275085638728
15.5,200,0.002,0.001,False,1.0961741331239914,17.77980328131573
15.5,200,0.002,0.01,True,0.9987823227905968,25.972275085638728
15.5,200,0.002,0.01,False,1.0961741331239914,17.77980328131573
15.5,200,0.002,0.1,True,0.9987823227905968,25.972275085638728
15.5,200,0.002,0.1,False,1.0961741331239914,17.77980328131573
15.5,200,0.003,0.0001,True,0.9983069510170735,19.037040004807785
15.5,200,0.003,0.0001,False,0.9987967862425794,13.5777960295679
15.5,200,0.003,0.001,True,0.9983069510170735,19.037040004807785
15.5,200,0.003,0.001,False,0.9987967862425794,13.5777960295679
15.5,200,0.003,0.01,True,0.9983069510170735,19.037040004807785
15.5,200,0.003,0.01,False,0.9987967862425794,13.5777960295679
15.5,200,0.003,0.1,True,0.9983069510170735,19.037040004807785
15.5,200,0.003,0.1,False,0.9987967862425794,13.5777960295679
15.5,200,0.004,0.0001,True,0.997831644262937,15.024940403453591
15.5,200,0.004,0.0001,False,0.9984846856660983,11.12582383461207
15.5,200,0.004,0.001,True,0.997831644262937,15.024940403453591
15.5,200,0.004,0.001,False,0.9984846856660983,11.12582383461207
15.5,200,0.004,0.01,True,0.997831644262937,15.024940403453591
15.5,200,0.004,0.01,False,0.9984846856660983,11.12582383461207
15.5,200,0.004,0.1,True,0.997831644262937,15.024940403453591
15.5,200,0.004,0.1,False,0.9984846856660983,11.12582383461207
15.5,200,0.005,0.0001,True,0.997356402562611,12.41911897273583
15.5,200,0.005,0.0001,False,0.99817261398613,9.512810753420538
15.5,200,0.005,0.001,True,0.997356402562611,12.41911897273583
15.5,200,0.005,0.001,False,0.99817261398613,9.512810753420538
15.5,200,0.005,0.01,True,0.997356402562611,12.41911897273583
15.5,200,0.005,0.01,False,0.99817261398613,9.512810753420538
15.5,200,0.005,0.1,True,0.997356402562611,12.41911897273583
15.5,200,0.005,0.1,False,0.99817261398613,9.512810753420538
15.5,200,0.006,0.0001,True,0.996881225950606,11.01043690779062
15.5,200,0.006,0.0001,False,1.0096412404889752,8.394999899837735
15.5,200,0.006,0.001,True,0.996881225950606,11.01043690779062
15.5,200,0.006,0.001,False,1.0096412404889752,8.394999899837735
15.5,200,0.006,0.01,True,0.996881225950606,11.01043690779062
15.5,200,0.006,0.01,False,1.0096412404889752,8.394999899837735
15.5,200,0.006,0.1,True,0.996881225950606,11.01043690779062
15.5,200,0.006,0.1,False,1.0096412404889752,8.394999899837735
15.5,200,0.007,0.0001,True,0.9964061144612757,10.832548728940878
15.5,200,0.007,0.0001,False,1.0832901793479193,7.519982371441735
15.5,200,0.007,0.001,True,0.9964061144612757,10.832548728940878
15.5,200,0.007,0.001,False,1.0832901793479193,7.519982371441735
15.5,200,0.007,0.01,True,0.9964061144612757,10.832548728940878
15.5,200,0.007,0.01,False,1.0832901793479193,7.519982371441735
15.5,200,0.007,0.1,True,0.9964061144612757,10.832548728940878
15.5,200,0.007,0.1,False,1.0832901793479193,7.519982371441735
15.5,200,0.008,0.0001,True,0.9959310681291133,19.81830565516136
15.5,200,0.008,0.0001,False,1.2585259364615247,8.157014363268495
15.5,200,0.008,0.001,True,0.9959310681291133,19.81830565516136
15.5,200,0.008,0.001,False,1.2585259364615247,8.157014363268495
15.5,200,0.008,0.01,True,0.9959310681291133,19.81830565516136
15.5,200,0.008,0.01,False,1.2585259364615247,8.157014363268495
15.5,200,0.008,0.1,True,0.9959310681291133,19.81830565516136
15.5,200,0.008,0.1,False,1.2585259364615247,8.157014363268495
15.5,200,0.009000000000000001,0.0001,True,0.9954560869886158,16.661992427732926
15.5,200,0.009000000000000001,0.0001,False,1.3719105773204907,13.17874957431038
15.5,200,0.009000000000000001,0.001,True,0.9954560869886158,16.661992427732926
15.5,200,0.009000000000000001,0.001,False,1.3719105773204907,13.17874957431038
15.5,200,0.009000000000000001,0.01,True,0.9954560869886158,16.661992427732926
15.5,200,0.009000000000000001,0.01,False,1.3719105773204907,13.17874957431038
15.5,200,0.009000000000000001,0.1,True,0.9954560869886158,16.661992427732926
15.5,200,0.009000000000000001,0.1,False,1.3719105773204907,13.17874957431038
15.5,200,0.01,0.0001,True,0.9949811710741473,14.2340591758649
15.5,200,0.01,0.0001,False,1.557642354583885,11.611410484985676
15.5,200,0.01,0.001,True,0.9949811710741473,14.2340591758649
15.5,200,0.01,0.001,False,1.557642354583885,11.611410484985676
15.5,200,0.01,0.01,True,0.9949811710741473,14.2340591758649
15.5,200,0.01,0.01,False,1.557642354583885,11.611410484985676
15.5,200,0.01,0.1,True,0.9949811710741473,14.2340591758649
15.5,200,0.01,0.1,False,1.557642354583885,11.611410484985676
15.5,200,0.01,0.0001,True,0.9949811710741473,14.2340591758649
15.5,200,0.01,0.0001,False,1.557642354583885,11.611410484985676
15.5,200,0.01,0.001,True,0.9949811710741473,14.2340591758649
15.5,200,0.01,0.001,False,1.557642354583885,11.611410484985676
15.5,200,0.01,0.01,True,0.9949811710741473,14.2340591758649
15.5,200,0.01,0.01,False,1.557642354583885,11.611410484985676
15.5,200,0.01,0.1,True,0.9949811710741473,14.2340591758649
15.5,200,0.01,0.1,False,1.557642354583885,11.611410484985676
15.5,200,0.02,0.0001,True,5.993608478436687,24.498687874356456
15.5,200,0.02,0.0001,False,145.9124081174181,26.59488371161281
15.5,200,0.02,0.001,True,5.993608478436687,24.498687874356456
15.5,200,0.02,0.001,False,145.9124081174181,26.59488371161281
15.5,200,0.02,0.01,True,5.993608478436687,24.498687874356456
15.5,200,0.02,0.01,False,145.9124081174181,26.59488371161281
15.5,200,0.02,0.1,True,5.993608478436687,24.498687874356456
15.5,200,0.02,0.1,False,145.9124081174181,26.59488371161281
15.5,200,0.03,0.0001,True,559.3055787427712,25.263126264548568
15.5,200,0.03,0.0001,False,1000.0,90.0
15.5,200,0.03,0.001,True,559.3055787427712,25.263126264548568
15.5,200,0.03,0.001,False,1000.0,90.0
15.5,200,0.03,0.01,True,559.3055787427712,25.263126264548568
15.5,200,0.03,0.01,False,1000.0,90.0
15.5,200,0.03,0.1,True,559.3055787427712,25.263126264548568
15.5,200,0.03,0.1,False,1000.0,90.0
15.5,200,0.04,0.0001,True,1000.0,90.0
15.5,200,0.04,0.0001,False,1000.0,90.0
15.5,200,0.04,0.001,True,1000.0,90.0
15.5,200,0.04,0.001,False,1000.0,90.0
15.5,200,0.04,0.01,True,1000.0,90.0
15.5,200,0.04,0.01,False,1000.0,90.0
15.5,200,0.04,0.1,True,1000.0,90.0
15.5,200,0.04,0.1,False,1000.0,90.0
15.5,200,0.05,0.0001,True,1000.0,90.0
15.5,200,0.05,0.0001,False,1000.0,90.0
15.5,200,0.05,0.001,True,1000.0,90.0
15.5,200,0.05,0.001,False,1000.0,90.0
15.5,200,0.05,0.01,True,1000.0,90.0
15.5,200,0.05,0.01,False,1000.0,90.0
15.5,200,0.05,0.1,True,1000.0,90.0
15.5,200,0.05,0.1,False,1000.0,90.0
15.5,200,0.06,0.0001,True,1000.0,90.0
15.5,200,0.06,0.0001,False,1000.0,90.0
15.5,200,0.06,0.001,True,1000.0,90.0
15.5,200,0.06,0.001,False,1000.0,90.0
15.5,200,0.06,0.01,True,1000.0,90.0
15.5,200,0.06,0.01,False,1000.0,90.0
15.5,200,0.06,0.1,True,1000.0,90.0
15.5,200,0.06,0.1,False,1000.0,90.0
15.5,200,0.07,0.0001,True,1000.0,90.0
15.5,200,0.07,0.0001,False,1000.0,90.0
15.5,200,0.07,0.001,True,1000.0,90.0
15.5,200,0.07,0.001,False,1000.0,90.0
15.5,200,0.07,0.01,True,1000.0,90.0
15.5,200,0.07,0.01,False,1000.0,90.0
15.5,200,0.07,0.1,True,1000.0,90.0
15.5,200,0.07,0.1,False,1000.0,90.0
15.5,200,0.08,0.0001,True,1000.0,90.0
15.5,200,0.08,0.0001,False,1000.0,90.0
15.5,200,0.08,0.001,True,1000.0,90.0
15.5,200,0.08,0.001,False,1000.0,90.0
15.5,200,0.08,0.01,True,1000.0,90.0
15.5,200,0.08,0.01,False,1000.0,90.0
15.5,200,0.08,0.1,True,1000.0,90.0
15.5,200,0.08,0.1,False,1000.0,90.0
15.5,200,0.09,0.0001,True,1000.0,90.0
15.5,200,0.09,0.0001,False,1000.0,90.0
15.5,200,0.09,0.001,True,1000.0,90.0
15.5,200,0.09,0.001,False,1000.0,90.0
15.5,200,0.09,0.01,True,1000.0,90.0
15.5,200,0.09,0.01,False,1000.0,90.0
15.5,200,0.09,0.1,True,1000.0,90.0
15.5,200,0.09,0.1,False,1000.0,90.0
15.5,200,0.1,0.0001,True,1000.0,90.0
15.5,200,0.1,0.0001,False,1000.0,90.0
15.5,200,0.1,0.001,True,1000.0,90.0
15.5,200,0.1,0.001,False,1000.0,90.0
15.5,200,0.1,0.01,True,1000.0,90.0
15.5,200,0.1,0.01,False,1000.0,90.0
15.5,200,0.1,0.1,True,1000.0,90.0
15.5,200,0.1,0.1,False,1000.0,90.0
15.5,200,0.1,0.0001,True,1000.0,90.0
15.5,200,0.1,0.0001,False,1000.0,90.0
15.5,200,0.1,0.001,True,1000.0,90.0
15.5,200,0.1,0.001,False,1000.0,90.0
15.5,200,0.1,0.01,True,1000.0,90.0
15.5,200,0.1,0.01,False,1000.0,90.0
15.5,200,0.1,0.1,True,1000.0,90.0
15.5,200,0.1,0.1,False,1000.0,90.0
15.5,200,0.2,0.0001,True,1000.0,90.0
15.5,200,0.2,0.0001,False,1000.0,90.0
15.5,200,0.2,0.001,True,1000.0,90.0
15.5,200,0.2,0.001,False,1000.0,90.0
15.5,200,0.2,0.01,True,1000.0,90.0
15.5,200,0.2,0.01,False,1000.0,90.0
15.5,200,0.2,0.1,True,1000.0,90.0
15.5,200,0.2,0.1,False,1000.0,90.0
15.5,200,0.30000000000000004,0.0001,True,1000.0,90.0
15.5,200,0.30000000000000004,0.0001,False,1000.0,90.0
15.5,200,0.30000000000000004,0.001,True,1000.0,90.0
15.5,200,0.30000000000000004,0.001,False,1000.0,90.0
15.5,200,0.30000000000000004,0.01,True,1000.0,90.0
15.5,200,0.30000000000000004,0.01,False,1000.0,90.0
15.5,200,0.30000000000000004,0.1,True,1000.0,90.0
15.5,200,0.30000000000000004,0.1,False,1000.0,90.0
15.5,200,0.4,0.0001,True,1000.0,90.0
15.5,200,0.4,0.0001,False,1000.0,90.0
15.5,200,0.4,0.001,True,1000.0,90.0
15.5,200,0.4,0.001,False,1000.0,90.0
15.5,200,0.4,0.01,True,1000.0,90.0
15.5,200,0.4,0.01,False,1000.0,90.0
15.5,200,0.4,0.1,True,1000.0,90.0
15.5,200,0.4,0.1,False,1000.0,90.0
15.5,400,0.001,0.0001,True,0.9993990273606301,6.630541477193049
15.5,400,0.001,0.0001,False,0.9990613404215009,7.015164566597889
15.5,400,0.001,0.001,True,0.9993990273606301,6.630541477193049
15.5,400,0.001,0.001,False,0.9990613404215009,7.015164566597889
15.5,400,0.001,0.01,True,0.9993990273606301,6.630541477193049
15.5,400,0.001,0.01,False,0.9990613404215009,7.015164566597889
15.5,400,0.001,0.1,True,0.9993990273606301,6.630541477193049
15.5,400,0.001,0.1,False,0.9990613404215009,7.015164566597889
15.5,400,0.002,0.0001,True,0.9990648264073527,3.178549249784652
15.5,400,0.002,0.0001,False,0.9983895496997847,3.339610168472923
15.5,400,0.002,0.001,True,0.9990648264073527,3.178549249784652
15.5,400,0.002,0.001,False,0.9983895496997847,3.339610168472923
15.5,400,0.002,0.01,True,0.9990648264073527,3.178549249784652
15.5,400,0.002,0.01,False,0.9983895496997847,3.339610168472923
15.5,400,0.002,0.1,True,0.9990648264073527,3.178549249784652
15.5,400,0.002,0.1,False,0.9983895496997847,3.339610168472923
15.5,400,0.003,0.0001,True,0.998730658409683,2.0847773392896443
15.5,400,0.003,0.0001,False,0.9977178891894528,2.015064404335021
15.5,400,0.003,0.001,True,0.998730658409683,2.0847773392896443
15.5,400,0.003,0.001,False,0.9977178891894528,2.015064404335021
15.5,400,0.003,0.01,True,0.998730658409683,2.0847773392896443
15.5,400,0.003,0.01,False,0.9977178891894528,2.015064404335021
15.5,400,0.003,0.1,True,0.998730658409683,2.0847773392896443
15.5,400,0.003,0.1,False,0.9977178891894528,2.015064404335021
15.5,400,0.004,0.0001,True,0.9983965233791704,1.695346461267249
15.5,400,0.004,0.0001,False,0.9970463589870243,1.7265970872813945
15.5,400,0.004,0.001,True,0.9983965233791704,1.695346461267249
15.5,400,0.004,0.001,False,0.9970463589870243,1.7265970872813945
15.5,400,0.004,0.01,True,0.9983965233791704,1.695346461267249
15.5,400,0.004,0.01,False,0.9970463589870243,1.7265970872813945
15.5,400,0.004,0.1,True,0.9983965233791704,1.695346461267249
15.5,400,0.004,0.1,False,0.9970463589870243,1.7265970872813945
15.5,400,0.005,0.0001,True,0.9980624213273123,3.0535467457280774
15.5,400,0.005,0.0001,False,0.9963749591891216,1.5967867946072616
15.5,400,0.005,0.001,True,0.9980624213273123,3.0535467457280774
15.5,400,0.005,0.001,False,0.9963749591891216,1.5967867946072616
15.5,400,0.005,0.01,True,0.9980624213273123,3.0535467457280774
15.5,400,0.005,0.01,False,0.9963749591891216,1.5967867946072616
15.5,400,0.005,0.1,True,0.9980624213273123,3.0535467457280774
15.5,400,0.005,0.1,False,0.9963749591891216,1.5967867946072616
15.5,400,0.006,0.0001,True,0.9977283522656136,3.0872012660509967
15.5,400,0.006,0.0001,False,0.9957036898923564,3.120855786373923
15.5,400,0.006,0.001,True,0.9977283522656136,3.0872012660509967
15.5,400,0.006,0.001,False,0.9957036898923564,3.120855786373923
15.5,400,0.006,0.01,True,0.9977283522656136,3.0872012660509967
15.5,400,0.006,0.01,False,0.9957036898923564,3.120855786373923
15.5,400,0.006,0.1,True,0.9977283522656136,3.0872012660509967
15.5,400,0.006,0.1,False,0.9957036898923564,3.120855786373923
15.5,400,0.007,0.0001,True,0.9973943162055611,3.055950640036855
15.5,400,0.007,0.0001,False,0.9950325511933071,6.132935355275542
15.5,400,0.007,0.001,True,0.9973943162055611,3.055950640036855
15.5,400,0.007,0.001,False,0.9950325511933071,6.132935355275542
15.5,400,0.007,0.01,True,0.9973943162055611,3.055950640036855
15.5,400,0.007,0.01,False,0.9950325511933071,6.132935355275542
15.5,400,0.007,0.1,True,0.9973943162055611,3.055950640036855
15.5,400,0.007,0.1,False,0.9950325511933071,6.132935355275542
15.5,400,0.008,0.0001,True,0.9970603131586547,3.055950640036855
15.5,400,0.008,0.0001,False,0.9943615431886202,21.33035517538412
15.5,400,0.008,0.001,True,0.9970603131586547,3.055950640036855
15.5,400,0.008,0.001,False,0.9943615431886202,21.33035517538412
15.5,400,0.008,0.01,True,0.9970603131586547,3.055950640036855
15.5,400,0.008,0.01,False,0.9943615431886202,21.33035517538412
15.5,400,0.008,0.1,True,0.9970603131586547,3.055950640036855
15.5,400,0.008,0.1,False,0.9943615431886202,21.33035517538412
15.5,400,0.009000000000000001,0.0001,True,0.9967263431364429,16.38314068791442
15.5,400,0.009000000000000001,0.0001,False,0.9936906659749613,47.809250986598286
15.5,400,0.009000000000000001,0.001,True,0.9967263431364429,16.38314068791442
15.5,400,0.009000000000000001,0.001,False,0.9936906659749613,47.809250986598286
15.5,400,0.009000000000000001,0.01,True,0.9967263431364429,16.38314068791442
15.5,400,0.009000000000000001,0.01,False,0.9936906659749613,47.809250986598286
15.5,400,0.009000000000000001,0.1,True,0.9967263431364429,16.38314068791442
15.5,400,0.009000000000000001,0.1,False,0.9936906659749613,47.809250986598286
15.5,400,0.01,0.0001,True,0.9963924061504209,13.676355696227887
15.5,400,0.01,0.0001,False,1.4381253725441006,80.08874376489914
15.5,400,0.01,0.001,True,0.9963924061504209,13.676355696227887
15.5,400,0.01,0.001,False,1.4381253725441006,80.08874376489914
15.5,400,0.01,0.01,True,0.9963924061504209,13.676355696227887
15.5,400,0.01,0.01,False,1.4381253725441006,80.08874376489914
15.5,400,0.01,0.1,True,0.9963924061504209,13.676355696227887
15.5,400,0.01,0.1,False,1.4381253725441006,80.08874376489914
15.5,400,0.01,0.0001,True,0.9963924061504209,13.676355696227887
15.5,400,0.01,0.0001,False,1.4381253725441006,80.08874376489914
15.5,400,0.01,0.001,True,0.9963924061504209,13.676355696227887
15.5,400,0.01,0.001,False,1.4381253725441006,80.08874376489914
15.5,400,0.01,0.01,True,0.9963924061504209,13.676355696227887
15.5,400,0.01,0.01,False,1.4381253725441006,80.08874376489914
15.5,400,0.01,0.1,True,0.9963924061504209,13.676355696227887
15.5,400,0.01,0.1,False,1.4381253725441006,80.08874376489914
15.5,400,0.02,0.0001,True,1000.0,90.0
15.5,400,0.02,0.0001,False,1000.0,90.0
15.5,400,0.02,0.001,True,1000.0,90.0
15.5,400,0.02,0.001,False,1000.0,90.0
15.5,400,0.02,0.01,True,1000.0,90.0
15.5,400,0.02,0.01,False,1000.0,90.0
15.5,400,0.02,0.1,True,1000.0,90.0
15.5,400,0.02,0.1,False,1000.0,90.0
15.5,400,0.03,0.0001,True,1000.0,90.0
15.5,400,0.03,0.0001,False,1000.0,90.0
15.5,400,0.03,0.001,True,1000.0,90.0
15.5,400,0.03,0.001,False,1000.0,90.0
15.5,400,0.03,0.01,True,1000.0,90.0
15.5,400,0.03,0.01,False,1000.0,90.0
15.5,400,0.03,0.1,True,1000.0,90.0
15.5,400,0.03,0.1,False,1000.0,90.0
15.5,400,0.04,0.0001,True,1000.0,90.0
15.5,400,0.04,0.0001,False,1000.0,90.0
15.5,400,0.04,0.001,True,1000.0,90.0
15.5,400,0.04,0.001,False,1000.0,90.0
15.5,400,0.04,0.01,True,1000.0,90.0
15.5,400,0.04,0.01,False,1000.0,90.0
15.5,400,0.04,0.1,True,1000.0,90.0
15.5,400,0.04,0.1,False,1000.0,90.0
15.5,400,0.05,0.0001,True,1000.0,90.0
15.5,400,0.05,0.0001,False,1000.0,90.0
15.5,400,0.05,0.001,True,1000.0,90.0
15.5,400,0.05,0.001,False,1000.0,90.0
15.5,400,0.05,0.01,True,1000.0,90.0
15.5,400,0.05,0.01,False,1000.0,90.0
15.5,400,0.05,0.1,True,1000.0,90.0
15.5,400,0.05,0.1,False,1000.0,90.0
15.5,400,0.06,0.0001,True,1000.0,90.0
15.5,400,0.06,0.0001,False,1000.0,90.0
15.5,400,0.06,0.001,True,1000.0,90.0
15.5,400,0.06,0.001,False,1000.0,90.0
15.5,400,0.06,0.01,True,1000.0,90.0
15.5,400,0.06,0.01,False,1000.0,90.0
15.5,400,0.06,0.1,True,1000.0,90.0
15.5,400,0.06,0.1,False,1000.0,90.0
15.5,400,0.07,0.0001,True,1000.0,90.0
15.5,400,0.07,0.0001,False,1000.0,90.0
15.5,400,0.07,0.001,True,1000.0,90.0
15.5,400,0.07,0.001,False,1000.0,90.0
15.5,400,0.07,0.01,True,1000.0,90.0
15.5,400,0.07,0.01,False,1000.0,90.0
15.5,400,0.07,0.1,True,1000.0,90.0
15.5,400,0.07,0.1,False,1000.0,90.0
15.5,400,0.08,0.0001,True,1000.0,90.0
15.5,400,0.08,0.0001,False,1000.0,90.0
15.5,400,0.08,0.001,True,1000.0,90.0
15.5,400,0.08,0.001,False,1000.0,90.0
15.5,400,0.08,0.01,True,1000.0,90.0
15.5,400,0.08,0.01,False,1000.0,90.0
15.5,400,0.08,0.1,True,1000.0,90.0
15.5,400,0.08,0.1,False,1000.0,90.0
15.5,400,0.09,0.0001,True,1000.0,90.0
15.5,400,0.09,0.0001,False,1000.0,90.0
15.5,400,0.09,0.001,True,1000.0,90.0
15.5,400,0.09,0.001,False,1000.0,90.0
15.5,400,0.09,0.01,True,1000.0,90.0
15.5,400,0.09,0.01,False,1000.0,90.0
15.5,400,0.09,0.1,True,1000.0,90.0
15.5,400,0.09,0.1,False,1000.0,90.0
15.5,400,0.1,0.0001,True,1000.0,90.0
15.5,400,0.1,0.0001,False,1000.0,90.0
15.5,400,0.1,0.001,True,1000.0,90.0
15.5,400,0.1,0.001,False,1000.0,90.0
15.5,400,0.1,0.01,True,1000.0,90.0
15.5,400,0.1,0.01,False,1000.0,90.0
15.5,400,0.1,0.1,True,1000.0,90.0
15.5,400,0.1,0.1,False,1000.0,90.0
15.5,400,0.1,0.0001,True,1000.0,90.0
15.5,400,0.1,0.0001,False,1000.0,90.0
15.5,400,0.1,0.001,True,1000.0,90.0
15.5,400,0.1,0.001,False,1000.0,90.0
15.5,400,0.1,0.01,True,1000.0,90.0
15.5,400,0.1,0.01,False,1000.0,90.0
15.5,400,0.1,0.1,True,1000.0,90.0
15.5,400,0.1,0.1,False,1000.0,90.0
15.5,400,0.2,0.0001,True,1000.0,90.0
15.5,400,0.2,0.0001,False,1000.0,90.0
15.5,400,0.2,0.001,True,1000.0,90.0
15.5,400,0.2,0.001,False,1000.0,90.0
15.5,400,0.2,0.01,True,1000.0,90.0
15.5,400,0.2,0.01,False,1000.0,90.0
15.5,400,0.2,0.1,True,1000.0,90.0
15.5,400,0.2,0.1,False,1000.0,90.0
15.5,400,0.30000000000000004,0.0001,True,1000.0,90.0
15.5,400,0.30000000000000004,0.0001,False,1000.0,90.0
15.5,400,0.30000000000000004,0.001,True,1000.0,90.0
15.5,400,0.30000000000000004,0.001,False,1000.0,90.0
15.5,400,0.30000000000000004,0.01,True,1000.0,90.0
15.5,400,0.30000000000000004,0.01,False,1000.0,90.0
15.5,400,0.30000000000000004,0.1,True,1000.0,90.0
15.5,400,0.30000000000000004,0.1,False,1000.0,90.0
15.5,400,0.4,0.0001,True,1000.0,90.0
15.5,400,0.4,0.0001,False,1000.0,90.0
15.5,400,0.4,0.001,True,1000.0,90.0
15.5,400,0.4,0.001,False,1000.0,90.0
15.5,400,0.4,0.01,True,1000.0,90.0
15.5,400,0.4,0.01,False,1000.0,90.0
15.5,400,0.4,0.1,True,1000.0,90.0
15.5,400,0.4,0.1,False,1000.0,90.0
15.5,600,0.001,0.0001,True,0.9991944878721357,5.76033173741461
15.5,600,0.001,0.0001,False,0.9992775425834934,7.212283899917864
15.5,600,0.001,0.001,True,0.9991944878721357,5.76033173741461
15.5,600,0.001,0.001,False,0.9992775425834934,7.212283899917864
15.5,600,0.001,0.01,True,0.9991944878721357,5.76033173741461
15.5,600,0.001,0.01,False,0.9992775425834934,7.212283899917864
15.5,600,0.001,0.1,True,0.9991944878721357,5.76033173741461
15.5,600,0.001,0.1,False,0.9992775425834934,7.212283899917864
15.5,600,0.002,0.0001,True,0.9986557999524637,2.791522266071034
15.5,600,0.002,0.0001,False,0.9988218857469365,3.6016346481299664
15.5,600,0.002,0.001,True,0.9986557999524637,2.791522266071034
15.5,600,0.002,0.001,False,0.9988218857469365,3.6016346481299664
15.5,600,0.002,0.01,True,0.9986557999524637,2.791522266071034
15.5,600,0.002,0.01,False,0.9988218857469365,3.6016346481299664
15.5,600,0.002,0.1,True,0.9986557999524637,2.791522266071034
15.5,600,0.002,0.1,False,0.9988218857469365,3.6016346481299664
15.5,600,0.003,0.0001,True,0.9981171975473708,1.8924657945872276
15.5,600,0.003,0.0001,False,0.9983662907771975,2.6328652416915403
15.5,600,0.003,0.001,True,0.9981171975473708,1.8924657945872276
15.5,600,0.003,0.001,False,0.9983662907771975,2.6328652416915403
15.5,600,0.003,0.01,True,0.9981171975473708,1.8924657945872276
15.5,600,0.003,0.01,False,0.9983662907771975,2.6328652416915403
15.5,600,0.003,0.1,True,0.9981171975473708,1.8924657945872276
15.5,600,0.003,0.1,False,0.9983662907771975,2.6328652416915403
15.5,600,0.004,0.0001,True,0.9975786807051537,1.3107233718624158
15.5,600,0.004,0.0001,False,0.9979107577029408,1.9621787295418542
15.5,600,0.004,0.001,True,0.9975786807051537,1.3107233718624158
15.5,600,0.004,0.001,False,0.9979107577029408,1.9621787295418542
15.5,600,0.004,0.01,True,0.9975786807051537,1.3107233718624158
15.5,600,0.004,0.01,False,0.9979107577029408,1.9621787295418542
15.5,600,0.004,0.1,True,0.9975786807051537,1.3107233718624158
15.5,600,0.004,0.1,False,0.9979107577029408,1.9621787295418542
15.5,600,0.005,0.0001,True,0.997040249474185,1.1520663474829185
15.5,600,0.005,0.0001,False,0.9974552865530153,1.8996774775135705
15.5,600,0.005,0.001,True,0.997040249474185,1.1520663474829185
15.5,600,0.005,0.001,False,0.9974552865530153,1.8996774775135705
15.5,600,0.005,0.01,True,0.997040249474185,1.1520663474829185
15.5,600,0.005,0.01,False,0.9974552865530153,1.8996774775135705
15.5,600,0.005,0.1,True,0.997040249474185,1.1520663474829185
15.5,600,0.005,0.1,False,0.9974552865530153,1.8996774775135705
15.5,600,0.006,0.0001,True,0.9965019039027833,1.0895650954546348
15.5,600,0.006,0.0001,False,0.9969998773561378,5.721869428474129
15.5,600,0.006,0.001,True,0.9965019039027833,1.0895650954546348
15.5,600,0.006,0.001,False,0.9969998773561378,5.721869428474129
15.5,600,0.006,0.01,True,0.9965019039027833,1.0895650954546348
15.5,600,0.006,0.01,False,0.9969998773561378,5.721869428474129
15.5,600,0.006,0.1,True,0.9965019039027833,1.0895650954546348
15.5,600,0.006,0.1,False,0.9969998773561378,5.721869428474129
15.5,600,0.007,0.0001,True,0.9959636440393268,1.058314469440493
15.5,600,0.007,0.0001,False,0.9965445301411096,12.854223842625046
15.5,600,0.007,0.001,True,0.9959636440393268,1.058314469440493
15.5,600,0.007,0.001,False,0.9965445301411096,12.854223842625046
15.5,600,0.007,0.01,True,0.9959636440393268,1.058314469440493
15.5,600,0.007,0.01,False,0.9965445301411096,12.854223842625046
15.5,600,0.007,0.1,True,0.9959636440393268,1.058314469440493
15.5,600,0.007,0.1,False,0.9965445301411096,12.854223842625046
15.5,600,0.008,0.0001,True,0.9954254699321983,2.7891183717622496
15.5,600,0.008,0.0001,False,0.9960892449367058,18.30144834632104
15.5,600,0.008,0.001,True,0.9954254699321983,2.7891183717622496
15.5,600,0.008,0.001,False,0.9960892449367058,18.30144834632104
15.5,600,0.008,0.01,True,0.9954254699321983,2.7891183717622496
15.5,600,0.008,0.01,False,0.9960892449367058,18.30144834632104
15.5,600,0.008,0.1,True,0.9954254699321983,2.7891183717622496
15.5,600,0.008,0.1,False,0.9960892449367058,18.30144834632104
15.5,600,0.009000000000000001,0.0001,True,0.994887381629697,2.8948897213485836
15.5,600,0.009000000000000001,0.0001,False,0.995634021771698,57.66521765259721
15.5,600,0.009000000000000001,0.001,True,0.994887381629697,2.8948897213485836
15.5,600,0.009000000000000001,0.001,False,0.995634021771698,57.66521765259721
15.5,600,0.009000000000000001,0.01,True,0.994887381629697,2.8948897213485836
15.5,600,0.009000000000000001,0.01,False,0.995634021771698,57.66521765259721
15.5,600,0.009000000000000001,0.1,True,0.994887381629697,2.8948897213485836
15.5,600,0.009000000000000001,0.1,False,0.995634021771698,57.66521765259721
15.5,600,0.01,0.0001,True,0.9943493791802173,2.8948897213485836
15.5,600,0.01,0.0001,False,3.2563546530140983,80.87962499248782
15.5,600,0.01,0.001,True,0.9943493791802173,2.8948897213485836
15.5,600,0.01,0.001,False,3.2563546530140983,80.87962499248782
15.5,600,0.01,0.01,True,0.9943493791802173,2.8948897213485836
15.5,600,0.01,0.01,False,3.2563546530140983,80.87962499248782
15.5,600,0.01,0.1,True,0.9943493791802173,2.8948897213485836
15.5,600,0.01,0.1,False,3.2563546530140983,80.87962499248782
15.5,600,0.01,0.0001,True,0.9943493791802173,2.8948897213485836
15.5,600,0.01,0.0001,False,3.2563546530140983,80.87962499248782
15.5,600,0.01,0.001,True,0.9943493791802173,2.8948897213485836
15.5,600,0.01,0.001,False,3.2563546530140983,80.87962499248782
15.5,600,0.01,0.01,True,0.9943493791802173,2.8948897213485836
15.5,600,0.01,0.01,False,3.2563546530140983,80.87962499248782
15.5,600,0.01,0.1,True,0.9943493791802173,2.8948897213485836
15.5,600,0.01,0.1,False,3.2563546530140983,80.87962499248782
15.5,600,0.02,0.0001,True,1.3244568083453454,3.4646126725294977
15.5,600,0.02,0.0001,False,1000.0,90.0
15.5,600,0.02,0.001,True,1.3244568083453454,3.4646126725294977
15.5,600,0.02,0.001,False,1000.0,90.0
15.5,600,0.02,0.01,True,1.3244568083453454,3.4646126725294977
15.5,600,0.02,0.01,False,1000.0,90.0
15.5,600,0.02,0.1,True,1.3244568083453454,3.4646126725294977
15.5,600,0.02,0.1,False,1000.0,90.0
15.5,600,0.03,0.0001,True,3.773939475251256,3.471824355455837
15.5,600,0.03,0.0001,False,1000.0,90.0
15.5,600,0.03,0.001,True,3.773939475251256,3.471824355455837
15.5,600,0.03,0.001,False,1000.0,90.0
15.5,600,0.03,0.01,True,3.773939475251256,3.471824355455837
15.5,600,0.03,0.01,False,1000.0,90.0
15.5,600,0.03,0.1,True,3.773939475251256,3.471824355455837
15.5,600,0.03,0.1,False,1000.0,90.0
15.5,600,0.04,0.0001,True,12.671577153686542,11.361405476872534
15.5,600,0.04,0.0001,False,1000.0,90.0
15.5,600,0.04,0.001,True,12.671577153686542,11.361405476872534
15.5,600,0.04,0.001,False,1000.0,90.0
15.5,600,0.04,0.01,True,12.671577153686542,11.361405476872534
15.5,600,0.04,0.01,False,1000.0,90.0
15.5,600,0.04,0.1,True,12.671577153686542,11.361405476872534
15.5,600,0.04,0.1,False,1000.0,90.0
15.5,600,0.05,0.0001,True,28.54240331988895,22.265470061499627
15.5,600,0.05,0.0001,False,1000.0,90.0
15.5,600,0.05,0.001,True,28.54240331988895,22.265470061499627
15.5,600,0.05,0.001,False,1000.0,90.0
15.5,600,0.05,0.01,True,28.54240331988895,22.265470061499627
15.5,600,0.05,0.01,False,1000.0,90.0
15.5,600,0.05,0.1,True,28.54240331988895,22.265470061499627
15.5,600,0.05,0.1,False,1000.0,90.0
15.5,600,0.06,0.0001,True,48.73351434906987,46.62413109236964
15.5,600,0.06,0.0001,False,1000.0,90.0
15.5,600,0.06,0.001,True,48.73351434906987,46.62413109236964
15.5,600,0.06,0.001,False,1000.0,90.0
15.5,600,0.06,0.01,True,48.73351434906987,46.62413109236964
15.5,600,0.06,0.01,False,1000.0,90.0
15.5,600,0.06,0.1,True,48.73351434906987,46.62413109236964
15.5,600,0.06,0.1,False,1000.0,90.0
15.5,600,0.07,0.0001,True,71.16364178469018,15.178789639215523
15.5,600,0.07,0.0001,False,1000.0,90.0
15.5,600,0.07,0.001,True,71.16364178469018,15.178789639215523
15.5,600,0.07,0.001,False,1000.0,90.0
15.5,600,0.07,0.01,True,71.16364178469018,15.178789639215523
15.5,600,0.07,0.01,False,1000.0,90.0
15.5,600,0.07,0.1,True,71.16364178469018,15.178789639215523
15.5,600,0.07,0.1,False,1000.0,90.0
15.5,600,0.08,0.0001,True,221.8860435960283,48.07127546625533
15.5,600,0.08,0.0001,False,1000.0,90.0
15.5,600,0.08,0.001,True,221.8860435960283,48.07127546625533
15.5,600,0.08,0.001,False,1000.0,90.0
15.5,600,0.08,0.01,True,221.8860435960283,48.07127546625533
15.5,600,0.08,0.01,False,1000.0,90.0
15.5,600,0.08,0.1,True,221.8860435960283,48.07127546625533
15.5,600,0.08,0.1,False,1000.0,90.0
15.5,600,0.09,0.0001,True,328.3584472631701,60.20373004266912
15.5,600,0.09,0.0001,False,1000.0,90.0
15.5,600,0.09,0.001,True,328.3584472631701,60.20373004266912
15.5,600,0.09,0.001,False,1000.0,90.0
15.5,600,0.09,0.01,True,328.3584472631701,60.20373004266912
15.5,600,0.09,0.01,False,1000.0,90.0
15.5,600,0.09,0.1,True,328.3584472631701,60.20373004266912
15.5,600,0.09,0.1,False,1000.0,90.0
15.5,600,0.1,0.0001,True,224.2444345534575,37.14317193854043
15.5,600,0.1,0.0001,False,1000.0,90.0
15.5,600,0.1,0.001,True,224.2444345534575,37.14317193854043
15.5,600,0.1,0.001,False,1000.0,90.0
15.5,600,0.1,0.01,True,224.2444345534575,37.14317193854043
15.5,600,0.1,0.01,False,1000.0,90.0
15.5,600,0.1,0.1,True,224.2444345534575,37.14317193854043
15.5,600,0.1,0.1,False,1000.0,90.0
15.5,600,0.1,0.0001,True,224.2444345534575,37.14317193854043
15.5,600,0.1,0.0001,False,1000.0,90.0
15.5,600,0.1,0.001,True,224.2444345534575,37.14317193854043
15.5,600,0.1,0.001,False,1000.0,90.0
15.5,600,0.1,0.01,True,224.2444345534575,37.14317193854043
15.5,600,0.1,0.01,False,1000.0,90.0
15.5,600,0.1,0.1,True,224.2444345534575,37.14317193854043
15.5,600,0.1,0.1,False,1000.0,90.0
15.5,600,0.2,0.0001,True,1000.0,32.07095494701416
15.5,600,0.2,0.0001,False,1000.0,90.0
15.5,600,0.2,0.001,True,1000.0,32.07095494701416
15.5,600,0.2,0.001,False,1000.0,90.0
15.5,600,0.2,0.01,True,1000.0,32.07095494701416
15.5,600,0.2,0.01,False,1000.0,90.0
15.5,600,0.2,0.1,True,1000.0,32.07095494701416
15.5,600,0.2,0.1,False,1000.0,90.0
15.5,600,0.30000000000000004,0.0001,True,1000.0,90.0
15.5,600,0.30000000000000004,0.0001,False,1000.0,90.0
15.5,600,0.30000000000000004,0.001,True,1000.0,90.0
15.5,600,0.30000000000000004,0.001,False,1000.0,90.0
15.5,600,0.30000000000000004,0.01,True,1000.0,90.0
15.5,600,0.30000000000000004,0.01,False,1000.0,90.0
15.5,600,0.30000000000000004,0.1,True,1000.0,90.0
15.5,600,0.30000000000000004,0.1,False,1000.0,90.0
15.5,600,0.4,0.0001,True,1000.0,90.0
15.5,600,0.4,0.0001,False,1000.0,90.0
15.5,600,0.4,0.001,True,1000.0,90.0
15.5,600,0.4,0.001,False,1000.0,90.0
15.5,600,0.4,0.01,True,1000.0,90.0
15.5,600,0.4,0.01,False,1000.0,90.0
15.5,600,0.4,0.1,True,1000.0,90.0
15.5,600,0.4,0.1,False,1000.0,90.0
15.5,800,0.001,0.0001,True,0.9991987587271771,5.726677217091684
15.5,800,0.001,0.0001,False,0.9992248241363915,7.339690298283216
15.5,800,0.001,0.001,True,0.9991987587271771,5.726677217091684
15.5,800,0.001,0.001,False,0.9992248241363915,7.339690298283216
15.5,800,0.001,0.01,True,0.9991987587271771,5.726677217091684
15.5,800,0.001,0.01,False,0.9992248241363915,7.339690298283216
15.5,800,0.001,0.1,True,0.9991987587271771,5.726677217091684
15.5,800,0.001,0.1,False,0.9992248241363915,7.339690298283216
15.5,800,0.002,0.0001,True,0.9986643402868149,2.8564274124080953
15.5,800,0.002,0.0001,False,0.9987164625876923,3.695386526172399
15.5,800,0.002,0.001,True,0.9986643402868149,2.8564274124080953
15.5,800,0.002,0.001,False,0.9987164625876923,3.695386526172399
15.5,800,0.002,0.01,True,0.9986643402868149,2.8564274124080953
15.5,800,0.002,0.01,False,0.9987164625876923,3.695386526172399
15.5,800,0.002,0.1,True,0.9986643402868149,2.8564274124080953
15.5,800,0.002,0.1,False,0.9987164625876923,3.695386526172399
15.5,800,0.003,0.0001,True,0.9981300059840852,1.954967046615515
15.5,800,0.003,0.0001,False,0.9982081766528413,2.630461347382756
15.5,800,0.003,0.001,True,0.9981300059840852,1.954967046615515
15.5,800,0.003,0.001,False,0.9982081766528413,2.630461347382756
15.5,800,0.003,0.01,True,0.9981300059840852,1.954967046615515
15.5,800,0.003,0.01,False,0.9982081766528413,2.630461347382756
15.5,800,0.003,0.1,True,0.9981300059840852,1.954967046615515
15.5,800,0.003,0.1,False,0.9982081766528413,2.630461347382756
15.5,800,0.004,0.0001,True,0.9975957558662948,1.695346461267249
15.5,800,0.004,0.0001,False,0.997699966372941,1.921312526292592
15.5,800,0.004,0.001,True,0.9975957558662948,1.695346461267249
15.5,800,0.004,0.001,False,0.997699966372941,1.921312526292592
15.5,800,0.004,0.01,True,0.9975957558662948,1.695346461267249
15.5,800,0.004,0.01,False,0.997699966372941,1.921312526292592
15.5,800,0.004,0.1,True,0.9975957558662948,1.695346461267249
15.5,800,0.004,0.1,False,0.997699966372941,1.921312526292592
15.5,800,0.005,0.0001,True,0.9970615899806066,1.1833169734970639
15.5,800,0.005,0.0001,False,0.9971918317890217,1.7915022336184592
15.5,800,0.005,0.001,True,0.9970615899806066,1.1833169734970639
15.5,800,0.005,0.001,False,0.9971918317890217,1.7915022336184592
15.5,800,0.005,0.01,True,0.9970615899806066,1.1833169734970639
15.5,800,0.005,0.01,False,0.9971918317890217,1.7915022336184592
15.5,800,0.005,0.1,True,0.9970615899806066,1.1833169734970639
15.5,800,0.005,0.1,False,0.9971918317890217,1.7915022336184592
15.5,800,0.006,0.0001,True,0.9965275083742433,1.1184118271599957
15.5,800,0.006,0.0001,False,0.9966837729420344,1.695346461267249
15.5,800,0.006,0.001,True,0.9965275083742433,1.1184118271599957
15.5,800,0.006,0.001,False,0.9966837729420344,1.695346461267249
15.5,800,0.006,0.01,True,0.9965275083742433,1.1184118271599957
15.5,800,0.006,0.01,False,0.9966837729420344,1.695346461267249
15.5,800,0.006,0.1,True,0.9965275083742433,1.1184118271599957
15.5,800,0.006,0.1,False,0.9966837729420344,1.695346461267249
15.5,800,0.007,0.0001,True,0.9959935110944501,1.058314469440493
15.5,800,0.007,0.0001,False,0.9961757898731186,1.6640958352531072
15.5,800,0.007,0.001,True,0.9959935110944501,1.058314469440493
15.5,800,0.007,0.001,False,0.9961757898731186,1.6640958352531072
15.5,800,0.007,0.01,True,0.9959935110944501,1.058314469440493
15.5,800,0.007,0.01,False,0.9961757898731186,1.6640958352531072
15.5,800,0.007,0.1,True,0.9959935110944501,1.058314469440493
15.5,800,0.007,0.1,False,0.9961757898731186,1.6640958352531072
15.5,800,0.008,0.0001,True,0.9954595981884713,2.7867144774534722
15.5,800,0.008,0.0001,False,0.995667882623211,28.8329093130872
15.5,800,0.008,0.001,True,0.9954595981884713,2.7867144774534722
15.5,800,0.008,0.001,False,0.995667882623211,28.8329093130872
15.5,800,0.008,0.01,True,0.9954595981884713,2.7867144774534722
15.5,800,0.008,0.01,False,0.995667882623211,28.8329093130872
15.5,800,0.008,0.1,True,0.9954595981884713,2.7867144774534722
15.5,800,0.008,0.1,False,0.995667882623211,28.8329093130872
15.5,800,0.009000000000000001,0.0001,True,0.9949257697035977,2.85883130671688
15.5,800,0.009000000000000001,0.0001,False,0.9951600512334591,51.87904405136321
15.5,800,0.009000000000000001,0.001,True,0.9949257697035977,2.85883130671688
15.5,800,0.009000000000000001,0.001,False,0.9951600512334591,51.87904405136321
15.5,800,0.009000000000000001,0.01,True,0.9949257697035977,2.85883130671688
15.5,800,0.009000000000000001,0.01,False,0.9951600512334591,51.87904405136321
15.5,800,0.009000000000000001,0.1,True,0.9949257697035977,2.85883130671688
15.5,800,0.009000000000000001,0.1,False,0.9951600512334591,51.87904405136321
15.5,800,0.01,0.0001,True,0.9943920256870076,2.892485827039799
15.5,800,0.01,0.0001,False,0.9946522957448382,70.65105470862797
15.5,800,0.01,0.001,True,0.9943920256870076,2.892485827039799
15.5,800,0.01,0.001,False,0.9946522957448382,70.65105470862797
15.5,800,0.01,0.01,True,0.9943920256870076,2.892485827039799
15.5,800,0.01,0.01,False,0.9946522957448382,70.65105470862797
15.5,800,0.01,0.1,True,0.9943920256870076,2.892485827039799
15.5,800,0.01,0.1,False,0.9946522957448382,70.65105470862797
15.5,800,0.01,0.0001,True,0.9943920256870076,2.892485827039799
15.5,800,0.01,0.0001,False,0.9946522957448382,70.65105470862797
15.5,800,0.01,0.001,True,0.9943920256870076,2.892485827039799
15.5,800,0.01,0.001,False,0.9946522957448382,70.65105470862797
15.5,800,0.01,0.01,True,0.9943920256870076,2.892485827039799
15.5,800,0.01,0.01,False,0.9946522957448382,70.65105470862797
15.5,800,0.01,0.1,True,0.9943920256870076,2.892485827039799
15.5,800,0.01,0.1,False,0.9946522957448382,70.65105470862797
15.5,800,0.02,0.0001,True,1.4555693826360925,3.668943688775812
15.5,800,0.02,0.0001,False,46.264693332005486,90.0
15.5,800,0.02,0.001,True,1.4555693826360925,3.668943688775812
15.5,800,0.02,0.001,False,46.264693332005486,90.0
15.5,800,0.02,0.01,True,1.4555693826360925,3.668943688775812
15.5,800,0.02,0.01,False,46.264693332005486,90.0
15.5,800,0.02,0.1,True,1.4555693826360925,3.668943688775812
15.5,800,0.02,0.1,False,46.264693332005486,90.0
15.5,800,0.03,0.0001,True,6.19773371214923,3.8997175424187134
15.5,800,0.03,0.0001,False,1000.0,90.0
15.5,800,0.03,0.001,True,6.19773371214923,3.8997175424187134
15.5,800,0.03,0.001,False,1000.0,90.0
15.5,800,0.03,0.01,True,6.19773371214923,3.8997175424187134
15.5,800,0.03,0.01,False,1000.0,90.0
15.5,800,0.03,0.1,True,6.19773371214923,3.8997175424187134
15.5,800,0.03,0.1,False,1000.0,90.0
15.5,800,0.04,0.0001,True,15.444313845848122,17.62595404555379
15.5,800,0.04,0.0001,False,1000.0,90.0
15.5,800,0.04,0.001,True,15.444313845848122,17.62595404555379
15.5,800,0.04,0.001,False,1000.0,90.0
15.5,800,0.04,0.01,True,15.444313845848122,17.62595404555379
15.5,800,0.04,0.01,False,1000.0,90.0
15.5,800,0.04,0.1,True,15.444313845848122,17.62595404555379
15.5,800,0.04,0.1,False,1000.0,90.0
15.5,800,0.05,0.0001,True,33.40006482022829,13.565776558023998
15.5,800,0.05,0.0001,False,1000.0,90.0
15.5,800,0.05,0.001,True,33.40006482022829,13.565776558023998
15.5,800,0.05,0.001,False,1000.0,90.0
15.5,800,0.05,0.01,True,33.40006482022829,13.565776558023998
15.5,800,0.05,0.01,False,1000.0,90.0
15.5,800,0.05,0.1,True,33.40006482022829,13.565776558023998
15.5,800,0.05,0.1,False,1000.0,90.0
15.5,800,0.06,0.0001,True,58.43607488038379,22.585188004567392
15.5,800,0.06,0.0001,False,1000.0,90.0
15.5,800,0.06,0.001,True,58.43607488038379,22.585188004567392
15.5,800,0.06,0.001,False,1000.0,90.0
15.5,800,0.06,0.01,True,58.43607488038379,22.585188004567392
15.5,800,0.06,0.01,False,1000.0,90.0
15.5,800,0.06,0.1,True,58.43607488038379,22.585188004567392
15.5,800,0.06,0.1,False,1000.0,90.0
15.5,800,0.07,0.0001,True,87.51686498980506,15.440814118872574
15.5,800,0.07,0.0001,False,1000.0,90.0
15.5,800,0.07,0.001,True,87.51686498980506,15.440814118872574
15.5,800,0.07,0.001,False,1000.0,90.0
15.5,800,0.07,0.01,True,87.51686498980506,15.440814118872574
15.5,800,0.07,0.01,False,1000.0,90.0
15.5,800,0.07,0.1,True,87.51686498980506,15.440814118872574
15.5,800,0.07,0.1,False,1000.0,90.0
15.5,800,0.08,0.0001,True,247.4879439818063,15.55379715138524
15.5,800,0.08,0.0001,False,1000.0,90.0
15.5,800,0.08,0.001,True,247.4879439818063,15.55379715138524
15.5,800,0.08,0.001,False,1000.0,90.0
15.5,800,0.08,0.01,True,247.4879439818063,15.55379715138524
15.5,800,0.08,0.01,False,1000.0,90.0
15.5,800,0.08,0.1,True,247.4879439818063,15.55379715138524
15.5,800,0.08,0.1,False,1000.0,90.0
15.5,800,0.09,0.0001,True,326.6520712350698,17.698070874817198
15.5,800,0.09,0.0001,False,1000.0,90.0
15.5,800,0.09,0.001,True,326.6520712350698,17.698070874817198
15.5,800,0.09,0.001,False,1000.0,90.0
15.5,800,0.09,0.01,True,326.6520712350698,17.698070874817198
15.5,800,0.09,0.01,False,1000.0,90.0
15.5,800,0.09,0.1,True,326.6520712350698,17.698070874817198
15.5,800,0.09,0.1,False,1000.0,90.0
15.5,800,0.1,0.0001,True,1000.0,25.164566597888573
15.5,800,0.1,0.0001,False,1000.0,90.0
15.5,800,0.1,0.001,True,1000.0,25.164566597888573
15.5,800,0.1,0.001,False,1000.0,90.0
15.5,800,0.1,0.01,True,1000.0,25.164566597888573
15.5,800,0.1,0.01,False,1000.0,90.0
15.5,800,0.1,0.1,True,1000.0,25.164566597888573
15.5,800,0.1,0.1,False,1000.0,90.0
15.5,800,0.1,0.0001,True,1000.0,25.164566597888573
15.5,800,0.1,0.0001,False,1000.0,90.0
15.5,800,0.1,0.001,True,1000.0,25.164566597888573
15.5,800,0.1,0.001,False,1000.0,90.0
15.5,800,0.1,0.01,True,1000.0,25.164566597888573
15.5,800,0.1,0.01,False,1000.0,90.0
15.5,800,0.1,0.1,True,1000.0,25.164566597888573
15.5,800,0.1,0.1,False,1000.0,90.0
15.5,800,0.2,0.0001,True,1000.0,29.236763556962273
15.5,800,0.2,0.0001,False,1000.0,90.0
15.5,800,0.2,0.001,True,1000.0,29.236763556962273
15.5,800,0.2,0.001,False,1000.0,90.0
15.5,800,0.2,0.01,True,1000.0,29.236763556962273
15.5,800,0.2,0.01,False,1000.0,90.0
15.5,800,0.2,0.1,True,1000.0,29.236763556962273
15.5,800,0.2,0.1,False,1000.0,90.0
15.5,800,0.30000000000000004,0.0001,True,1000.0,90.0
15.5,800,0.30000000000000004,0.0001,False,1000.0,90.0
15.5,800,0.30000000000000004,0.001,True,1000.0,90.0
15.5,800,0.30000000000000004,0.001,False,1000.0,90.0
15.5,800,0.30000000000000004,0.01,True,1000.0,90.0
15.5,800,0.30000000000000004,0.01,False,1000.0,90.0
15.5,800,0.30000000000000004,0.1,True,1000.0,90.0
15.5,800,0.30000000000000004,0.1,False,1000.0,90.0
15.5,800,0.4,0.0001,True,1000.0,90.0
15.5,800,0.4,0.0001,False,1000.0,90.0
15.5,800,0.4,0.001,True,1000.0,90.0
15.5,800,0.4,0.001,False,1000.0,90.0
15.5,800,0.4,0.01,True,1000.0,90.0
15.5,800,0.4,0.01,False,1000.0,90.0
15.5,800,0.4,0.1,True,1000.0,90.0
15.5,800,0.4,0.1,False,1000.0,90.0
15.5,1000,0.001,0.0001,True,0.9991985177866424,5.695426591077542
15.5,1000,0.001,0.0001,False,0.9991550471274777,6.921412688555456
15.5,1000,0.001,0.001,True,0.9991985177866424,5.695426591077542
15.5,1000,0.001,0.001,False,0.9991550471274777,6.921412688555456
15.5,1000,0.001,0.01,True,0.9991985177866424,5.695426591077542
15.5,1000,0.001,0.01,False,0.9991550471274777,6.921412688555456
15.5,1000,0.001,0.1,True,0.9991985177866424,5.695426591077542
15.5,1000,0.001,0.1,False,0.9991550471274777,6.921412688555456
15.5,1000,0.002,0.0001,True,0.9986638585503369,2.8564274124080953
15.5,1000,0.002,0.0001,False,0.9985769316759665,3.3083595424587813
15.5,1000,0.002,0.001,True,0.9986638585503369,2.8564274124080953
15.5,1000,0.002,0.001,False,0.9985769316759665,3.3083595424587813
15.5,1000,0.002,0.01,True,0.9986638585503369,2.8564274124080953
15.5,1000,0.002,0.01,False,0.9985769316759665,3.3083595424587813
15.5,1000,0.002,0.1,True,0.9986638585503369,2.8564274124080953
15.5,1000,0.002,0.1,False,0.9985769316759665,3.3083595424587813
15.5,1000,0.003,0.0001,True,0.9981292835962705,1.9886215669384377
15.5,1000,0.003,0.0001,False,0.9979989149630789,2.0222760872613605
15.5,1000,0.003,0.001,True,0.9981292835962705,1.9886215669384377
15.5,1000,0.003,0.001,False,0.9979989149630789,2.0222760872613605
15.5,1000,0.003,0.01,True,0.9981292835962705,1.9886215669384377
15.5,1000,0.003,0.01,False,0.9979989149630789,2.0222760872613605
15.5,1000,0.003,0.1,True,0.9981292835962705,1.9886215669384377
15.5,1000,0.003,0.1,False,0.9979989149630789,2.0222760872613605
15.5,1000,0.004,0.0001,True,0.9975947929717046,1.7602516076043173
15.5,1000,0.004,0.0001,False,0.9974209970483446,1.8588112742643048
15.5,1000,0.004,0.001,True,0.9975947929717046,1.7602516076043173
15.5,1000,0.004,0.001,False,0.9974209970483446,1.8588112742643048
15.5,1000,0.004,0.01,True,0.9975947929717046,1.7602516076043173
15.5,1000,0.004,0.01,False,0.9974209970483446,1.8588112742643048
15.5,1000,0.004,0.1,True,0.9975947929717046,1.7602516076043173
15.5,1000,0.004,0.1,False,0.9974209970483446,1.8588112742643048
15.5,1000,0.005,0.0001,True,0.9970603867238772,1.1833169734970639
15.5,1000,0.005,0.0001,False,0.9968431779912893,1.796310022236021
15.5,1000,0.005,0.001,True,0.9970603867238772,1.1833169734970639
15.5,1000,0.005,0.001,False,0.9968431779912893,1.796310022236021
15.5,1000,0.005,0.01,True,0.9970603867238772,1.1833169734970639
15.5,1000,0.005,0.01,False,0.9968431779912893,1.796310022236021
15.5,1000,0.005,0.1,True,0.9970603867238772,1.1833169734970639
15.5,1000,0.005,0.1,False,0.9968431779912893,1.796310022236021
15.5,1000,0.006,0.0001,True,0.9965260649000421,1.1208157214687766
15.5,1000,0.006,0.0001,False,0.9962654578514927,4.926180412267868
15.5,1000,0.006,0.001,True,0.9965260649000421,1.1208157214687766
15.5,1000,0.006,0.001,False,0.9962654578514927,4.926180412267868
15.5,1000,0.006,0.01,True,0.9965260649000421,1.1208157214687766
15.5,1000,0.006,0.01,False,0.9962654578514927,4.926180412267868
15.5,1000,0.006,0.1,True,0.9965260649000421,1.1208157214687766
15.5,1000,0.006,0.1,False,0.9962654578514927,4.926180412267868
15.5,1000,0.007,0.0001,True,0.9959918275473948,2.8900819327310217
15.5,1000,0.007,0.0001,False,0.9956878366884938,9.827720907870749
15.5,1000,0.007,0.001,True,0.9959918275473948,2.8900819327310217
15.5,1000,0.007,0.001,False,0.9956878366884938,9.827720907870749
15.5,1000,0.007,0.01,True,0.9959918275473948,2.8900819327310217
15.5,1000,0.007,0.01,False,0.9956878366884938,9.827720907870749
15.5,1000,0.007,0.1,True,0.9959918275473948,2.8900819327310217
15.5,1000,0.007,0.1,False,0.9956878366884938,9.827720907870749
15.5,1000,0.008,0.0001,True,0.9954576747132057,3.5607684448807078
15.5,1000,0.008,0.0001,False,0.9951103145619045,8.385384322602611
15.5,1000,0.008,0.001,True,0.9954576747132057,3.5607684448807078
15.5,1000,0.008,0.001,False,0.9951103145619045,8.385384322602611
15.5,1000,0.008,0.01,True,0.9954576747132057,3.5607684448807078
15.5,1000,0.008,0.01,False,0.9951103145619045,8.385384322602611
15.5,1000,0.008,0.1,True,0.9954576747132057,3.5607684448807078
15.5,1000,0.008,0.1,False,0.9951103145619045,8.385384322602611
15.5,1000,0.009000000000000001,0.0001,True,0.9949236064447446,3.594422965203627
15.5,1000,0.009000000000000001,0.0001,False,0.9945328915311897,12.87105110278651
15.5,1000,0.009000000000000001,0.001,True,0.9949236064447446,3.594422965203627
15.5,1000,0.009000000000000001,0.001,False,0.9945328915311897,12.87105110278651
15.5,1000,0.009000000000000001,0.01,True,0.9949236064447446,3.594422965203627
15.5,1000,0.009000000000000001,0.01,False,0.9945328915311897,12.87105110278651
15.5,1000,0.009000000000000001,0.1,True,0.9949236064447446,3.594422965203627
15.5,1000,0.009000000000000001,0.1,False,0.9945328915311897,12.87105110278651
15.5,1000,0.01,0.0001,True,0.9943896227892933,3.0319116969490523
15.5,1000,0.01,0.0001,False,0.9939555676560343,21.99383000460746
15.5,1000,0.01,0.001,True,0.9943896227892933,3.0319116969490523
15.5,1000,0.01,0.001,False,0.9939555676560343,21.99383000460746
15.5,1000,0.01,0.01,True,0.9943896227892933,3.0319116969490523
15.5,1000,0.01,0.01,False,0.9939555676560343,21.99383000460746
15.5,1000,0.01,0.1,True,0.9943896227892933,3.0319116969490523
15.5,1000,0.01,0.1,False,0.9939555676560343,21.99383000460746
15.5,1000,0.01,0.0001,True,0.9943896227892933,3.0319116969490523
15.5,1000,0.01,0.0001,False,0.9939555676560343,21.99383000460746
15.5,1000,0.01,0.001,True,0.9943896227892933,3.0319116969490523
15.5,1000,0.01,0.001,False,0.9939555676560343,21.99383000460746
15.5,1000,0.01,0.01,True,0.9943896227892933,3.0319116969490523
15.5,1000,0.01,0.01,False,0.9939555676560343,21.99383000460746
15.5,1000,0.01,0.1,True,0.9943896227892933,3.0319116969490523
15.5,1000,0.01,0.1,False,0.9939555676560343,21.99383000460746
15.5,1000,0.02,0.0001,True,1.6845764325230572,3.914140908271399
15.5,1000,0.02,0.0001,False,10.777703885961957,67.4154129690098
15.5,1000,0.02,0.001,True,1.6845764325230572,3.914140908271399
15.5,1000,0.02,0.001,False,10.777703885961957,67.4154129690098
15.5,1000,0.02,0.01,True,1.6845764325230572,3.914140908271399
15.5,1000,0.02,0.01,False,10.777703885961957,67.4154129690098
15.5,1000,0.02,0.1,True,1.6845764325230572,3.914140908271399
15.5,1000,0.02,0.1,False,10.777703885961957,67.4154129690098
15.5,1000,0.03,0.0001,True,8.027267826254077,4.387708087101103
15.5,1000,0.03,0.0001,False,50.119685736131416,76.19924277329272
15.5,1000,0.03,0.001,True,8.027267826254077,4.387708087101103
15.5,1000,0.03,0.001,False,50.119685736131416,76.19924277329272
15.5,1000,0.03,0.01,True,8.027267826254077,4.387708087101103
15.5,1000,0.03,0.01,False,50.119685736131416,76.19924277329272
15.5,1000,0.03,0.1,True,8.027267826254077,4.387708087101103
15.5,1000,0.03,0.1,False,50.119685736131416,76.19924277329272
15.5,1000,0.04,0.0001,True,19.462290190492133,22.789519020813714
15.5,1000,0.04,0.0001,False,117.28986420751151,89.78845730082733
15.5,1000,0.04,0.001,True,19.462290190492133,22.789519020813714
15.5,1000,0.04,0.001,False,117.28986420751151,89.78845730082733
15.5,1000,0.04,0.01,True,19.462290190492133,22.789519020813714
15.5,1000,0.04,0.01,False,117.28986420751151,89.78845730082733
15.5,1000,0.04,0.1,True,19.462290190492133,22.789519020813714
15.5,1000,0.04,0.1,False,117.28986420751151,89.78845730082733
15.5,1000,0.05,0.0001,True,39.288264220680546,16.34467837897393
15.5,1000,0.05,0.0001,False,228.6322359778398,85.15855686211663
15.5,1000,0.05,0.001,True,39.288264220680546,16.34467837897393
15.5,1000,0.05,0.001,False,228.6322359778398,85.15855686211663
15.5,1000,0.05,0.01,True,39.288264220680546,16.34467837897393
15.5,1000,0.05,0.01,False,228.6322359778398,85.15855686211663
15.5,1000,0.05,0.1,True,39.288264220680546,16.34467837897393
15.5,1000,0.05,0.1,False,228.6322359778398,85.15855686211663
15.5,1000,0.06,0.0001,True,67.9176772517284,13.770107574270313
15.5,1000,0.06,0.0001,False,1000.0,90.0
15.5,1000,0.06,0.001,True,67.9176772517284,13.770107574270313
15.5,1000,0.06,0.001,False,1000.0,90.0
15.5,1000,0.06,0.01,True,67.9176772517284,13.770107574270313
15.5,1000,0.06,0.01,False,1000.0,90.0
15.5,1000,0.06,0.1,True,67.9176772517284,13.770107574270313
15.5,1000,0.06,0.1,False,1000.0,90.0
15.5,1000,0.07,0.0001,True,101.47491552205086,23.981850597968702
15.5,1000,0.07,0.0001,False,1000.0,90.0
15.5,1000,0.07,0.001,True,101.47491552205086,23.981850597968702
15.5,1000,0.07,0.001,False,1000.0,90.0
15.5,1000,0.07,0.01,True,101.47491552205086,23.981850597968702
15.5,1000,0.07,0.01,False,1000.0,90.0
15.5,1000,0.07,0.1,True,101.47491552205086,23.981850597968702
15.5,1000,0.07,0.1,False,1000.0,90.0
15.5,1000,0.08,0.0001,True,191.5680748254603,17.753360443919142
15.5,1000,0.08,0.0001,False,1000.0,90.0
15.5,1000,0.08,0.001,True,191.5680748254603,17.753360443919142
15.5,1000,0.08,0.001,False,1000.0,90.0
15.5,1000,0.08,0.01,True,191.5680748254603,17.753360443919142
15.5,1000,0.08,0.01,False,1000.0,90.0
15.5,1000,0.08,0.1,True,191.5680748254603,17.753360443919142
15.5,1000,0.08,0.1,False,1000.0,90.0
15.5,1000,0.09,0.0001,True,624.943568376894,52.58338508383581
15.5,1000,0.09,0.0001,False,1000.0,90.0
15.5,1000,0.09,0.001,True,624.943568376894,52.58338508383581
15.5,1000,0.09,0.001,False,1000.0,90.0
15.5,1000,0.09,0.01,True,624.943568376894,52.58338508383581
15.5,1000,0.09,0.01,False,1000.0,90.0
15.5,1000,0.09,0.1,True,624.943568376894,52.58338508383581
15.5,1000,0.09,0.1,False,1000.0,90.0
15.5,1000,0.1,0.0001,True,1000.0,49.040044872693755
15.5,1000,0.1,0.0001,False,1000.0,90.0
15.5,1000,0.1,0.001,True,1000.0,49.040044872693755
15.5,1000,0.1,0.001,False,1000.0,90.0
15.5,1000,0.1,0.01,True,1000.0,49.040044872693755
15.5,1000,0.1,0.01,False,1000.0,90.0
15.5,1000,0.1,0.1,True,1000.0,49.040044872693755
15.5,1000,0.1,0.1,False,1000.0,90.0
15.5,1000,0.1,0.0001,True,1000.0,49.040044872693755
15.5,1000,0.1,0.0001,False,1000.0,90.0
15.5,1000,0.1,0.001,True,1000.0,49.040044872693755
15.5,1000,0.1,0.001,False,1000.0,90.0
15.5,1000,0.1,0.01,True,1000.0,49.040044872693755
15.5,1000,0.1,0.01,False,1000.0,90.0
15.5,1000,0.1,0.1,True,1000.0,49.040044872693755
15.5,1000,0.1,0.1,False,1000.0,90.0
15.5,1000,0.2,0.0001,True,1000.0,47.76838478334902
15.5,1000,0.2,0.0001,False,1000.0,90.0
15.5,1000,0.2,0.001,True,1000.0,47.76838478334902
15.5,1000,0.2,0.001,False,1000.0,90.0
15.5,1000,0.2,0.01,True,1000.0,47.76838478334902
15.5,1000,0.2,0.01,False,1000.0,90.0
15.5,1000,0.2,0.1,True,1000.0,47.76838478334902
15.5,1000,0.2,0.1,False,1000.0,90.0
15.5,1000,0.30000000000000004,0.0001,True,1000.0,90.0
15.5,1000,0.30000000000000004,0.0001,False,1000.0,90.0
15.5,1000,0.30000000000000004,0.001,True,1000.0,90.0
15.5,1000,0.30000000000000004,0.001,False,1000.0,90.0
15.5,1000,0.30000000000000004,0.01,True,1000.0,90.0
15.5,1000,0.30000000000000004,0.01,False,1000.0,90.0
15.5,1000,0.30000000000000004,0.1,True,1000.0,90.0
15.5,1000,0.30000000000000004,0.1,False,1000.0,90.0
15.5,1000,0.4,0.0001,True,1000.0,90.0
15.5,1000,0.4,0.0001,False,1000.0,90.0
15.5,1000,0.4,0.001,True,1000.0,90.0
15.5,1000,0.4,0.001,False,1000.0,90.0
15.5,1000,0.4,0.01,True,1000.0,90.0
15.5,1000,0.4,0.01,False,1000.0,90.0
15.5,1000,0.4,0.1,True,1000.0,90.0
15.5,1000,0.4,0.1,False,1000.0,90.0
15.5,1500,0.001,0.0001,True,0.999198101835765,5.695426591077542
15.5,1500,0.001,0.0001,False,0.9992084158420886,7.243534525932006
15.5,1500,0.001,0.001,True,0.999198101835765,5.695426591077542
15.5,1500,0.001,0.001,False,0.9992084158420886,7.243534525932006
15.5,1500,0.001,0.01,True,0.999198101835765,5.695426591077542
15.5,1500,0.001,0.01,False,0.9992084158420886,7.243534525932006
15.5,1500,0.001,0.1,True,0.999198101835765,5.695426591077542
15.5,1500,0.001,0.1,False,0.9992084158420886,7.243534525932006
15.5,1500,0.002,0.0001,True,0.9986630267593263,3.0174883310963736
15.5,1500,0.002,0.0001,False,0.9986836514219409,3.630481379835331
15.5,1500,0.002,0.001,True,0.9986630267593263,3.0174883310963736
15.5,1500,0.002,0.001,False,0.9986836514219409,3.630481379835331
15.5,1500,0.002,0.01,True,0.9986630267593263,3.0174883310963736
15.5,1500,0.002,0.01,False,0.9986836514219409,3.630481379835331
15.5,1500,0.002,0.1,True,0.9986630267593263,3.0174883310963736
15.5,1500,0.002,0.1,False,0.9986836514219409,3.630481379835331
15.5,1500,0.003,0.0001,True,0.9981280360761804,2.051122818966725
15.5,1500,0.003,0.0001,False,0.9981589680424519,2.599210721368614
15.5,1500,0.003,0.001,True,0.9981280360761804,2.051122818966725
15.5,1500,0.003,0.001,False,0.9981589680424519,2.599210721368614
15.5,1500,0.003,0.01,True,0.9981280360761804,2.051122818966725
15.5,1500,0.003,0.01,False,0.9981589680424519,2.599210721368614
15.5,1500,0.003,0.1,True,0.9981280360761804,2.051122818966725
15.5,1500,0.003,0.1,False,0.9981589680424519,2.599210721368614
15.5,1500,0.004,0.0001,True,0.9975931298336508,1.825156753941382
15.5,1500,0.004,0.0001,False,0.9976343657483069,1.8924657945872276
15.5,1500,0.004,0.001,True,0.9975931298336508,1.825156753941382
15.5,1500,0.004,0.001,False,0.9976343657483069,1.8924657945872276
15.5,1500,0.004,0.01,True,0.9975931298336508,1.825156753941382
15.5,1500,0.004,0.01,False,0.9976343657483069,1.8924657945872276
15.5,1500,0.004,0.1,True,0.9975931298336508,1.825156753941382
15.5,1500,0.004,0.1,False,0.9976343657483069,1.8924657945872276
15.5,1500,0.005,0.0001,True,0.997058308079054,1.6616919409443263
15.5,1500,0.005,0.0001,False,0.9971098445842914,1.7939061279272401
15.5,1500,0.005,0.001,True,0.997058308079054,1.6616919409443263
15.5,1500,0.005,0.001,False,0.9971098445842914,1.7939061279272401
15.5,1500,0.005,0.01,True,0.997058308079054,1.6616919409443263
15.5,1500,0.005,0.01,False,0.9971098445842914,1.7939061279272401
15.5,1500,0.005,0.1,True,0.997058308079054,1.6616919409443263
15.5,1500,0.005,0.1,False,0.9971098445842914,1.7939061279272401
15.5,1500,0.006,0.0001,True,0.996523570859772,1.1208157214687766
15.5,1500,0.006,0.0001,False,0.9965854045952132,1.7626555019130983
15.5,1500,0.006,0.001,True,0.996523570859772,1.1208157214687766
15.5,1500,0.006,0.001,False,0.9965854045952132,1.7626555019130983
15.5,1500,0.006,0.01,True,0.996523570859772,1.1208157214687766
15.5,1500,0.006,0.01,False,0.9965854045952132,1.7626555019130983
15.5,1500,0.006,0.1,True,0.996523570859772,1.1208157214687766
15.5,1500,0.006,0.1,False,0.9965854045952132,1.7626555019130983
15.5,1500,0.007,0.0001,True,0.9959889182232258,3.6280774855265534
15.5,1500,0.007,0.0001,False,0.9960610458258201,5.108876379735172
15.5,1500,0.007,0.001,True,0.9959889182232258,3.6280774855265534
15.5,1500,0.007,0.001,False,0.9960610458258201,5.108876379735172
15.5,1500,0.007,0.01,True,0.9959889182232258,3.6280774855265534
15.5,1500,0.007,0.01,False,0.9960610458258201,5.108876379735172
15.5,1500,0.007,0.1,True,0.9959889182232258,3.6280774855265534
15.5,1500,0.007,0.1,False,0.9960610458258201,5.108876379735172
15.5,1500,0.008,0.0001,True,0.9954543502167364,3.700194314789954
15.5,1500,0.008,0.0001,False,0.9955367683209121,6.087261363408722
15.5,1500,0.008,0.001,True,0.9954543502167364,3.700194314789954
15.5,1500,0.008,0.001,False,0.9955367683209121,6.087261363408722
15.5,1500,0.008,0.01,True,0.9954543502167364,3.700194314789954
15.5,1500,0.008,0.01,False,0.9955367683209121,6.087261363408722
15.5,1500,0.008,0.1,True,0.9954543502167364,3.700194314789954
15.5,1500,0.008,0.1,False,0.9955367683209121,6.087261363408722
15.5,1500,0.009000000000000001,0.0001,True,0.9949198668876891,3.731444940804103
15.5,1500,0.009000000000000001,0.0001,False,0.9950125721252577,9.822913119253187
15.5,1500,0.009000000000000001,0.001,True,0.9949198668876891,3.731444940804103
15.5,1500,0.009000000000000001,0.001,False,0.9950125721252577,9.822913119253187
15.5,1500,0.009000000000000001,0.01,True,0.9949198668876891,3.731444940804103
15.5,1500,0.009000000000000001,0.01,False,0.9950125721252577,9.822913119253187
15.5,1500,0.009000000000000001,0.1,True,0.9949198668876891,3.731444940804103
15.5,1500,0.009000000000000001,0.1,False,0.9950125721252577,9.822913119253187
15.5,1500,0.01,0.0001,True,0.9943854682835388,5.4910955748312205
15.5,1500,0.01,0.0001,False,0.9944884572837024,8.628177647789414
15.5,1500,0.01,0.001,True,0.9943854682835388,5.4910955748312205
15.5,1500,0.01,0.001,False,0.9944884572837024,8.628177647789414
15.5,1500,0.01,0.01,True,0.9943854682835388,5.4910955748312205
15.5,1500,0.01,0.01,False,0.9944884572837024,8.628177647789414
15.5,1500,0.01,0.1,True,0.9943854682835388,5.4910955748312205
15.5,1500,0.01,0.1,False,0.9944884572837024,8.628177647789414
15.5,1500,0.01,0.0001,True,0.9943854682835388,5.4910955748312205
15.5,1500,0.01,0.0001,False,0.9944884572837024,8.628177647789414
15.5,1500,0.01,0.001,True,0.9943854682835388,5.4910955748312205
15.5,1500,0.01,0.001,False,0.9944884572837024,8.628177647789414
15.5,1500,0.01,0.01,True,0.9943854682835388,5.4910955748312205
15.5,1500,0.01,0.01,False,0.9944884572837024,8.628177647789414
15.5,1500,0.01,0.1,True,0.9943854682835388,5.4910955748312205
15.5,1500,0.01,0.1,False,0.9944884572837024,8.628177647789414
15.5,1500,0.02,0.0001,True,2.282726760209763,3.8780824936396954
15.5,1500,0.02,0.0001,False,12.208754156473592,24.460225565415968
15.5,1500,0.02,0.001,True,2.282726760209763,3.8780824936396954
15.5,1500,0.02,0.001,False,12.208754156473592,24.460225565415968
15.5,1500,0.02,0.01,True,2.282726760209763,3.8780824936396954
15.5,1500,0.02,0.01,False,12.208754156473592,24.460225565415968
15.5,1500,0.02,0.1,True,2.282726760209763,3.8780824936396954
15.5,1500,0.02,0.1,False,12.208754156473592,24.460225565415968
15.5,1500,0.03,0.0001,True,13.034986871338392,4.909353152106412
15.5,1500,0.03,0.0001,False,73.78707489319208,36.337867345099056
15.5,1500,0.03,0.001,True,13.034986871338392,4.909353152106412
15.5,1500,0.03,0.001,False,73.78707489319208,36.337867345099056
15.5,1500,0.03,0.01,True,13.034986871338392,4.909353152106412
15.5,1500,0.03,0.01,False,73.78707489319208,36.337867345099056
15.5,1500,0.03,0.1,True,13.034986871338392,4.909353152106412
15.5,1500,0.03,0.1,False,73.78707489319208,36.337867345099056
15.5,1500,0.04,0.0001,True,29.648149442735885,27.741541296900976
15.5,1500,0.04,0.0001,False,155.6537322073586,54.68919649832728
15.5,1500,0.04,0.001,True,29.648149442735885,27.741541296900976
15.5,1500,0.04,0.001,False,155.6537322073586,54.68919649832728
15.5,1500,0.04,0.01,True,29.648149442735885,27.741541296900976
15.5,1500,0.04,0.01,False,155.6537322073586,54.68919649832728
15.5,1500,0.04,0.1,True,29.648149442735885,27.741541296900976
15.5,1500,0.04,0.1,False,155.6537322073586,54.68919649832728
15.5,1500,0.05,0.0001,True,53.89705613102437,24.15012319958332
15.5,1500,0.05,0.0001,False,230.51215387504155,33.90993409323103
15.5,1500,0.05,0.001,True,53.89705613102437,24.15012319958332
15.5,1500,0.05,0.001,False,230.51215387504155,33.90993409323103
15.5,1500,0.05,0.01,True,53.89705613102437,24.15012319958332
15.5,1500,0.05,0.01,False,230.51215387504155,33.90993409323103
15.5,1500,0.05,0.1,True,53.89705613102437,24.15012319958332
15.5,1500,0.05,0.1,False,230.51215387504155,33.90993409323103
15.5,1500,0.06,0.0001,True,88.21084632920959,41.967787816262344
15.5,1500,0.06,0.0001,False,312.97181701596287,62.31434924577816
15.5,1500,0.06,0.001,True,88.21084632920959,41.967787816262344
15.5,1500,0.06,0.001,False,312.97181701596287,62.31434924577816
15.5,1500,0.06,0.01,True,88.21084632920959,41.967787816262344
15.5,1500,0.06,0.01,False,312.97181701596287,62.31434924577816
15.5,1500,0.06,0.1,True,88.21084632920959,41.967787816262344
15.5,1500,0.06,0.1,False,312.97181701596287,62.31434924577816
15.5,1500,0.07,0.0001,True,128.86173281157983,23.895310402852616
15.5,1500,0.07,0.0001,False,1000.0,90.0
15.5,1500,0.07,0.001,True,128.86173281157983,23.895310402852616
15.5,1500,0.07,0.001,False,1000.0,90.0
15.5,1500,0.07,0.01,True,128.86173281157983,23.895310402852616
15.5,1500,0.07,0.01,False,1000.0,90.0
15.5,1500,0.07,0.1,True,128.86173281157983,23.895310402852616
15.5,1500,0.07,0.1,False,1000.0,90.0
15.5,1500,0.08,0.0001,True,175.71596805767905,47.50155251507441
15.5,1500,0.08,0.0001,False,1000.0,90.0
15.5,1500,0.08,0.001,True,175.71596805767905,47.50155251507441
15.5,1500,0.08,0.001,False,1000.0,90.0
15.5,1500,0.08,0.01,True,175.71596805767905,47.50155251507441
15.5,1500,0.08,0.01,False,1000.0,90.0
15.5,1500,0.08,0.1,True,175.71596805767905,47.50155251507441
15.5,1500,0.08,0.1,False,1000.0,90.0
15.5,1500,0.09,0.0001,True,247.65235254334536,49.35976281576153
15.5,1500,0.09,0.0001,False,1000.0,90.0
15.5,1500,0.09,0.001,True,247.65235254334536,49.35976281576153
15.5,1500,0.09,0.001,False,1000.0,90.0
15.5,1500,0.09,0.01,True,247.65235254334536,49.35976281576153
15.5,1500,0.09,0.01,False,1000.0,90.0
15.5,1500,0.09,0.1,True,247.65235254334536,49.35976281576153
15.5,1500,0.09,0.1,False,1000.0,90.0
15.5,1500,0.1,0.0001,True,653.1319039210481,44.42216390552694
15.5,1500,0.1,0.0001,False,1000.0,90.0
15.5,1500,0.1,0.001,True,653.1319039210481,44.42216390552694
15.5,1500,0.1,0.001,False,1000.0,90.0
15.5,1500,0.1,0.01,True,653.1319039210481,44.42216390552694
15.5,1500,0.1,0.01,False,1000.0,90.0
15.5,1500,0.1,0.1,True,653.1319039210481,44.42216390552694
15.5,1500,0.1,0.1,False,1000.0,90.0
15.5,1500,0.1,0.0001,True,653.1319039210481,44.42216390552694
15.5,1500,0.1,0.0001,False,1000.0,90.0
15.5,1500,0.1,0.001,True,653.1319039210481,44.42216390552694
15.5,1500,0.1,0.001,False,1000.0,90.0
15.5,1500,0.1,0.01,True,653.1319039210481,44.42216390552694
15.5,1500,0.1,0.01,False,1000.0,90.0
15.5,1500,0.1,0.1,True,653.1319039210481,44.42216390552694
15.5,1500,0.1,0.1,False,1000.0,90.0
15.5,1500,0.2,0.0001,True,1000.0,67.27598709910053
15.5,1500,0.2,0.0001,False,1000.0,90.0
15.5,1500,0.2,0.001,True,1000.0,67.27598709910053
15.5,1500,0.2,0.001,False,1000.0,90.0
15.5,1500,0.2,0.01,True,1000.0,67.27598709910053
15.5,1500,0.2,0.01,False,1000.0,90.0
15.5,1500,0.2,0.1,True,1000.0,67.27598709910053
15.5,1500,0.2,0.1,False,1000.0,90.0
15.5,1500,0.30000000000000004,0.0001,True,1000.0,58.48734950620003
15.5,1500,0.30000000000000004,0.0001,False,1000.0,90.0
15.5,1500,0.30000000000000004,0.001,True,1000.0,58.48734950620003
15.5,1500,0.30000000000000004,0.001,False,1000.0,90.0
15.5,1500,0.30000000000000004,0.01,True,1000.0,58.48734950620003
15.5,1500,0.30000000000000004,0.01,False,1000.0,90.0
15.5,1500,0.30000000000000004,0.1,True,1000.0,58.48734950620003
15.5,1500,0.30000000000000004,0.1,False,1000.0,90.0
15.5,1500,0.4,0.0001,True,1000.0,90.0
15.5,1500,0.4,0.0001,False,1000.0,90.0
15.5,1500,0.4,0.001,True,1000.0,90.0
15.5,1500,0.4,0.001,False,1000.0,90.0
15.5,1500,0.4,0.01,True,1000.0,90.0
15.5,1500,0.4,0.01,False,1000.0,90.0
15.5,1500,0.4,0.1,True,1000.0,90.0
15.5,1500,0.4,0.1,False,1000.0,90.0
15.5,2000,0.001,0.0001,True,0.9991976026528284,5.76033173741461
15.5,2000,0.001,0.0001,False,0.9991957134655515,7.051222981229586
15.5,2000,0.001,0.001,True,0.9991976026528284,5.76033173741461
15.5,2000,0.001,0.001,False,0.9991957134655515,7.051222981229586
15.5,2000,0.001,0.01,True,0.9991976026528284,5.76033173741461
15.5,2000,0.001,0.01,False,0.9991957134655515,7.051222981229586
15.5,2000,0.001,0.1,True,0.9991976026528284,5.76033173741461
15.5,2000,0.001,0.1,False,0.9991957134655515,7.051222981229586
15.5,2000,0.002,0.0001,True,0.99866202863354,3.147298623770503
15.5,2000,0.002,0.0001,False,0.9986582508700718,3.5655762334982626
15.5,2000,0.002,0.001,True,0.99866202863354,3.147298623770503
15.5,2000,0.002,0.001,False,0.9986582508700718,3.5655762334982626
15.5,2000,0.002,0.01,True,0.99866202863354,3.147298623770503
15.5,2000,0.002,0.01,False,0.9986582508700718,3.5655762334982626
15.5,2000,0.002,0.1,True,0.99866202863354,3.147298623770503
15.5,2000,0.002,0.1,False,0.9986582508700718,3.5655762334982626
15.5,2000,0.003,0.0001,True,0.9981265392475148,2.082373444980867
15.5,2000,0.003,0.0001,False,0.998120873519528,2.5655562010456947
15.5,2000,0.003,0.001,True,0.9981265392475148,2.082373444980867
15.5,2000,0.003,0.001,False,0.998120873519528,2.5655562010456947
15.5,2000,0.003,0.01,True,0.9981265392475148,2.082373444980867
15.5,2000,0.003,0.01,False,0.998120873519528,2.5655562010456947
15.5,2000,0.003,0.1,True,0.9981265392475148,2.082373444980867
15.5,2000,0.003,0.1,False,0.998120873519528,2.5655562010456947
15.5,2000,0.004,0.0001,True,0.9975911345422661,1.825156753941382
15.5,2000,0.004,0.0001,False,0.9975835814618031,1.8924657945872276
15.5,2000,0.004,0.001,True,0.9975911345422661,1.825156753941382
15.5,2000,0.004,0.001,False,0.9975835814618031,1.8924657945872276
15.5,2000,0.004,0.01,True,0.9975911345422661,1.825156753941382
15.5,2000,0.004,0.01,False,0.9975835814618031,1.8924657945872276
15.5,2000,0.004,0.1,True,0.9975911345422661,1.825156753941382
15.5,2000,0.004,0.1,False,0.9975835814618031,1.8924657945872276
15.5,2000,0.005,0.0001,True,0.9970558145651653,1.7265970872813945
15.5,2000,0.005,0.0001,False,0.9970463747448555,1.7939061279272401
15.5,2000,0.005,0.001,True,0.9970558145651653,1.7265970872813945
15.5,2000,0.005,0.001,False,0.9970463747448555,1.7939061279272401
15.5,2000,0.005,0.01,True,0.9970558145651653,1.7265970872813945
15.5,2000,0.005,0.01,False,0.9970463747448555,1.7939061279272401
15.5,2000,0.005,0.1,True,0.9970558145651653,1.7265970872813945
15.5,2000,0.005,0.1,False,0.9970463747448555,1.7939061279272401
15.5,2000,0.006,0.0001,True,0.9965205793636721,1.6616919409443263
15.5,2000,0.006,0.0001,False,0.9965092534165846,1.7626555019130983
15.5,2000,0.006,0.001,True,0.9965205793636721,1.6616919409443263
15.5,2000,0.006,0.001,False,0.9965092534165846,1.7626555019130983
15.5,2000,0.006,0.01,True,0.9965205793636721,1.6616919409443263
15.5,2000,0.006,0.01,False,0.9965092534165846,1.7626555019130983
15.5,2000,0.006,0.1,True,0.9965205793636721,1.6616919409443263
15.5,2000,0.006,0.1,False,0.9965092534165846,1.7626555019130983
15.5,2000,0.007,0.0001,True,0.9959854289852327,3.6280774855265534
15.5,2000,0.007,0.0001,False,0.9959722175249306,6.053606843085795
15.5,2000,0.007,0.001,True,0.9959854289852327,3.6280774855265534
15.5,2000,0.007,0.001,False,0.9959722175249306,6.053606843085795
15.5,2000,0.007,0.01,True,0.9959854289852327,3.6280774855265534
15.5,2000,0.007,0.01,False,0.9959722175249306,6.053606843085795
15.5,2000,0.007,0.1,True,0.9959854289852327,3.6280774855265534
15.5,2000,0.007,0.1,False,0.9959722175249306,6.053606843085795
15.5,2000,0.008,0.0001,True,0.9954503634772641,4.366073038322078
15.5,2000,0.008,0.0001,False,0.9954352671177733,9.104148720927903
15.5,2000,0.008,0.001,True,0.9954503634772641,4.366073038322078
15.5,2000,0.008,0.001,False,0.9954352671177733,9.104148720927903
15.5,2000,0.008,0.01,True,0.9954503634772641,4.366073038322078
15.5,2000,0.008,0.01,False,0.9954352671177733,9.104148720927903
15.5,2000,0.008,0.1,True,0.9954503634772641,4.366073038322078
15.5,2000,0.008,0.1,False,0.9954352671177733,9.104148720927903
15.5,2000,0.009000000000000001,0.0001,True,0.9949153828872351,3.8035617700675033
15.5,2000,0.009000000000000001,0.0001,False,0.994898402243123,9.356557623349822
15.5,2000,0.009000000000000001,0.001,True,0.9949153828872351,3.8035617700675033
15.5,2000,0.009000000000000001,0.001,False,0.994898402243123,9.356557623349822
15.5,2000,0.009000000000000001,0.01,True,0.9949153828872351,3.8035617700675033
15.5,2000,0.009000000000000001,0.01,False,0.994898402243123,9.356557623349822
15.5,2000,0.009000000000000001,0.1,True,0.9949153828872351,3.8035617700675033
15.5,2000,0.009000000000000001,0.1,False,0.994898402243123,9.356557623349822
15.5,2000,0.01,0.0001,True,0.9943804872625491,5.6665798593721775
15.5,2000,0.01,0.0001,False,0.9943616229488763,8.267593501472383
15.5,2000,0.01,0.001,True,0.9943804872625491,5.6665798593721775
15.5,2000,0.01,0.001,False,0.9943616229488763,8.267593501472383
15.5,2000,0.01,0.01,True,0.9943804872625491,5.6665798593721775
15.5,2000,0.01,0.01,False,0.9943616229488763,8.267593501472383
15.5,2000,0.01,0.1,True,0.9943804872625491,5.6665798593721775
15.5,2000,0.01,0.1,False,0.9943616229488763,8.267593501472383
15.5,2000,0.01,0.0001,True,0.9943804872625491,5.6665798593721775
15.5,2000,0.01,0.0001,False,0.9943616229488763,8.267593501472383
15.5,2000,0.01,0.001,True,0.9943804872625491,5.6665798593721775
15.5,2000,0.01,0.001,False,0.9943616229488763,8.267593501472383
15.5,2000,0.01,0.01,True,0.9943804872625491,5.6665798593721775
15.5,2000,0.01,0.01,False,0.9943616229488763,8.267593501472383
15.5,2000,0.01,0.1,True,0.9943804872625491,5.6665798593721775
15.5,2000,0.01,0.1,False,0.9943616229488763,8.267593501472383
15.5,2000,0.02,0.0001,True,2.997346746566614,3.849235761934331
15.5,2000,0.02,0.0001,False,18.025033651548434,5.34926581061319
15.5,2000,0.02,0.001,True,2.997346746566614,3.849235761934331
15.5,2000,0.02,0.001,False,18.025033651548434,5.34926581061319
15.5,2000,0.02,0.01,True,2.997346746566614,3.849235761934331
15.5,2000,0.02,0.01,False,18.025033651548434,5.34926581061319
15.5,2000,0.02,0.1,True,2.997346746566614,3.849235761934331
15.5,2000,0.02,0.1,False,18.025033651548434,5.34926581061319
15.5,2000,0.03,0.0001,True,18.168513282989366,5.205032152086375
15.5,2000,0.03,0.0001,False,108.82393954951995,19.8134978665438
15.5,2000,0.03,0.001,True,18.168513282989366,5.205032152086375
15.5,2000,0.03,0.001,False,108.82393954951995,19.8134978665438
15.5,2000,0.03,0.01,True,18.168513282989366,5.205032152086375
15.5,2000,0.03,0.01,False,108.82393954951995,19.8134978665438
15.5,2000,0.03,0.1,True,18.168513282989366,5.205032152086375
15.5,2000,0.03,0.1,False,108.82393954951995,19.8134978665438
15.5,2000,0.04,0.0001,True,40.30041011459308,59.25419179070093
15.5,2000,0.04,0.0001,False,217.98501667816092,35.29938500370599
15.5,2000,0.04,0.001,True,40.30041011459308,59.25419179070093
15.5,2000,0.04,0.001,False,217.98501667816092,35.29938500370599
15.5,2000,0.04,0.01,True,40.30041011459308,59.25419179070093
15.5,2000,0.04,0.01,False,217.98501667816092,35.29938500370599
15.5,2000,0.04,0.1,True,40.30041011459308,59.25419179070093
15.5,2000,0.04,0.1,False,217.98501667816092,35.29938500370599
15.5,2000,0.05,0.0001,True,69.53829081790948,46.4101844988882
15.5,2000,0.05,0.0001,False,318.78959675613794,16.337466696047592
15.5,2000,0.05,0.001,True,69.53829081790948,46.4101844988882
15.5,2000,0.05,0.001,False,318.78959675613794,16.337466696047592
15.5,2000,0.05,0.01,True,69.53829081790948,46.4101844988882
15.5,2000,0.05,0.01,False,318.78959675613794,16.337466696047592
15.5,2000,0.05,0.1,True,69.53829081790948,46.4101844988882
15.5,2000,0.05,0.1,False,318.78959675613794,16.337466696047592
15.5,2000,0.06,0.0001,True,107.88726273881716,59.12438149802679
15.5,2000,0.06,0.0001,False,434.72429068666526,22.61163084196398
15.5,2000,0.06,0.001,True,107.88726273881716,59.12438149802679
15.5,2000,0.06,0.001,False,434.72429068666526,22.61163084196398
15.5,2000,0.06,0.01,True,107.88726273881716,59.12438149802679
15.5,2000,0.06,0.01,False,434.72429068666526,22.61163084196398
15.5,2000,0.06,0.1,True,107.88726273881716,59.12438149802679
15.5,2000,0.06,0.1,False,434.72429068666526,22.61163084196398
15.5,2000,0.07,0.0001,True,153.92951332695304,34.81139445902362
15.5,2000,0.07,0.0001,False,567.5586061524128,66.8913640096957
15.5,2000,0.07,0.001,True,153.92951332695304,34.81139445902362
15.5,2000,0.07,0.001,False,567.5586061524128,66.8913640096957
15.5,2000,0.07,0.01,True,153.92951332695304,34.81139445902362
15.5,2000,0.07,0.01,False,567.5586061524128,66.8913640096957
15.5,2000,0.07,0.1,True,153.92951332695304,34.81139445902362
15.5,2000,0.07,0.1,False,567.5586061524128,66.8913640096957
15.5,2000,0.08,0.0001,True,206.2631922339519,33.56858110138424
15.5,2000,0.08,0.0001,False,1000.0,90.0
15.5,2000,0.08,0.001,True,206.2631922339519,33.56858110138424
15.5,2000,0.08,0.001,False,1000.0,90.0
15.5,2000,0.08,0.01,True,206.2631922339519,33.56858110138424
15.5,2000,0.08,0.01,False,1000.0,90.0
15.5,2000,0.08,0.1,True,206.2631922339519,33.56858110138424
15.5,2000,0.08,0.1,False,1000.0,90.0
15.5,2000,0.09,0.0001,True,262.4107093268544,47.99435084837437
15.5,2000,0.09,0.0001,False,1000.0,90.0
15.5,2000,0.09,0.001,True,262.4107093268544,47.99435084837437
15.5,2000,0.09,0.001,False,1000.0,90.0
15.5,2000,0.09,0.01,True,262.4107093268544,47.99435084837437
15.5,2000,0.09,0.01,False,1000.0,90.0
15.5,2000,0.09,0.1,True,262.4107093268544,47.99435084837437
15.5,2000,0.09,0.1,False,1000.0,90.0
15.5,2000,0.1,0.0001,True,321.4081082201086,30.715158556862114
15.5,2000,0.1,0.0001,False,1000.0,90.0
15.5,2000,0.1,0.001,True,321.4081082201086,30.715158556862114
15.5,2000,0.1,0.001,False,1000.0,90.0
15.5,2000,0.1,0.01,True,321.4081082201086,30.715158556862114
15.5,2000,0.1,0.01,False,1000.0,90.0
15.5,2000,0.1,0.1,True,321.4081082201086,30.715158556862114
15.5,2000,0.1,0.1,False,1000.0,90.0
15.5,2000,0.1,0.0001,True,321.4081082201086,30.715158556862114
15.5,2000,0.1,0.0001,False,1000.0,90.0
15.5,2000,0.1,0.001,True,321.4081082201086,30.715158556862114
15.5,2000,0.1,0.001,False,1000.0,90.0
15.5,2000,0.1,0.01,True,321.4081082201086,30.715158556862114
15.5,2000,0.1,0.01,False,1000.0,90.0
15.5,2000,0.1,0.1,True,321.4081082201086,30.715158556862114
15.5,2000,0.1,0.1,False,1000.0,90.0
15.5,2000,0.2,0.0001,True,1000.0,89.99519221138243
15.5,2000,0.2,0.0001,False,1000.0,90.0
15.5,2000,0.2,0.001,True,1000.0,89.99519221138243
15.5,2000,0.2,0.001,False,1000.0,90.0
15.5,2000,0.2,0.01,True,1000.0,89.99519221138243
15.5,2000,0.2,0.01,False,1000.0,90.0
15.5,2000,0.2,0.1,True,1000.0,89.99519221138243
15.5,2000,0.2,0.1,False,1000.0,90.0
15.5,2000,0.30000000000000004,0.0001,True,1000.0,90.0
15.5,2000,0.30000000000000004,0.0001,False,1000.0,90.0
15.5,2000,0.30000000000000004,0.001,True,1000.0,90.0
15.5,2000,0.30000000000000004,0.001,False,1000.0,90.0
15.5,2000,0.30000000000000004,0.01,True,1000.0,90.0
15.5,2000,0.30000000000000004,0.01,False,1000.0,90.0
15.5,2000,0.30000000000000004,0.1,True,1000.0,90.0
15.5,2000,0.30000000000000004,0.1,False,1000.0,90.0
15.5,2000,0.4,0.0001,True,1000.0,90.0
15.5,2000,0.4,0.0001,False,1000.0,90.0
15.5,2000,0.4,0.001,True,1000.0,90.0
15.5,2000,0.4,0.001,False,1000.0,90.0
15.5,2000,0.4,0.01,True,1000.0,90.0
15.5,2000,0.4,0.01,False,1000.0,90.0
15.5,2000,0.4,0.1,True,1000.0,90.0
15.5,2000,0.4,0.1,False,1000.0,90.0
16.0,200,0.001,0.0001,True,0.9986957752937892,6.8901620625413145
16.0,200,0.001,0.0001,False,0.9987345259550647,19.55628117550431
16.0,200,0.001,0.001,True,0.9986957752937892,6.8901620625413145
16.0,200,0.001,0.001,False,0.9987345259550647,19.55628117550431
16.0,200,0.001,0.01,True,0.9986957752937892,6.8901620625413145
16.0,200,0.001,0.01,False,0.9987345259550647,19.55628117550431
16.0,200,0.001,0.1,True,0.9986957752937892,6.8901620625413145
16.0,200,0.001,0.1,False,0.9987345259550647,19.55628117550431
16.0,200,0.002,0.0001,True,0.9982038020716187,3.1713375668583055
16.0,200,0.002,0.0001,False,0.9982813056851629,10.589755403754076
16.0,200,0.002,0.001,True,0.9982038020716187,3.1713375668583055
16.0,200,0.002,0.001,False,0.9982813056851629,10.589755403754076
16.0,200,0.002,0.01,True,0.9982038020716187,3.1713375668583055
16.0,200,0.002,0.01,False,0.9982813056851629,10.589755403754076
16.0,200,0.002,0.1,True,0.9982038020716187,3.1713375668583055
16.0,200,0.002,0.1,False,0.9982813056851629,10.589755403754076
16.0,200,0.003,0.0001,True,0.9977118880428314,2.015064404335021
16.0,200,0.003,0.0001,False,0.9978281468820196,7.4021915503115
16.0,200,0.003,0.001,True,0.9977118880428314,2.015064404335021
16.0,200,0.003,0.001,False,0.9978281468820196,7.4021915503115
16.0,200,0.003,0.01,True,0.9977118880428314,2.015064404335021
16.0,200,0.003,0.01,False,0.9978281468820196,7.4021915503115
16.0,200,0.003,0.1,True,0.9977118880428314,2.015064404335021
16.0,200,0.003,0.1,False,0.9978281468820196,7.4021915503115
16.0,200,0.004,0.0001,True,0.9972200332533789,1.5126504937999528
16.0,200,0.004,0.0001,False,0.9973750495738035,28.818485947234514
16.0,200,0.004,0.001,True,0.9972200332533789,1.5126504937999528
16.0,200,0.004,0.001,False,0.9973750495738035,28.818485947234514
16.0,200,0.004,0.01,True,0.9972200332533789,1.5126504937999528
16.0,200,0.004,0.01,False,0.9973750495738035,28.818485947234514
16.0,200,0.004,0.1,True,0.9972200332533789,1.5126504937999528
16.0,200,0.004,0.1,False,0.9973750495738035,28.818485947234514
16.0,200,0.005,0.0001,True,0.9967282377491717,3.0920090546685586
16.0,200,0.005,0.0001,False,0.9969220137887267,20.4697610128408
16.0,200,0.005,0.001,True,0.9967282377491717,3.0920090546685586
16.0,200,0.005,0.001,False,0.9969220137887267,20.4697610128408
16.0,200,0.005,0.01,True,0.9967282377491717,3.0920090546685586
16.0,200,0.005,0.01,False,0.9969220137887267,20.4697610128408
16.0,200,0.005,0.1,True,0.9967282377491717,3.0920090546685586
16.0,200,0.005,0.1,False,0.9969220137887267,20.4697610128408
16.0,200,0.006,0.0001,True,0.9962365015761525,3.0583545343456393
16.0,200,0.006,0.0001,False,0.9964690395549755,15.854283939982771
16.0,200,0.006,0.001,True,0.9962365015761525,3.0583545343456393
16.0,200,0.006,0.001,False,0.9964690395549755,15.854283939982771
16.0,200,0.006,0.01,True,0.9962365015761525,3.0583545343456393
16.0,200,0.006,0.01,False,0.9964690395549755,15.854283939982771
16.0,200,0.006,0.1,True,0.9962365015761525,3.0583545343456393
16.0,200,0.006,0.1,False,0.9964690395549755,15.854283939982771
16.0,200,0.007,0.0001,True,0.9957448247802431,4.861275265930807
16.0,200,0.007,0.0001,False,0.9960161269007975,13.695586850698128
16.0,200,0.007,0.001,True,0.9957448247802431,4.861275265930807
16.0,200,0.007,0.001,False,0.9960161269007975,13.695586850698128
16.0,200,0.007,0.01,True,0.9957448247802431,4.861275265930807
16.0,200,0.007,0.01,False,0.9960161269007975,13.695586850698128
16.0,200,0.007,0.1,True,0.9957448247802431,4.861275265930807
16.0,200,0.007,0.1,False,0.9960161269007975,13.695586850698128
16.0,200,0.008,0.0001,True,0.9952532074073744,10.851779883411126
16.0,200,0.008,0.0001,False,1.2258592274555227,11.366213265490089
16.0,200,0.008,0.001,True,0.9952532074073744,10.851779883411126
16.0,200,0.008,0.001,False,1.2258592274555227,11.366213265490089
16.0,200,0.008,0.01,True,0.9952532074073744,10.851779883411126
16.0,200,0.008,0.01,False,1.2258592274555227,11.366213265490089
16.0,200,0.008,0.1,True,0.9952532074073744,10.851779883411126
16.0,200,0.008,0.1,False,1.2258592274555227,11.366213265490089
16.0,200,0.009000000000000001,0.0001,True,0.9947616495035354,13.101824956429411
16.0,200,0.009000000000000001,0.0001,False,1.4360182847588472,12.308539834531942
16.0,200,0.009000000000000001,0.001,True,0.9947616495035354,13.101824956429411
16.0,200,0.009000000000000001,0.001,False,1.4360182847588472,12.308539834531942
16.0,200,0.009000000000000001,0.01,True,0.9947616495035354,13.101824956429411
16.0,200,0.009000000000000001,0.01,False,1.4360182847588472,12.308539834531942
16.0,200,0.009000000000000001,0.1,True,0.9947616495035354,13.101824956429411
16.0,200,0.009000000000000001,0.1,False,1.4360182847588472,12.308539834531942
16.0,200,0.01,0.0001,True,0.9942701511146401,11.6931428914842
16.0,200,0.01,0.0001,False,2.0643271650502144,11.940744005288565
16.0,200,0.01,0.001,True,0.9942701511146401,11.6931428914842
16.0,200,0.01,0.001,False,2.0643271650502144,11.940744005288565
16.0,200,0.01,0.01,True,0.9942701511146401,11.6931428914842
16.0,200,0.01,0.01,False,2.0643271650502144,11.940744005288565
16.0,200,0.01,0.1,True,0.9942701511146401,11.6931428914842
16.0,200,0.01,0.1,False,2.0643271650502144,11.940744005288565
16.0,200,0.01,0.0001,True,0.9942701511146401,11.6931428914842
16.0,200,0.01,0.0001,False,2.0643271650502144,11.940744005288565
16.0,200,0.01,0.001,True,0.9942701511146401,11.6931428914842
16.0,200,0.01,0.001,False,2.0643271650502144,11.940744005288565
16.0,200,0.01,0.01,True,0.9942701511146401,11.6931428914842
16.0,200,0.01,0.01,False,2.0643271650502144,11.940744005288565
16.0,200,0.01,0.1,True,0.9942701511146401,11.6931428914842
16.0,200,0.01,0.1,False,2.0643271650502144,11.940744005288565
16.0,200,0.02,0.0001,True,5.575525185141117,32.01806927222099
16.0,200,0.02,0.0001,False,1000.0,90.0
16.0,200,0.02,0.001,True,5.575525185141117,32.01806927222099
16.0,200,0.02,0.001,False,1000.0,90.0
16.0,200,0.02,0.01,True,5.575525185141117,32.01806927222099
16.0,200,0.02,0.01,False,1000.0,90.0
16.0,200,0.02,0.1,True,5.575525185141117,32.01806927222099
16.0,200,0.02,0.1,False,1000.0,90.0
16.0,200,0.03,0.0001,True,228.8279130674796,20.94573208597928
16.0,200,0.03,0.0001,False,1000.0,90.0
16.0,200,0.03,0.001,True,228.8279130674796,20.94573208597928
16.0,200,0.03,0.001,False,1000.0,90.0
16.0,200,0.03,0.01,True,228.8279130674796,20.94573208597928
16.0,200,0.03,0.01,False,1000.0,90.0
16.0,200,0.03,0.1,True,228.8279130674796,20.94573208597928
16.0,200,0.03,0.1,False,1000.0,90.0
16.0,200,0.04,0.0001,True,1000.0,90.0
16.0,200,0.04,0.0001,False,1000.0,90.0
16.0,200,0.04,0.001,True,1000.0,90.0
16.0,200,0.04,0.001,False,1000.0,90.0
16.0,200,0.04,0.01,True,1000.0,90.0
16.0,200,0.04,0.01,False,1000.0,90.0
16.0,200,0.04,0.1,True,1000.0,90.0
16.0,200,0.04,0.1,False,1000.0,90.0
16.0,200,0.05,0.0001,True,1000.0,90.0
16.0,200,0.05,0.0001,False,1000.0,90.0
16.0,200,0.05,0.001,True,1000.0,90.0
16.0,200,0.05,0.001,False,1000.0,90.0
16.0,200,0.05,0.01,True,1000.0,90.0
16.0,200,0.05,0.01,False,1000.0,90.0
16.0,200,0.05,0.1,True,1000.0,90.0
16.0,200,0.05,0.1,False,1000.0,90.0
16.0,200,0.06,0.0001,True,1000.0,90.0
16.0,200,0.06,0.0001,False,1000.0,90.0
16.0,200,0.06,0.001,True,1000.0,90.0
16.0,200,0.06,0.001,False,1000.0,90.0
16.0,200,0.06,0.01,True,1000.0,90.0
16.0,200,0.06,0.01,False,1000.0,90.0
16.0,200,0.06,0.1,True,1000.0,90.0
16.0,200,0.06,0.1,False,1000.0,90.0
16.0,200,0.07,0.0001,True,1000.0,90.0
16.0,200,0.07,0.0001,False,1000.0,90.0
16.0,200,0.07,0.001,True,1000.0,90.0
16.0,200,0.07,0.001,False,1000.0,90.0
16.0,200,0.07,0.01,True,1000.0,90.0
16.0,200,0.07,0.01,False,1000.0,90.0
16.0,200,0.07,0.1,True,1000.0,90.0
16.0,200,0.07,0.1,False,1000.0,90.0
16.0,200,0.08,0.0001,True,1000.0,90.0
16.0,200,0.08,0.0001,False,1000.0,90.0
16.0,200,0.08,0.001,True,1000.0,90.0
16.0,200,0.08,0.001,False,1000.0,90.0
16.0,200,0.08,0.01,True,1000.0,90.0
16.0,200,0.08,0.01,False,1000.0,90.0
16.0,200,0.08,0.1,True,1000.0,90.0
16.0,200,0.08,0.1,False,1000.0,90.0
16.0,200,0.09,0.0001,True,1000.0,90.0
16.0,200,0.09,0.0001,False,1000.0,90.0
16.0,200,0.09,0.001,True,1000.0,90.0
16.0,200,0.09,0.001,False,1000.0,90.0
16.0,200,0.09,0.01,True,1000.0,90.0
16.0,200,0.09,0.01,False,1000.0,90.0
16.0,200,0.09,0.1,True,1000.0,90.0
16.0,200,0.09,0.1,False,1000.0,90.0
16.0,200,0.1,0.0001,True,1000.0,90.0
16.0,200,0.1,0.0001,False,1000.0,90.0
16.0,200,0.1,0.001,True,1000.0,90.0
16.0,200,0.1,0.001,False,1000.0,90.0
16.0,200,0.1,0.01,True,1000.0,90.0
16.0,200,0.1,0.01,False,1000.0,90.0
16.0,200,0.1,0.1,True,1000.0,90.0
16.0,200,0.1,0.1,False,1000.0,90.0
16.0,200,0.1,0.0001,True,1000.0,90.0
16.0,200,0.1,0.0001,False,1000.0,90.0
16.0,200,0.1,0.001,True,1000.0,90.0
16.0,200,0.1,0.001,False,1000.0,90.0
16.0,200,0.1,0.01,True,1000.0,90.0
16.0,200,0.1,0.01,False,1000.0,90.0
16.0,200,0.1,0.1,True,1000.0,90.0
16.0,200,0.1,0.1,False,1000.0,90.0
16.0,200,0.2,0.0001,True,1000.0,90.0
16.0,200,0.2,0.0001,False,1000.0,90.0
16.0,200,0.2,0.001,True,1000.0,90.0
16.0,200,0.2,0.001,False,1000.0,90.0
16.0,200,0.2,0.01,True,1000.0,90.0
16.0,200,0.2,0.01,False,1000.0,90.0
16.0,200,0.2,0.1,True,1000.0,90.0
16.0,200,0.2,0.1,False,1000.0,90.0
16.0,200,0.30000000000000004,0.0001,True,1000.0,90.0
16.0,200,0.30000000000000004,0.0001,False,1000.0,90.0
16.0,200,0.30000000000000004,0.001,True,1000.0,90.0
16.0,200,0.30000000000000004,0.001,False,1000.0,90.0
16.0,200,0.30000000000000004,0.01,True,1000.0,90.0
16.0,200,0.30000000000000004,0.01,False,1000.0,90.0
16.0,200,0.30000000000000004,0.1,True,1000.0,90.0
16.0,200,0.30000000000000004,0.1,False,1000.0,90.0
16.0,200,0.4,0.0001,True,1000.0,90.0
16.0,200,0.4,0.0001,False,1000.0,90.0
16.0,200,0.4,0.001,True,1000.0,90.0
16.0,200,0.4,0.001,False,1000.0,90.0
16.0,200,0.4,0.01,True,1000.0,90.0
16.0,200,0.4,0.01,False,1000.0,90.0
16.0,200,0.4,0.1,True,1000.0,90.0
16.0,200,0.4,0.1,False,1000.0,90.0
16.0,400,0.001,0.0001,True,0.9987872520068487,6.3637092089184435
16.0,400,0.001,0.0001,False,0.9986993464415406,7.801238005569019
16.0,400,0.001,0.001,True,0.9987872520068487,6.3637092089184435
16.0,400,0.001,0.001,False,0.9986993464415406,7.801238005569019
16.0,400,0.001,0.01,True,0.9987872520068487,6.3637092089184435
16.0,400,0.001,0.01,False,0.9986993464415406,7.801238005569019
16.0,400,0.001,0.1,True,0.9987872520068487,6.3637092089184435
16.0,400,0.001,0.1,False,0.9986993464415406,7.801238005569019
16.0,400,0.002,0.0001,True,0.9983867418558278,3.0511428514193
16.0,400,0.002,0.0001,False,0.9982109499386557,3.769907249744584
16.0,400,0.002,0.001,True,0.9983867418558278,3.0511428514193
16.0,400,0.002,0.001,False,0.9982109499386557,3.769907249744584
16.0,400,0.002,0.01,True,0.9983867418558278,3.0511428514193
16.0,400,0.002,0.01,False,0.9982109499386557,3.769907249744584
16.0,400,0.002,0.1,True,0.9983867418558278,3.0511428514193
16.0,400,0.002,0.1,False,0.9982109499386557,3.769907249744584
16.0,400,0.003,0.0001,True,0.9979862772313415,1.9910254612472187
16.0,400,0.003,0.0001,False,0.9977226181948772,2.5847873555159353
16.0,400,0.003,0.001,True,0.9979862772313415,1.9910254612472187
16.0,400,0.003,0.001,False,0.9977226181948772,2.5847873555159353
16.0,400,0.003,0.01,True,0.9979862772313415,1.9910254612472187
16.0,400,0.003,0.01,False,0.9977226181948772,2.5847873555159353
16.0,400,0.003,0.1,True,0.9979862772313415,1.9910254612472187
16.0,400,0.003,0.1,False,0.9977226181948772,2.5847873555159353
16.0,400,0.004,0.0001,True,0.9975858581542815,1.4934193393297122
16.0,400,0.004,0.0001,False,0.9972343512504037,1.9934293555559996
16.0,400,0.004,0.001,True,0.9975858581542815,1.4934193393297122
16.0,400,0.004,0.001,False,0.9972343512504037,1.9934293555559996
16.0,400,0.004,0.01,True,0.9975858581542815,1.4934193393297122
16.0,400,0.004,0.01,False,0.9972343512504037,1.9934293555559996
16.0,400,0.004,0.1,True,0.9975858581542815,1.4934193393297122
16.0,400,0.004,0.1,False,0.9972343512504037,1.9934293555559996
16.0,400,0.005,0.0001,True,0.9971854846455727,2.906909192892485
16.0,400,0.005,0.0001,False,0.996746149145261,1.8636190628818667
16.0,400,0.005,0.001,True,0.9971854846455727,2.906909192892485
16.0,400,0.005,0.001,False,0.996746149145261,1.8636190628818667
16.0,400,0.005,0.01,True,0.9971854846455727,2.906909192892485
16.0,400,0.005,0.01,False,0.996746149145261,1.8636190628818667
16.0,400,0.005,0.1,True,0.9971854846455727,2.906909192892485
16.0,400,0.005,0.1,False,0.996746149145261,1.8636190628818667
16.0,400,0.006,0.0001,True,0.9967851567261035,2.971814339229546
16.0,400,0.006,0.0001,False,0.9962580119196576,1.4333219816102059
16.0,400,0.006,0.001,True,0.9967851567261035,2.971814339229546
16.0,400,0.006,0.001,False,0.9962580119196576,1.4333219816102059
16.0,400,0.006,0.01,True,0.9967851567261035,2.971814339229546
16.0,400,0.006,0.01,False,0.9962580119196576,1.4333219816102059
16.0,400,0.006,0.1,True,0.9967851567261035,2.971814339229546
16.0,400,0.006,0.1,False,0.9962580119196576,1.4333219816102059
16.0,400,0.007,0.0001,True,0.996384874416849,10.883030509425268
16.0,400,0.007,0.0001,False,0.9957699396136825,5.8901420300887395
16.0,400,0.007,0.001,True,0.996384874416849,10.883030509425268
16.0,400,0.007,0.001,False,0.9957699396136825,5.8901420300887395
16.0,400,0.007,0.01,True,0.996384874416849,10.883030509425268
16.0,400,0.007,0.01,False,0.9957699396136825,5.8901420300887395
16.0,400,0.007,0.1,True,0.996384874416849,10.883030509425268
16.0,400,0.007,0.1,False,0.9957699396136825,5.8901420300887395
16.0,400,0.008,0.0001,True,0.9959846377386694,8.959915062401087
16.0,400,0.008,0.0001,False,0.9952819322674987,5.2939762415112455
16.0,400,0.008,0.001,True,0.9959846377386694,8.959915062401087
16.0,400,0.008,0.001,False,0.9952819322674987,5.2939762415112455
16.0,400,0.008,0.01,True,0.9959846377386694,8.959915062401087
16.0,400,0.008,0.01,False,0.9952819322674987,5.2939762415112455
16.0,400,0.008,0.1,True,0.9959846377386694,8.959915062401087
16.0,400,0.008,0.1,False,0.9952819322674987,5.2939762415112455
16.0,400,0.009000000000000001,0.0001,True,0.995584446712513,9.611370420080526
16.0,400,0.009000000000000001,0.0001,False,0.9947939899212401,6.976702257657401
16.0,400,0.009000000000000001,0.001,True,0.995584446712513,9.611370420080526
16.0,400,0.009000000000000001,0.001,False,0.9947939899212401,6.976702257657401
16.0,400,0.009000000000000001,0.01,True,0.995584446712513,9.611370420080526
16.0,400,0.009000000000000001,0.01,False,0.9947939899212401,6.976702257657401
16.0,400,0.009000000000000001,0.1,True,0.995584446712513,9.611370420080526
16.0,400,0.009000000000000001,0.1,False,0.9947939899212401,6.976702257657401
16.0,400,0.01,0.0001,True,0.9951843013593136,13.065766541797707
16.0,400,0.01,0.0001,False,0.99430611261505,11.690738997175423
16.0,400,0.01,0.001,True,0.9951843013593136,13.065766541797707
16.0,400,0.01,0.001,False,0.99430611261505,11.690738997175423
16.0,400,0.01,0.01,True,0.9951843013593136,13.065766541797707
16.0,400,0.01,0.01,False,0.99430611261505,11.690738997175423
16.0,400,0.01,0.1,True,0.9951843013593136,13.065766541797707
16.0,400,0.01,0.1,False,0.99430611261505,11.690738997175423
16.0,400,0.01,0.0001,True,0.9951843013593136,13.065766541797707
16.0,400,0.01,0.0001,False,0.99430611261505,11.690738997175423
16.0,400,0.01,0.001,True,0.9951843013593136,13.065766541797707
16.0,400,0.01,0.001,False,0.99430611261505,11.690738997175423
16.0,400,0.01,0.01,True,0.9951843013593136,13.065766541797707
16.0,400,0.01,0.01,False,0.99430611261505,11.690738997175423
16.0,400,0.01,0.1,True,0.9951843013593136,13.065766541797707
16.0,400,0.01,0.1,False,0.99430611261505,11.690738997175423
16.0,400,0.02,0.0001,True,1000.0,90.0
16.0,400,0.02,0.0001,False,1000.0,90.0
16.0,400,0.02,0.001,True,1000.0,90.0
16.0,400,0.02,0.001,False,1000.0,90.0
16.0,400,0.02,0.01,True,1000.0,90.0
16.0,400,0.02,0.01,False,1000.0,90.0
16.0,400,0.02,0.1,True,1000.0,90.0
16.0,400,0.02,0.1,False,1000.0,90.0
16.0,400,0.03,0.0001,True,1000.0,90.0
16.0,400,0.03,0.0001,False,1000.0,90.0
16.0,400,0.03,0.001,True,1000.0,90.0
16.0,400,0.03,0.001,False,1000.0,90.0
16.0,400,0.03,0.01,True,1000.0,90.0
16.0,400,0.03,0.01,False,1000.0,90.0
16.0,400,0.03,0.1,True,1000.0,90.0
16.0,400,0.03,0.1,False,1000.0,90.0
16.0,400,0.04,0.0001,True,1000.0,90.0
16.0,400,0.04,0.0001,False,1000.0,90.0
16.0,400,0.04,0.001,True,1000.0,90.0
16.0,400,0.04,0.001,False,1000.0,90.0
16.0,400,0.04,0.01,True,1000.0,90.0
16.0,400,0.04,0.01,False,1000.0,90.0
16.0,400,0.04,0.1,True,1000.0,90.0
16.0,400,0.04,0.1,False,1000.0,90.0
16.0,400,0.05,0.0001,True,1000.0,90.0
16.0,400,0.05,0.0001,False,1000.0,90.0
16.0,400,0.05,0.001,True,1000.0,90.0
16.0,400,0.05,0.001,False,1000.0,90.0
16.0,400,0.05,0.01,True,1000.0,90.0
16.0,400,0.05,0.01,False,1000.0,90.0
16.0,400,0.05,0.1,True,1000.0,90.0
16.0,400,0.05,0.1,False,1000.0,90.0
16.0,400,0.06,0.0001,True,1000.0,90.0
16.0,400,0.06,0.0001,False,1000.0,90.0
16.0,400,0.06,0.001,True,1000.0,90.0
16.0,400,0.06,0.001,False,1000.0,90.0
16.0,400,0.06,0.01,True,1000.0,90.0
16.0,400,0.06,0.01,False,1000.0,90.0
16.0,400,0.06,0.1,True,1000.0,90.0
16.0,400,0.06,0.1,False,1000.0,90.0
16.0,400,0.07,0.0001,True,1000.0,90.0
16.0,400,0.07,0.0001,False,1000.0,90.0
16.0,400,0.07,0.001,True,1000.0,90.0
16.0,400,0.07,0.001,False,1000.0,90.0
16.0,400,0.07,0.01,True,1000.0,90.0
16.0,400,0.07,0.01,False,1000.0,90.0
16.0,400,0.07,0.1,True,1000.0,90.0
16.0,400,0.07,0.1,False,1000.0,90.0
16.0,400,0.08,0.0001,True,1000.0,90.0
16.0,400,0.08,0.0001,False,1000.0,90.0
16.0,400,0.08,0.001,True,1000.0,90.0
16.0,400,0.08,0.001,False,1000.0,90.0
16.0,400,0.08,0.01,True,1000.0,90.0
16.0,400,0.08,0.01,False,1000.0,90.0
16.0,400,0.08,0.1,True,1000.0,90.0
16.0,400,0.08,0.1,False,1000.0,90.0
16.0,400,0.09,0.0001,True,1000.0,90.0
16.0,400,0.09,0.0001,False,1000.0,90.0
16.0,400,0.09,0.001,True,1000.0,90.0
16.0,400,0.09,0.001,False,1000.0,90.0
16.0,400,0.09,0.01,True,1000.0,90.0
16.0,400,0.09,0.01,False,1000.0,90.0
16.0,400,0.09,0.1,True,1000.0,90.0
16.0,400,0.09,0.1,False,1000.0,90.0
16.0,400,0.1,0.0001,True,1000.0,90.0
16.0,400,0.1,0.0001,False,1000.0,90.0
16.0,400,0.1,0.001,True,1000.0,90.0
16.0,400,0.1,0.001,False,1000.0,90.0
16.0,400,0.1,0.01,True,1000.0,90.0
16.0,400,0.1,0.01,False,1000.0,90.0
16.0,400,0.1,0.1,True,1000.0,90.0
16.0,400,0.1,0.1,False,1000.0,90.0
16.0,400,0.1,0.0001,True,1000.0,90.0
16.0,400,0.1,0.0001,False,1000.0,90.0
16.0,400,0.1,0.001,True,1000.0,90.0
16.0,400,0.1,0.001,False,1000.0,90.0
16.0,400,0.1,0.01,True,1000.0,90.0
16.0,400,0.1,0.01,False,1000.0,90.0
16.0,400,0.1,0.1,True,1000.0,90.0
16.0,400,0.1,0.1,False,1000.0,90.0
16.0,400,0.2,0.0001,True,1000.0,90.0
16.0,400,0.2,0.0001,False,1000.0,90.0
16.0,400,0.2,0.001,True,1000.0,90.0
16.0,400,0.2,0.001,False,1000.0,90.0
16.0,400,0.2,0.01,True,1000.0,90.0
16.0,400,0.2,0.01,False,1000.0,90.0
16.0,400,0.2,0.1,True,1000.0,90.0
16.0,400,0.2,0.1,False,1000.0,90.0
16.0,400,0.30000000000000004,0.0001,True,1000.0,90.0
16.0,400,0.30000000000000004,0.0001,False,1000.0,90.0
16.0,400,0.30000000000000004,0.001,True,1000.0,90.0
16.0,400,0.30000000000000004,0.001,False,1000.0,90.0
16.0,400,0.30000000000000004,0.01,True,1000.0,90.0
16.0,400,0.30000000000000004,0.01,False,1000.0,90.0
16.0,400,0.30000000000000004,0.1,True,1000.0,90.0
16.0,400,0.30000000000000004,0.1,False,1000.0,90.0
16.0,400,0.4,0.0001,True,1000.0,90.0
16.0,400,0.4,0.0001,False,1000.0,90.0
16.0,400,0.4,0.001,True,1000.0,90.0
16.0,400,0.4,0.001,False,1000.0,90.0
16.0,400,0.4,0.01,True,1000.0,90.0
16.0,400,0.4,0.01,False,1000.0,90.0
16.0,400,0.4,0.1,True,1000.0,90.0
16.0,400,0.4,0.1,False,1000.0,90.0
16.0,600,0.001,0.0001,True,0.998450533648344,5.736292794326808
16.0,600,0.001,0.0001,False,0.9985968381861214,7.580079729161241
16.0,600,0.001,0.001,True,0.998450533648344,5.736292794326808
16.0,600,0.001,0.001,False,0.9985968381861214,7.580079729161241
16.0,600,0.001,0.01,True,0.998450533648344,5.736292794326808
16.0,600,0.001,0.01,False,0.9985968381861214,7.580079729161241
16.0,600,0.001,0.1,True,0.998450533648344,5.736292794326808
16.0,600,0.001,0.1,False,0.9985968381861214,7.580079729161241
16.0,600,0.002,0.0001,True,0.9977134014223513,2.7987339489973735
16.0,600,0.002,0.0001,False,0.9980059594411654,3.7675033554358066
16.0,600,0.002,0.001,True,0.9977134014223513,2.7987339489973735
16.0,600,0.002,0.001,False,0.9980059594411654,3.7675033554358066
16.0,600,0.002,0.01,True,0.9977134014223513,2.7987339489973735
16.0,600,0.002,0.01,False,0.9980059594411654,3.7675033554358066
16.0,600,0.002,0.1,True,0.9977134014223513,2.7987339489973735
16.0,600,0.002,0.1,False,0.9980059594411654,3.7675033554358066
16.0,600,0.003,0.0001,True,0.9969764111298656,1.8948696888960086
16.0,600,0.003,0.0001,False,0.9974151715031955,2.6112301929125152
16.0,600,0.003,0.001,True,0.9969764111298656,1.8948696888960086
16.0,600,0.003,0.001,False,0.9974151715031955,2.6112301929125152
16.0,600,0.003,0.01,True,0.9969764111298656,1.8948696888960086
16.0,600,0.003,0.01,False,0.9974151715031955,2.6112301929125152
16.0,600,0.003,0.1,True,0.9969764111298656,1.8948696888960086
16.0,600,0.003,0.1,False,0.9974151715031955,2.6112301929125152
16.0,600,0.004,0.0001,True,0.9962395629152784,1.4237064043750856
16.0,600,0.004,0.0001,False,0.9968244744468616,1.9886215669384377
16.0,600,0.004,0.001,True,0.9962395629152784,1.4237064043750856
16.0,600,0.004,0.001,False,0.9968244744468616,1.9886215669384377
16.0,600,0.004,0.01,True,0.9962395629152784,1.4237064043750856
16.0,600,0.004,0.01,False,0.9968244744468616,1.9886215669384377
16.0,600,0.004,0.1,True,0.9962395629152784,1.4237064043750856
16.0,600,0.004,0.1,False,0.9968244744468616,1.9886215669384377
16.0,600,0.005,0.0001,True,0.9955028569230057,1.3011077946272955
16.0,600,0.005,0.0001,False,0.9962338683468085,1.8323684368677249
16.0,600,0.005,0.001,True,0.9955028569230057,1.3011077946272955
16.0,600,0.005,0.001,False,0.9962338683468085,1.8323684368677249
16.0,600,0.005,0.01,True,0.9955028569230057,1.3011077946272955
16.0,600,0.005,0.01,False,0.9962338683468085,1.8323684368677249
16.0,600,0.005,0.1,True,0.9955028569230057,1.3011077946272955
16.0,600,0.005,0.1,False,0.9962338683468085,1.8323684368677249
16.0,600,0.006,0.0001,True,0.9947662932975203,1.2049520222760854
16.0,600,0.006,0.0001,False,0.9956433532776796,1.394859672669721
16.0,600,0.006,0.001,True,0.9947662932975203,1.2049520222760854
16.0,600,0.006,0.001,False,0.9956433532776796,1.394859672669721
16.0,600,0.006,0.01,True,0.9947662932975203,1.2049520222760854
16.0,600,0.006,0.01,False,0.9956433532776796,1.394859672669721
16.0,600,0.006,0.1,True,0.9947662932975203,1.2049520222760854
16.0,600,0.006,0.1,False,0.9956433532776796,1.394859672669721
16.0,600,0.007,0.0001,True,0.9940298721833105,0.8347522987239309
16.0,600,0.007,0.0001,False,0.9950529293141605,1.3347623149502184
16.0,600,0.007,0.001,True,0.9940298721833105,0.8347522987239309
16.0,600,0.007,0.001,False,0.9950529293141605,1.3347623149502184
16.0,600,0.007,0.01,True,0.9940298721833105,0.8347522987239309
16.0,600,0.007,0.01,False,0.9950529293141605,1.3347623149502184
16.0,600,0.007,0.1,True,0.9940298721833105,0.8347522987239309
16.0,600,0.007,0.1,False,0.9950529293141605,1.3347623149502184
16.0,600,0.008,0.0001,True,0.993293593724833,0.803501672709789
16.0,600,0.008,0.0001,False,0.9944625965309007,5.98629780243995
16.0,600,0.008,0.001,True,0.993293593724833,0.803501672709789
16.0,600,0.008,0.001,False,0.9944625965309007,5.98629780243995
16.0,600,0.008,0.01,True,0.993293593724833,0.803501672709789
16.0,600,0.008,0.01,False,0.9944625965309007,5.98629780243995
16.0,600,0.008,0.1,True,0.993293593724833,0.803501672709789
16.0,600,0.008,0.1,False,0.9944625965309007,5.98629780243995
16.0,600,0.009000000000000001,0.0001,True,0.9925574580666662,2.015064404335021
16.0,600,0.009000000000000001,0.0001,False,0.9938723550026389,15.092249444099437
16.0,600,0.009000000000000001,0.001,True,0.9925574580666662,2.015064404335021
16.0,600,0.009000000000000001,0.001,False,0.9938723550026389,15.092249444099437
16.0,600,0.009000000000000001,0.01,True,0.9925574580666662,2.015064404335021
16.0,600,0.009000000000000001,0.01,False,0.9938723550026389,15.092249444099437
16.0,600,0.009000000000000001,0.1,True,0.9925574580666662,2.015064404335021
16.0,600,0.009000000000000001,0.1,False,0.9938723550026389,15.092249444099437
16.0,600,0.01,0.0001,True,0.9918214653533105,2.082373444980867
16.0,600,0.01,0.0001,False,0.9932822048040296,20.534666159177867
16.0,600,0.01,0.001,True,0.9918214653533105,2.082373444980867
16.0,600,0.01,0.001,False,0.9932822048040296,20.534666159177867
16.0,600,0.01,0.01,True,0.9918214653533105,2.082373444980867
16.0,600,0.01,0.01,False,0.9932822048040296,20.534666159177867
16.0,600,0.01,0.1,True,0.9918214653533105,2.082373444980867
16.0,600,0.01,0.1,False,0.9932822048040296,20.534666159177867
16.0,600,0.01,0.0001,True,0.9918214653533105,2.082373444980867
16.0,600,0.01,0.0001,False,0.9932822048040296,20.534666159177867
16.0,600,0.01,0.001,True,0.9918214653533105,2.082373444980867
16.0,600,0.01,0.001,False,0.9932822048040296,20.534666159177867
16.0,600,0.01,0.01,True,0.9918214653533105,2.082373444980867
16.0,600,0.01,0.01,False,0.9932822048040296,20.534666159177867
16.0,600,0.01,0.1,True,0.9918214653533105,2.082373444980867
16.0,600,0.01,0.1,False,0.9932822048040296,20.534666159177867
16.0,600,0.02,0.0001,True,0.984469432005845,2.8468118351729785
16.0,600,0.02,0.0001,False,1000.0,90.0
16.0,600,0.02,0.001,True,0.984469432005845,2.8468118351729785
16.0,600,0.02,0.001,False,1000.0,90.0
16.0,600,0.02,0.01,True,0.984469432005845,2.8468118351729785
16.0,600,0.02,0.01,False,1000.0,90.0
16.0,600,0.02,0.1,True,0.984469432005845,2.8468118351729785
16.0,600,0.02,0.1,False,1000.0,90.0
16.0,600,0.03,0.0001,True,2.2688432133763277,2.5391133636491077
16.0,600,0.03,0.0001,False,1000.0,90.0
16.0,600,0.03,0.001,True,2.2688432133763277,2.5391133636491077
16.0,600,0.03,0.001,False,1000.0,90.0
16.0,600,0.03,0.01,True,2.2688432133763277,2.5391133636491077
16.0,600,0.03,0.01,False,1000.0,90.0
16.0,600,0.03,0.1,True,2.2688432133763277,2.5391133636491077
16.0,600,0.03,0.1,False,1000.0,90.0
16.0,600,0.04,0.0001,True,5.942017973972765,2.738636591277867
16.0,600,0.04,0.0001,False,1000.0,90.0
16.0,600,0.04,0.001,True,5.942017973972765,2.738636591277867
16.0,600,0.04,0.001,False,1000.0,90.0
16.0,600,0.04,0.01,True,5.942017973972765,2.738636591277867
16.0,600,0.04,0.01,False,1000.0,90.0
16.0,600,0.04,0.1,True,5.942017973972765,2.738636591277867
16.0,600,0.04,0.1,False,1000.0,90.0
16.0,600,0.05,0.0001,True,12.010145993754076,19.212524289348742
16.0,600,0.05,0.0001,False,1000.0,90.0
16.0,600,0.05,0.001,True,12.010145993754076,19.212524289348742
16.0,600,0.05,0.001,False,1000.0,90.0
16.0,600,0.05,0.01,True,12.010145993754076,19.212524289348742
16.0,600,0.05,0.01,False,1000.0,90.0
16.0,600,0.05,0.1,True,12.010145993754076,19.212524289348742
16.0,600,0.05,0.1,False,1000.0,90.0
16.0,600,0.06,0.0001,True,22.035464598920807,12.597007151585565
16.0,600,0.06,0.0001,False,1000.0,90.0
16.0,600,0.06,0.001,True,22.035464598920807,12.597007151585565
16.0,600,0.06,0.001,False,1000.0,90.0
16.0,600,0.06,0.01,True,22.035464598920807,12.597007151585565
16.0,600,0.06,0.01,False,1000.0,90.0
16.0,600,0.06,0.1,True,22.035464598920807,12.597007151585565
16.0,600,0.06,0.1,False,1000.0,90.0
16.0,600,0.07,0.0001,True,36.23796805957383,8.382980428293834
16.0,600,0.07,0.0001,False,1000.0,90.0
16.0,600,0.07,0.001,True,36.23796805957383,8.382980428293834
16.0,600,0.07,0.001,False,1000.0,90.0
16.0,600,0.07,0.01,True,36.23796805957383,8.382980428293834
16.0,600,0.07,0.01,False,1000.0,90.0
16.0,600,0.07,0.1,True,36.23796805957383,8.382980428293834
16.0,600,0.07,0.1,False,1000.0,90.0
16.0,600,0.08,0.0001,True,53.956179508416085,8.928664436386946
16.0,600,0.08,0.0001,False,1000.0,90.0
16.0,600,0.08,0.001,True,53.956179508416085,8.928664436386946
16.0,600,0.08,0.001,False,1000.0,90.0
16.0,600,0.08,0.01,True,53.956179508416085,8.928664436386946
16.0,600,0.08,0.01,False,1000.0,90.0
16.0,600,0.08,0.1,True,53.956179508416085,8.928664436386946
16.0,600,0.08,0.1,False,1000.0,90.0
16.0,600,0.09,0.0001,True,74.11514167477947,13.599431078346917
16.0,600,0.09,0.0001,False,1000.0,90.0
16.0,600,0.09,0.001,True,74.11514167477947,13.599431078346917
16.0,600,0.09,0.001,False,1000.0,90.0
16.0,600,0.09,0.01,True,74.11514167477947,13.599431078346917
16.0,600,0.09,0.01,False,1000.0,90.0
16.0,600,0.09,0.1,True,74.11514167477947,13.599431078346917
16.0,600,0.09,0.1,False,1000.0,90.0
16.0,600,0.1,0.0001,True,95.86874971741857,12.236423005268534
16.0,600,0.1,0.0001,False,1000.0,90.0
16.0,600,0.1,0.001,True,95.86874971741857,12.236423005268534
16.0,600,0.1,0.001,False,1000.0,90.0
16.0,600,0.1,0.01,True,95.86874971741857,12.236423005268534
16.0,600,0.1,0.01,False,1000.0,90.0
16.0,600,0.1,0.1,True,95.86874971741857,12.236423005268534
16.0,600,0.1,0.1,False,1000.0,90.0
16.0,600,0.1,0.0001,True,95.86874971741857,12.236423005268534
16.0,600,0.1,0.0001,False,1000.0,90.0
16.0,600,0.1,0.001,True,95.86874971741857,12.236423005268534
16.0,600,0.1,0.001,False,1000.0,90.0
16.0,600,0.1,0.01,True,95.86874971741857,12.236423005268534
16.0,600,0.1,0.01,False,1000.0,90.0
16.0,600,0.1,0.1,True,95.86874971741857,12.236423005268534
16.0,600,0.1,0.1,False,1000.0,90.0
16.0,600,0.2,0.0001,True,1000.0,90.0
16.0,600,0.2,0.0001,False,1000.0,90.0
16.0,600,0.2,0.001,True,1000.0,90.0
16.0,600,0.2,0.001,False,1000.0,90.0
16.0,600,0.2,0.01,True,1000.0,90.0
16.0,600,0.2,0.01,False,1000.0,90.0
16.0,600,0.2,0.1,True,1000.0,90.0
16.0,600,0.2,0.1,False,1000.0,90.0
16.0,600,0.30000000000000004,0.0001,True,1000.0,90.0
16.0,600,0.30000000000000004,0.0001,False,1000.0,90.0
16.0,600,0.30000000000000004,0.001,True,1000.0,90.0
16.0,600,0.30000000000000004,0.001,False,1000.0,90.0
16.0,600,0.30000000000000004,0.01,True,1000.0,90.0
16.0,600,0.30000000000000004,0.01,False,1000.0,90.0
16.0,600,0.30000000000000004,0.1,True,1000.0,90.0
16.0,600,0.30000000000000004,0.1,False,1000.0,90.0
16.0,600,0.4,0.0001,True,1000.0,90.0
16.0,600,0.4,0.0001,False,1000.0,90.0
16.0,600,0.4,0.001,True,1000.0,90.0
16.0,600,0.4,0.001,False,1000.0,90.0
16.0,600,0.4,0.01,True,1000.0,90.0
16.0,600,0.4,0.01,False,1000.0,90.0
16.0,600,0.4,0.1,True,1000.0,90.0
16.0,600,0.4,0.1,False,1000.0,90.0
16.0,800,0.001,0.0001,True,0.998481357971261,5.736292794326808
16.0,800,0.001,0.0001,False,0.9984908793187411,7.29882409503395
16.0,800,0.001,0.001,True,0.998481357971261,5.736292794326808
16.0,800,0.001,0.001,False,0.9984908793187411,7.29882409503395
16.0,800,0.001,0.01,True,0.998481357971261,5.736292794326808
16.0,800,0.001,0.01,False,0.9984908793187411,7.29882409503395
16.0,800,0.001,0.1,True,0.998481357971261,5.736292794326808
16.0,800,0.001,0.1,False,0.9984908793187411,7.29882409503395
16.0,800,0.002,0.0001,True,0.9977750385864308,2.8299845750115153
16.0,800,0.002,0.0001,False,0.9977940749112496,3.673751477393374
16.0,800,0.002,0.001,True,0.9977750385864308,2.8299845750115153
16.0,800,0.002,0.001,False,0.9977940749112496,3.673751477393374
16.0,800,0.002,0.01,True,0.9977750385864308,2.8299845750115153
16.0,800,0.002,0.01,False,0.9977940749112496,3.673751477393374
16.0,800,0.002,0.1,True,0.9977750385864308,2.8299845750115153
16.0,800,0.002,0.1,False,0.9977940749112496,3.673751477393374
16.0,800,0.003,0.0001,True,0.9970688496358342,1.9573709409242959
16.0,800,0.003,0.0001,False,0.9970973945657235,2.5174783148700897
16.0,800,0.003,0.001,True,0.9970688496358342,1.9573709409242959
16.0,800,0.003,0.001,False,0.9970973945657235,2.5174783148700897
16.0,800,0.003,0.01,True,0.9970688496358342,1.9573709409242959
16.0,800,0.003,0.01,False,0.9970973945657235,2.5174783148700897
16.0,800,0.003,0.1,True,0.9970688496358342,1.9573709409242959
16.0,800,0.003,0.1,False,0.9970973945657235,2.5174783148700897
16.0,800,0.004,0.0001,True,0.996362791246345,1.4573609246980084
16.0,800,0.004,0.0001,False,0.9964008384070068,1.923716420601373
16.0,800,0.004,0.001,True,0.996362791246345,1.4573609246980084
16.0,800,0.004,0.001,False,0.9964008384070068,1.923716420601373
16.0,800,0.004,0.01,True,0.996362791246345,1.4573609246980084
16.0,800,0.004,0.01,False,0.9964008384070068,1.923716420601373
16.0,800,0.004,0.1,True,0.996362791246345,1.4573609246980084
16.0,800,0.004,0.1,False,0.9964008384070068,1.923716420601373
16.0,800,0.005,0.0001,True,0.9956568635448978,1.3323584206414374
16.0,800,0.005,0.0001,False,0.9957044065599491,1.7650593962218757
16.0,800,0.005,0.001,True,0.9956568635448978,1.3323584206414374
16.0,800,0.005,0.001,False,0.9957044065599491,1.7650593962218757
16.0,800,0.005,0.01,True,0.9956568635448978,1.3323584206414374
16.0,800,0.005,0.01,False,0.9957044065599491,1.7650593962218757
16.0,800,0.005,0.1,True,0.9956568635448978,1.3323584206414374
16.0,800,0.005,0.1,False,0.9957044065599491,1.7650593962218757
16.0,800,0.006,0.0001,True,0.9949510666584027,1.2674532743043692
16.0,800,0.006,0.0001,False,0.9950080991493534,1.3323584206414374
16.0,800,0.006,0.001,True,0.9949510666584027,1.2674532743043692
16.0,800,0.006,0.001,False,0.9950080991493534,1.3323584206414374
16.0,800,0.006,0.01,True,0.9949510666584027,1.2674532743043692
16.0,800,0.006,0.01,False,0.9950080991493534,1.3323584206414374
16.0,800,0.006,0.1,True,0.9949510666584027,1.2674532743043692
16.0,800,0.006,0.1,False,0.9950080991493534,1.3323584206414374
16.0,800,0.007,0.0001,True,0.9942454007138497,1.2049520222760854
16.0,800,0.007,0.0001,False,0.9943119163001517,1.2698571686131501
16.0,800,0.007,0.001,True,0.9942454007138497,1.2049520222760854
16.0,800,0.007,0.001,False,0.9943119163001517,1.2698571686131501
16.0,800,0.007,0.01,True,0.9942454007138497,1.2049520222760854
16.0,800,0.007,0.01,False,0.9943119163001517,1.2698571686131501
16.0,800,0.007,0.1,True,0.9942454007138497,1.2049520222760854
16.0,800,0.007,0.1,False,0.9943119163001517,1.2698571686131501
16.0,800,0.008,0.0001,True,0.9935398658381869,1.1712975019531626
16.0,800,0.008,0.0001,False,0.9936158581372179,1.2410104369077892
16.0,800,0.008,0.001,True,0.9935398658381869,1.1712975019531626
16.0,800,0.008,0.001,False,0.9936158581372179,1.2410104369077892
16.0,800,0.008,0.01,True,0.9935398658381869,1.1712975019531626
16.0,800,0.008,0.01,False,0.9936158581372179,1.2410104369077892
16.0,800,0.008,0.1,True,0.9935398658381869,1.1712975019531626
16.0,800,0.008,0.1,False,0.9936158581372179,1.2410104369077892
16.0,800,0.009000000000000001,0.0001,True,0.9928344621583963,2.608826298603738
16.0,800,0.009000000000000001,0.0001,False,0.992919924785483,28.2487629960536
16.0,800,0.009000000000000001,0.001,True,0.9928344621583963,2.608826298603738
16.0,800,0.009000000000000001,0.001,False,0.992919924785483,28.2487629960536
16.0,800,0.009000000000000001,0.01,True,0.9928344621583963,2.608826298603738
16.0,800,0.009000000000000001,0.01,False,0.992919924785483,28.2487629960536
16.0,800,0.009000000000000001,0.1,True,0.9928344621583963,2.608826298603738
16.0,800,0.009000000000000001,0.1,False,0.992919924785483,28.2487629960536
16.0,800,0.01,0.0001,True,0.9921291898015359,2.642480818926657
16.0,800,0.01,0.0001,False,0.9922241163698603,37.40279252388869
16.0,800,0.01,0.001,True,0.9921291898015359,2.642480818926657
16.0,800,0.01,0.001,False,0.9922241163698603,37.40279252388869
16.0,800,0.01,0.01,True,0.9921291898015359,2.642480818926657
16.0,800,0.01,0.01,False,0.9922241163698603,37.40279252388869
16.0,800,0.01,0.1,True,0.9921291898015359,2.642480818926657
16.0,800,0.01,0.1,False,0.9922241163698603,37.40279252388869
16.0,800,0.01,0.0001,True,0.9921291898015359,2.642480818926657
16.0,800,0.01,0.0001,False,0.9922241163698603,37.40279252388869
16.0,800,0.01,0.001,True,0.9921291898015359,2.642480818926657
16.0,800,0.01,0.001,False,0.9922241163698603,37.40279252388869
16.0,800,0.01,0.01,True,0.9921291898015359,2.642480818926657
16.0,800,0.01,0.01,False,0.9922241163698603,37.40279252388869
16.0,800,0.01,0.1,True,0.9921291898015359,2.642480818926657
16.0,800,0.01,0.1,False,0.9922241163698603,37.40279252388869
16.0,800,0.02,0.0001,True,0.9850837169525676,3.1136441034475837
16.0,800,0.02,0.0001,False,56.526241564047965,90.0
16.0,800,0.02,0.001,True,0.9850837169525676,3.1136441034475837
16.0,800,0.02,0.001,False,56.526241564047965,90.0
16.0,800,0.02,0.01,True,0.9850837169525676,3.1136441034475837
16.0,800,0.02,0.01,False,56.526241564047965,90.0
16.0,800,0.02,0.1,True,0.9850837169525676,3.1136441034475837
16.0,800,0.02,0.1,False,56.526241564047965,90.0
16.0,800,0.03,0.0001,True,2.9165880562561326,2.7410404855866446
16.0,800,0.03,0.0001,False,1000.0,90.0
16.0,800,0.03,0.001,True,2.9165880562561326,2.7410404855866446
16.0,800,0.03,0.001,False,1000.0,90.0
16.0,800,0.03,0.01,True,2.9165880562561326,2.7410404855866446
16.0,800,0.03,0.01,False,1000.0,90.0
16.0,800,0.03,0.1,True,2.9165880562561326,2.7410404855866446
16.0,800,0.03,0.1,False,1000.0,90.0
16.0,800,0.04,0.0001,True,8.321426120195243,3.1833570384022067
16.0,800,0.04,0.0001,False,1000.0,90.0
16.0,800,0.04,0.001,True,8.321426120195243,3.1833570384022067
16.0,800,0.04,0.001,False,1000.0,90.0
16.0,800,0.04,0.01,True,8.321426120195243,3.1833570384022067
16.0,800,0.04,0.01,False,1000.0,90.0
16.0,800,0.04,0.1,True,8.321426120195243,3.1833570384022067
16.0,800,0.04,0.1,False,1000.0,90.0
16.0,800,0.05,0.0001,True,16.80830430669758,3.5799995993509484
16.0,800,0.05,0.0001,False,1000.0,90.0
16.0,800,0.05,0.001,True,16.80830430669758,3.5799995993509484
16.0,800,0.05,0.001,False,1000.0,90.0
16.0,800,0.05,0.01,True,16.80830430669758,3.5799995993509484
16.0,800,0.05,0.01,False,1000.0,90.0
16.0,800,0.05,0.1,True,16.80830430669758,3.5799995993509484
16.0,800,0.05,0.1,False,1000.0,90.0
16.0,800,0.06,0.0001,True,28.62843357689405,13.486448045834251
16.0,800,0.06,0.0001,False,1000.0,90.0
16.0,800,0.06,0.001,True,28.62843357689405,13.486448045834251
16.0,800,0.06,0.001,False,1000.0,90.0
16.0,800,0.06,0.01,True,28.62843357689405,13.486448045834251
16.0,800,0.06,0.01,False,1000.0,90.0
16.0,800,0.06,0.1,True,28.62843357689405,13.486448045834251
16.0,800,0.06,0.1,False,1000.0,90.0
16.0,800,0.07,0.0001,True,45.39103644011822,12.758068070273843
16.0,800,0.07,0.0001,False,1000.0,90.0
16.0,800,0.07,0.001,True,45.39103644011822,12.758068070273843
16.0,800,0.07,0.001,False,1000.0,90.0
16.0,800,0.07,0.01,True,45.39103644011822,12.758068070273843
16.0,800,0.07,0.01,False,1000.0,90.0
16.0,800,0.07,0.1,True,45.39103644011822,12.758068070273843
16.0,800,0.07,0.1,False,1000.0,90.0
16.0,800,0.08,0.0001,True,66.51820848923244,11.322943167932046
16.0,800,0.08,0.0001,False,1000.0,90.0
16.0,800,0.08,0.001,True,66.51820848923244,11.322943167932046
16.0,800,0.08,0.001,False,1000.0,90.0
16.0,800,0.08,0.01,True,66.51820848923244,11.322943167932046
16.0,800,0.08,0.01,False,1000.0,90.0
16.0,800,0.08,0.1,True,66.51820848923244,11.322943167932046
16.0,800,0.08,0.1,False,1000.0,90.0
16.0,800,0.09,0.0001,True,90.71893382703847,12.28450089144414
16.0,800,0.09,0.0001,False,1000.0,90.0
16.0,800,0.09,0.001,True,90.71893382703847,12.28450089144414
16.0,800,0.09,0.001,False,1000.0,90.0
16.0,800,0.09,0.01,True,90.71893382703847,12.28450089144414
16.0,800,0.09,0.01,False,1000.0,90.0
16.0,800,0.09,0.1,True,90.71893382703847,12.28450089144414
16.0,800,0.09,0.1,False,1000.0,90.0
16.0,800,0.1,0.0001,True,117.41011553340796,14.67877962298924
16.0,800,0.1,0.0001,False,1000.0,90.0
16.0,800,0.1,0.001,True,117.41011553340796,14.67877962298924
16.0,800,0.1,0.001,False,1000.0,90.0
16.0,800,0.1,0.01,True,117.41011553340796,14.67877962298924
16.0,800,0.1,0.01,False,1000.0,90.0
16.0,800,0.1,0.1,True,117.41011553340796,14.67877962298924
16.0,800,0.1,0.1,False,1000.0,90.0
16.0,800,0.1,0.0001,True,117.41011553340796,14.67877962298924
16.0,800,0.1,0.0001,False,1000.0,90.0
16.0,800,0.1,0.001,True,117.41011553340796,14.67877962298924
16.0,800,0.1,0.001,False,1000.0,90.0
16.0,800,0.1,0.01,True,117.41011553340796,14.67877962298924
16.0,800,0.1,0.01,False,1000.0,90.0
16.0,800,0.1,0.1,True,117.41011553340796,14.67877962298924
16.0,800,0.1,0.1,False,1000.0,90.0
16.0,800,0.2,0.0001,True,1000.0,28.063663134277526
16.0,800,0.2,0.0001,False,1000.0,90.0
16.0,800,0.2,0.001,True,1000.0,28.063663134277526
16.0,800,0.2,0.001,False,1000.0,90.0
16.0,800,0.2,0.01,True,1000.0,28.063663134277526
16.0,800,0.2,0.01,False,1000.0,90.0
16.0,800,0.2,0.1,True,1000.0,28.063663134277526
16.0,800,0.2,0.1,False,1000.0,90.0
16.0,800,0.30000000000000004,0.0001,True,1000.0,29.957931849596342
16.0,800,0.30000000000000004,0.0001,False,1000.0,90.0
16.0,800,0.30000000000000004,0.001,True,1000.0,29.957931849596342
16.0,800,0.30000000000000004,0.001,False,1000.0,90.0
16.0,800,0.30000000000000004,0.01,True,1000.0,29.957931849596342
16.0,800,0.30000000000000004,0.01,False,1000.0,90.0
16.0,800,0.30000000000000004,0.1,True,1000.0,29.957931849596342
16.0,800,0.30000000000000004,0.1,False,1000.0,90.0
16.0,800,0.4,0.0001,True,1000.0,90.0
16.0,800,0.4,0.0001,False,1000.0,90.0
16.0,800,0.4,0.001,True,1000.0,90.0
16.0,800,0.4,0.001,False,1000.0,90.0
16.0,800,0.4,0.01,True,1000.0,90.0
16.0,800,0.4,0.01,False,1000.0,90.0
16.0,800,0.4,0.1,True,1000.0,90.0
16.0,800,0.4,0.1,False,1000.0,90.0
16.0,1000,0.001,0.0001,True,0.9984796886901348,5.673791542298524
16.0,1000,0.001,0.0001,False,0.9984059290087013,7.017568460906666
16.0,1000,0.001,0.001,True,0.9984796886901348,5.673791542298524
16.0,1000,0.001,0.001,False,0.9984059290087013,7.017568460906666
16.0,1000,0.001,0.01,True,0.9984796886901348,5.673791542298524
16.0,1000,0.001,0.01,False,0.9984059290087013,7.017568460906666
16.0,1000,0.001,0.1,True,0.9984796886901348,5.673791542298524
16.0,1000,0.001,0.1,False,0.9984059290087013,7.017568460906666
16.0,1000,0.002,0.0001,True,0.997771700734236,2.892485827039799
16.0,1000,0.002,0.0001,False,0.9976242076338813,3.2987439652236574
16.0,1000,0.002,0.001,True,0.997771700734236,2.892485827039799
16.0,1000,0.002,0.001,False,0.9976242076338813,3.2987439652236574
16.0,1000,0.002,0.01,True,0.997771700734236,2.892485827039799
16.0,1000,0.002,0.01,False,0.9976242076338813,3.2987439652236574
16.0,1000,0.002,0.1,True,0.997771700734236,2.892485827039799
16.0,1000,0.002,0.1,False,0.9976242076338813,3.2987439652236574
16.0,1000,0.003,0.0001,True,0.9970638439234387,1.9886215669384377
16.0,1000,0.003,0.0001,False,0.9968426437138002,2.3612251847993733
16.0,1000,0.003,0.001,True,0.9970638439234387,1.9886215669384377
16.0,1000,0.003,0.001,False,0.9968426437138002,2.3612251847993733
16.0,1000,0.003,0.01,True,0.9970638439234387,1.9886215669384377
16.0,1000,0.003,0.01,False,0.9968426437138002,2.3612251847993733
16.0,1000,0.003,0.1,True,0.9970638439234387,1.9886215669384377
16.0,1000,0.003,0.1,False,0.9968426437138002,2.3612251847993733
16.0,1000,0.004,0.0001,True,0.9963561183854864,1.4862076564033728
16.0,1000,0.004,0.0001,False,0.9960612374232215,1.829964542558944
16.0,1000,0.004,0.001,True,0.9963561183854864,1.4862076564033728
16.0,1000,0.004,0.001,False,0.9960612374232215,1.829964542558944
16.0,1000,0.004,0.01,True,0.9963561183854864,1.4862076564033728
16.0,1000,0.004,0.01,False,0.9960612374232215,1.829964542558944
16.0,1000,0.004,0.1,True,0.9963561183854864,1.4862076564033728
16.0,1000,0.004,0.1,False,0.9960612374232215,1.829964542558944
16.0,1000,0.005,0.0001,True,0.9956485242480425,1.3347623149502184
16.0,1000,0.005,0.0001,False,0.9952799889369817,1.3636090466555792
16.0,1000,0.005,0.001,True,0.9956485242480425,1.3347623149502184
16.0,1000,0.005,0.001,False,0.9952799889369817,1.3636090466555792
16.0,1000,0.005,0.01,True,0.9956485242480425,1.3347623149502184
16.0,1000,0.005,0.01,False,0.9952799889369817,1.3636090466555792
16.0,1000,0.005,0.1,True,0.9956485242480425,1.3347623149502184
16.0,1000,0.005,0.1,False,0.9952799889369817,1.3636090466555792
16.0,1000,0.006,0.0001,True,0.9949410616388548,1.2698571686131501
16.0,1000,0.006,0.0001,False,0.994498898429935,1.3011077946272955
16.0,1000,0.006,0.001,True,0.9949410616388548,1.2698571686131501
16.0,1000,0.006,0.001,False,0.994498898429935,1.3011077946272955
16.0,1000,0.006,0.01,True,0.9949410616388548,1.2698571686131501
16.0,1000,0.006,0.01,False,0.994498898429935,1.3011077946272955
16.0,1000,0.006,0.1,True,0.9949410616388548,1.2698571686131501
16.0,1000,0.006,0.1,False,0.994498898429935,1.3011077946272955
16.0,1000,0.007,0.0001,True,0.9942337306857397,1.2362026482902273
16.0,1000,0.007,0.0001,False,0.9937179660769211,1.272261062921931
16.0,1000,0.007,0.001,True,0.9942337306857397,1.2362026482902273
16.0,1000,0.007,0.001,False,0.9937179660769211,1.272261062921931
16.0,1000,0.007,0.01,True,0.9942337306857397,1.2362026482902273
16.0,1000,0.007,0.01,False,0.9937179660769211,1.272261062921931
16.0,1000,0.007,0.1,True,0.9942337306857397,1.2362026482902273
16.0,1000,0.007,0.1,False,0.9937179660769211,1.272261062921931
16.0,1000,0.008,0.0001,True,0.9935265315164147,2.642480818926657
16.0,1000,0.008,0.0001,False,0.9929371920529516,4.652136461066924
16.0,1000,0.008,0.001,True,0.9935265315164147,2.642480818926657
16.0,1000,0.008,0.001,False,0.9929371920529516,4.652136461066924
16.0,1000,0.008,0.01,True,0.9935265315164147,2.642480818926657
16.0,1000,0.008,0.01,False,0.9929371920529516,4.652136461066924
16.0,1000,0.008,0.1,True,0.9935265315164147,2.642480818926657
16.0,1000,0.008,0.1,False,0.9929371920529516,4.652136461066924
16.0,1000,0.009000000000000001,0.0001,True,0.992819464258696,2.678539233558361
16.0,1000,0.009000000000000001,0.0001,False,0.9921565765328899,8.428654420160655
16.0,1000,0.009000000000000001,0.001,True,0.992819464258696,2.678539233558361
16.0,1000,0.009000000000000001,0.001,False,0.9921565765328899,8.428654420160655
16.0,1000,0.009000000000000001,0.01,True,0.992819464258696,2.678539233558361
16.0,1000,0.009000000000000001,0.01,False,0.9921565765328899,8.428654420160655
16.0,1000,0.009000000000000001,0.1,True,0.992819464258696,2.678539233558361
16.0,1000,0.009000000000000001,0.1,False,0.9921565765328899,8.428654420160655
16.0,1000,0.01,0.0001,True,0.9921125290404653,2.7121937538812873
16.0,1000,0.01,0.0001,False,0.9913761196917976,7.30603577796029
16.0,1000,0.01,0.001,True,0.9921125290404653,2.7121937538812873
16.0,1000,0.01,0.001,False,0.9913761196917976,7.30603577796029
16.0,1000,0.01,0.01,True,0.9921125290404653,2.7121937538812873
16.0,1000,0.01,0.01,False,0.9913761196917976,7.30603577796029
16.0,1000,0.01,0.1,True,0.9921125290404653,2.7121937538812873
16.0,1000,0.01,0.1,False,0.9913761196917976,7.30603577796029
16.0,1000,0.01,0.0001,True,0.9921125290404653,2.7121937538812873
16.0,1000,0.01,0.0001,False,0.9913761196917976,7.30603577796029
16.0,1000,0.01,0.001,True,0.9921125290404653,2.7121937538812873
16.0,1000,0.01,0.001,False,0.9913761196917976,7.30603577796029
16.0,1000,0.01,0.01,True,0.9921125290404653,2.7121937538812873
16.0,1000,0.01,0.01,False,0.9913761196917976,7.30603577796029
16.0,1000,0.01,0.1,True,0.9921125290404653,2.7121937538812873
16.0,1000,0.01,0.1,False,0.9913761196917976,7.30603577796029
16.0,1000,0.02,0.0001,True,1.110587302032224,3.2506660790480524
16.0,1000,0.02,0.0001,False,3.983655878431171,48.16743123860654
16.0,1000,0.02,0.001,True,1.110587302032224,3.2506660790480524
16.0,1000,0.02,0.001,False,3.983655878431171,48.16743123860654
16.0,1000,0.02,0.01,True,1.110587302032224,3.2506660790480524
16.0,1000,0.02,0.01,False,3.983655878431171,48.16743123860654
16.0,1000,0.02,0.1,True,1.110587302032224,3.2506660790480524
16.0,1000,0.02,0.1,False,3.983655878431171,48.16743123860654
16.0,1000,0.03,0.0001,True,3.482369743579143,2.7097898595725027
16.0,1000,0.03,0.0001,False,19.37103595629283,88.15380917085677
16.0,1000,0.03,0.001,True,3.482369743579143,2.7097898595725027
16.0,1000,0.03,0.001,False,19.37103595629283,88.15380917085677
16.0,1000,0.03,0.01,True,3.482369743579143,2.7097898595725027
16.0,1000,0.03,0.01,False,19.37103595629283,88.15380917085677
16.0,1000,0.03,0.1,True,3.482369743579143,2.7097898595725027
16.0,1000,0.03,0.1,False,19.37103595629283,88.15380917085677
16.0,1000,0.04,0.0001,True,10.863066613913695,3.248262184739275
16.0,1000,0.04,0.0001,False,73.2859177129104,76.82665918788436
16.0,1000,0.04,0.001,True,10.863066613913695,3.248262184739275
16.0,1000,0.04,0.001,False,73.2859177129104,76.82665918788436
16.0,1000,0.04,0.01,True,10.863066613913695,3.248262184739275
16.0,1000,0.04,0.01,False,73.2859177129104,76.82665918788436
16.0,1000,0.04,0.1,True,10.863066613913695,3.248262184739275
16.0,1000,0.04,0.1,False,73.2859177129104,76.82665918788436
16.0,1000,0.05,0.0001,True,21.12093294454166,4.08241350988601
16.0,1000,0.05,0.0001,False,1000.0,90.0
16.0,1000,0.05,0.001,True,21.12093294454166,4.08241350988601
16.0,1000,0.05,0.001,False,1000.0,90.0
16.0,1000,0.05,0.01,True,21.12093294454166,4.08241350988601
16.0,1000,0.05,0.01,False,1000.0,90.0
16.0,1000,0.05,0.1,True,21.12093294454166,4.08241350988601
16.0,1000,0.05,0.1,False,1000.0,90.0
16.0,1000,0.06,0.0001,True,35.44581635632736,22.428934874496683
16.0,1000,0.06,0.0001,False,1000.0,90.0
16.0,1000,0.06,0.001,True,35.44581635632736,22.428934874496683
16.0,1000,0.06,0.001,False,1000.0,90.0
16.0,1000,0.06,0.01,True,35.44581635632736,22.428934874496683
16.0,1000,0.06,0.01,False,1000.0,90.0
16.0,1000,0.06,0.1,True,35.44581635632736,22.428934874496683
16.0,1000,0.06,0.1,False,1000.0,90.0
16.0,1000,0.07,0.0001,True,54.30112643402235,14.71724193192972
16.0,1000,0.07,0.0001,False,1000.0,90.0
16.0,1000,0.07,0.001,True,54.30112643402235,14.71724193192972
16.0,1000,0.07,0.001,False,1000.0,90.0
16.0,1000,0.07,0.01,True,54.30112643402235,14.71724193192972
16.0,1000,0.07,0.01,False,1000.0,90.0
16.0,1000,0.07,0.1,True,54.30112643402235,14.71724193192972
16.0,1000,0.07,0.1,False,1000.0,90.0
16.0,1000,0.08,0.0001,True,77.05965405880832,16.661992427732926
16.0,1000,0.08,0.0001,False,1000.0,90.0
16.0,1000,0.08,0.001,True,77.05965405880832,16.661992427732926
16.0,1000,0.08,0.001,False,1000.0,90.0
16.0,1000,0.08,0.01,True,77.05965405880832,16.661992427732926
16.0,1000,0.08,0.01,False,1000.0,90.0
16.0,1000,0.08,0.1,True,77.05965405880832,16.661992427732926
16.0,1000,0.08,0.1,False,1000.0,90.0
16.0,1000,0.09,0.0001,True,103.2428003407116,17.17642580981189
16.0,1000,0.09,0.0001,False,1000.0,90.0
16.0,1000,0.09,0.001,True,103.2428003407116,17.17642580981189
16.0,1000,0.09,0.001,False,1000.0,90.0
16.0,1000,0.09,0.01,True,103.2428003407116,17.17642580981189
16.0,1000,0.09,0.01,False,1000.0,90.0
16.0,1000,0.09,0.1,True,103.2428003407116,17.17642580981189
16.0,1000,0.09,0.1,False,1000.0,90.0
16.0,1000,0.1,0.0001,True,132.533106139288,16.78218714317193
16.0,1000,0.1,0.0001,False,1000.0,90.0
16.0,1000,0.1,0.001,True,132.533106139288,16.78218714317193
16.0,1000,0.1,0.001,False,1000.0,90.0
16.0,1000,0.1,0.01,True,132.533106139288,16.78218714317193
16.0,1000,0.1,0.01,False,1000.0,90.0
16.0,1000,0.1,0.1,True,132.533106139288,16.78218714317193
16.0,1000,0.1,0.1,False,1000.0,90.0
16.0,1000,0.1,0.0001,True,132.533106139288,16.78218714317193
16.0,1000,0.1,0.0001,False,1000.0,90.0
16.0,1000,0.1,0.001,True,132.533106139288,16.78218714317193
16.0,1000,0.1,0.001,False,1000.0,90.0
16.0,1000,0.1,0.01,True,132.533106139288,16.78218714317193
16.0,1000,0.1,0.01,False,1000.0,90.0
16.0,1000,0.1,0.1,True,132.533106139288,16.78218714317193
16.0,1000,0.1,0.1,False,1000.0,90.0
16.0,1000,0.2,0.0001,True,1000.0,33.37626955668182
16.0,1000,0.2,0.0001,False,1000.0,90.0
16.0,1000,0.2,0.001,True,1000.0,33.37626955668182
16.0,1000,0.2,0.001,False,1000.0,90.0
16.0,1000,0.2,0.01,True,1000.0,33.37626955668182
16.0,1000,0.2,0.01,False,1000.0,90.0
16.0,1000,0.2,0.1,True,1000.0,33.37626955668182
16.0,1000,0.2,0.1,False,1000.0,90.0
16.0,1000,0.30000000000000004,0.0001,True,1000.0,30.143031711372416
16.0,1000,0.30000000000000004,0.0001,False,1000.0,90.0
16.0,1000,0.30000000000000004,0.001,True,1000.0,30.143031711372416
16.0,1000,0.30000000000000004,0.001,False,1000.0,90.0
16.0,1000,0.30000000000000004,0.01,True,1000.0,30.143031711372416
16.0,1000,0.30000000000000004,0.01,False,1000.0,90.0
16.0,1000,0.30000000000000004,0.1,True,1000.0,30.143031711372416
16.0,1000,0.30000000000000004,0.1,False,1000.0,90.0
16.0,1000,0.4,0.0001,True,1000.0,90.0
16.0,1000,0.4,0.0001,False,1000.0,90.0
16.0,1000,0.4,0.001,True,1000.0,90.0
16.0,1000,0.4,0.001,False,1000.0,90.0
16.0,1000,0.4,0.01,True,1000.0,90.0
16.0,1000,0.4,0.01,False,1000.0,90.0
16.0,1000,0.4,0.1,True,1000.0,90.0
16.0,1000,0.4,0.1,False,1000.0,90.0
16.0,1500,0.001,0.0001,True,0.9984799404143069,5.673791542298524
16.0,1500,0.001,0.0001,False,0.9984648161728189,7.111320338949092
16.0,1500,0.001,0.001,True,0.9984799404143069,5.673791542298524
16.0,1500,0.001,0.001,False,0.9984648161728189,7.111320338949092
16.0,1500,0.001,0.01,True,0.9984799404143069,5.673791542298524
16.0,1500,0.001,0.01,False,0.9984648161728189,7.111320338949092
16.0,1500,0.001,0.1,True,0.9984799404143069,5.673791542298524
16.0,1500,0.001,0.1,False,0.9984648161728189,7.111320338949092
16.0,1500,0.002,0.0001,True,0.9977722041979565,3.0487389571105155
16.0,1500,0.002,0.0001,False,0.9977419605362375,3.5799995993509484
16.0,1500,0.002,0.001,True,0.9977722041979565,3.0487389571105155
16.0,1500,0.002,0.001,False,0.9977419605362375,3.5799995993509484
16.0,1500,0.002,0.01,True,0.9977722041979565,3.0487389571105155
16.0,1500,0.002,0.01,False,0.9977419605362375,3.5799995993509484
16.0,1500,0.002,0.1,True,0.9977722041979565,3.0487389571105155
16.0,1500,0.002,0.1,False,0.9977419605362375,3.5799995993509484
16.0,1500,0.003,0.0001,True,0.997064599141843,2.051122818966725
16.0,1500,0.003,0.0001,False,0.997019240890363,2.454977062841799
16.0,1500,0.003,0.001,True,0.997064599141843,2.051122818966725
16.0,1500,0.003,0.001,False,0.997019240890363,2.454977062841799
16.0,1500,0.003,0.01,True,0.997064599141843,2.051122818966725
16.0,1500,0.003,0.01,False,0.997019240890363,2.454977062841799
16.0,1500,0.003,0.1,True,0.997064599141843,2.051122818966725
16.0,1500,0.003,0.1,False,0.997019240890363,2.454977062841799
16.0,1500,0.004,0.0001,True,0.9963571253734351,1.796310022236021
16.0,1500,0.004,0.0001,False,0.9962966573719343,1.8948696888960086
16.0,1500,0.004,0.001,True,0.9963571253734351,1.796310022236021
16.0,1500,0.004,0.001,False,0.9962966573719343,1.8948696888960086
16.0,1500,0.004,0.01,True,0.9963571253734351,1.796310022236021
16.0,1500,0.004,0.01,False,0.9962966573719343,1.8948696888960086
16.0,1500,0.004,0.1,True,0.9963571253734351,1.796310022236021
16.0,1500,0.004,0.1,False,0.9962966573719343,1.8948696888960086
16.0,1500,0.005,0.0001,True,0.9956497830201564,1.3636090466555792
16.0,1500,0.005,0.0001,False,0.9955742101176516,1.394859672669721
16.0,1500,0.005,0.001,True,0.9956497830201564,1.3636090466555792
16.0,1500,0.005,0.001,False,0.9955742101176516,1.394859672669721
16.0,1500,0.005,0.01,True,0.9956497830201564,1.3636090466555792
16.0,1500,0.005,0.01,False,0.9955742101176516,1.394859672669721
16.0,1500,0.005,0.1,True,0.9956497830201564,1.3636090466555792
16.0,1500,0.005,0.1,False,0.9955742101176516,1.394859672669721
16.0,1500,0.006,0.0001,True,0.9949425722095496,1.3011077946272955
16.0,1500,0.006,0.0001,False,0.9948518992642492,1.3323584206414374
16.0,1500,0.006,0.001,True,0.9949425722095496,1.3011077946272955
16.0,1500,0.006,0.001,False,0.9948518992642492,1.3323584206414374
16.0,1500,0.006,0.01,True,0.9949425722095496,1.3011077946272955
16.0,1500,0.006,0.01,False,0.9948518992642492,1.3323584206414374
16.0,1500,0.006,0.1,True,0.9949425722095496,1.3011077946272955
16.0,1500,0.006,0.1,False,0.9948518992642492,1.3323584206414374
16.0,1500,0.007,0.0001,True,0.9942354930691248,1.2698571686131501
16.0,1500,0.007,0.0001,False,0.9941297249485067,1.303511688936073
16.0,1500,0.007,0.001,True,0.9942354930691248,1.2698571686131501
16.0,1500,0.007,0.001,False,0.9941297249485067,1.303511688936073
16.0,1500,0.007,0.01,True,0.9942354930691248,1.2698571686131501
16.0,1500,0.007,0.01,False,0.9941297249485067,1.303511688936073
16.0,1500,0.007,0.1,True,0.9942354930691248,1.2698571686131501
16.0,1500,0.007,0.1,False,0.9941297249485067,1.303511688936073
16.0,1500,0.008,0.0001,True,0.9935285457263703,3.1713375668583055
16.0,1500,0.008,0.0001,False,0.9934076873071989,4.825216851299103
16.0,1500,0.008,0.001,True,0.9935285457263703,3.1713375668583055
16.0,1500,0.008,0.001,False,0.9934076873071989,4.825216851299103
16.0,1500,0.008,0.01,True,0.9935285457263703,3.1713375668583055
16.0,1500,0.008,0.01,False,0.9934076873071989,4.825216851299103
16.0,1500,0.008,0.1,True,0.9935285457263703,3.1713375668583055
16.0,1500,0.008,0.1,False,0.9934076873071989,4.825216851299103
16.0,1500,0.009000000000000001,0.0001,True,0.9928217303089016,3.238646607504151
16.0,1500,0.009000000000000001,0.0001,False,0.9926857864771321,4.854063583004468
16.0,1500,0.009000000000000001,0.001,True,0.9928217303089016,3.238646607504151
16.0,1500,0.009000000000000001,0.001,False,0.9926857864771321,4.854063583004468
16.0,1500,0.009000000000000001,0.01,True,0.9928217303089016,3.238646607504151
16.0,1500,0.009000000000000001,0.01,False,0.9926857864771321,4.854063583004468
16.0,1500,0.009000000000000001,0.1,True,0.9928217303089016,3.238646607504151
16.0,1500,0.009000000000000001,0.1,False,0.9926857864771321,4.854063583004468
16.0,1500,0.01,0.0001,True,0.9921150469442775,3.238646607504151
16.0,1500,0.01,0.0001,False,0.991964022595189,6.813237444660345
16.0,1500,0.01,0.001,True,0.9921150469442775,3.238646607504151
16.0,1500,0.01,0.001,False,0.991964022595189,6.813237444660345
16.0,1500,0.01,0.01,True,0.9921150469442775,3.238646607504151
16.0,1500,0.01,0.01,False,0.991964022595189,6.813237444660345
16.0,1500,0.01,0.1,True,0.9921150469442775,3.238646607504151
16.0,1500,0.01,0.1,False,0.991964022595189,6.813237444660345
16.0,1500,0.01,0.0001,True,0.9921150469442775,3.238646607504151
16.0,1500,0.01,0.0001,False,0.991964022595189,6.813237444660345
16.0,1500,0.01,0.001,True,0.9921150469442775,3.238646607504151
16.0,1500,0.01,0.001,False,0.991964022595189,6.813237444660345
16.0,1500,0.01,0.01,True,0.9921150469442775,3.238646607504151
16.0,1500,0.01,0.01,False,0.991964022595189,6.813237444660345
16.0,1500,0.01,0.1,True,0.9921150469442775,3.238646607504151
16.0,1500,0.01,0.1,False,0.991964022595189,6.813237444660345
16.0,1500,0.02,0.0001,True,1.5761877276685363,3.7939461928323865
16.0,1500,0.02,0.0001,False,5.952729799949748,18.609146817844902
16.0,1500,0.02,0.001,True,1.5761877276685363,3.7939461928323865
16.0,1500,0.02,0.001,False,5.952729799949748,18.609146817844902
16.0,1500,0.02,0.01,True,1.5761877276685363,3.7939461928323865
16.0,1500,0.02,0.01,False,5.952729799949748,18.609146817844902
16.0,1500,0.02,0.1,True,1.5761877276685363,3.7939461928323865
16.0,1500,0.02,0.1,False,5.952729799949748,18.609146817844902
16.0,1500,0.03,0.0001,True,4.998301295589014,2.6448847132354416
16.0,1500,0.03,0.0001,False,28.23174641166627,19.041847793425347
16.0,1500,0.03,0.001,True,4.998301295589014,2.6448847132354416
16.0,1500,0.03,0.001,False,28.23174641166627,19.041847793425347
16.0,1500,0.03,0.01,True,4.998301295589014,2.6448847132354416
16.0,1500,0.03,0.01,False,28.23174641166627,19.041847793425347
16.0,1500,0.03,0.1,True,4.998301295589014,2.6448847132354416
16.0,1500,0.03,0.1,False,28.23174641166627,19.041847793425347
16.0,1500,0.04,0.0001,True,17.26811750515816,3.375668583104627
16.0,1500,0.04,0.0001,False,104.55168249391679,55.8046034576013
16.0,1500,0.04,0.001,True,17.26811750515816,3.375668583104627
16.0,1500,0.04,0.001,False,104.55168249391679,55.8046034576013
16.0,1500,0.04,0.01,True,17.26811750515816,3.375668583104627
16.0,1500,0.04,0.01,False,104.55168249391679,55.8046034576013
16.0,1500,0.04,0.1,True,17.26811750515816,3.375668583104627
16.0,1500,0.04,0.1,False,104.55168249391679,55.8046034576013
16.0,1500,0.05,0.0001,True,33.09060046713378,5.284360664276122
16.0,1500,0.05,0.0001,False,200.79854399482207,53.12666519762014
16.0,1500,0.05,0.001,True,33.09060046713378,5.284360664276122
16.0,1500,0.05,0.001,False,200.79854399482207,53.12666519762014
16.0,1500,0.05,0.01,True,33.09060046713378,5.284360664276122
16.0,1500,0.05,0.01,False,200.79854399482207,53.12666519762014
16.0,1500,0.05,0.1,True,33.09060046713378,5.284360664276122
16.0,1500,0.05,0.1,False,200.79854399482207,53.12666519762014
16.0,1500,0.06,0.0001,True,52.21361952060387,33.69117971113203
16.0,1500,0.06,0.0001,False,271.12401791587433,88.50718163424747
16.0,1500,0.06,0.001,True,52.21361952060387,33.69117971113203
16.0,1500,0.06,0.001,False,271.12401791587433,88.50718163424747
16.0,1500,0.06,0.01,True,52.21361952060387,33.69117971113203
16.0,1500,0.06,0.01,False,271.12401791587433,88.50718163424747
16.0,1500,0.06,0.1,True,52.21361952060387,33.69117971113203
16.0,1500,0.06,0.1,False,271.12401791587433,88.50718163424747
16.0,1500,0.07,0.0001,True,75.02590239909776,25.10687313447785
16.0,1500,0.07,0.0001,False,1000.0,90.0
16.0,1500,0.07,0.001,True,75.02590239909776,25.10687313447785
16.0,1500,0.07,0.001,False,1000.0,90.0
16.0,1500,0.07,0.01,True,75.02590239909776,25.10687313447785
16.0,1500,0.07,0.01,False,1000.0,90.0
16.0,1500,0.07,0.1,True,75.02590239909776,25.10687313447785
16.0,1500,0.07,0.1,False,1000.0,90.0
16.0,1500,0.08,0.0001,True,101.25506954477297,67.16540796089664
16.0,1500,0.08,0.0001,False,1000.0,90.0
16.0,1500,0.08,0.001,True,101.25506954477297,67.16540796089664
16.0,1500,0.08,0.001,False,1000.0,90.0
16.0,1500,0.08,0.01,True,101.25506954477297,67.16540796089664
16.0,1500,0.08,0.01,False,1000.0,90.0
16.0,1500,0.08,0.1,True,101.25506954477297,67.16540796089664
16.0,1500,0.08,0.1,False,1000.0,90.0
16.0,1500,0.09,0.0001,True,131.01190096798882,51.94875698631783
16.0,1500,0.09,0.0001,False,1000.0,90.0
16.0,1500,0.09,0.001,True,131.01190096798882,51.94875698631783
16.0,1500,0.09,0.001,False,1000.0,90.0
16.0,1500,0.09,0.01,True,131.01190096798882,51.94875698631783
16.0,1500,0.09,0.01,False,1000.0,90.0
16.0,1500,0.09,0.1,True,131.01190096798882,51.94875698631783
16.0,1500,0.09,0.1,False,1000.0,90.0
16.0,1500,0.1,0.0001,True,164.8655645504679,23.852040305294572
16.0,1500,0.1,0.0001,False,1000.0,90.0
16.0,1500,0.1,0.001,True,164.8655645504679,23.852040305294572
16.0,1500,0.1,0.001,False,1000.0,90.0
16.0,1500,0.1,0.01,True,164.8655645504679,23.852040305294572
16.0,1500,0.1,0.01,False,1000.0,90.0
16.0,1500,0.1,0.1,True,164.8655645504679,23.852040305294572
16.0,1500,0.1,0.1,False,1000.0,90.0
16.0,1500,0.1,0.0001,True,164.8655645504679,23.852040305294572
16.0,1500,0.1,0.0001,False,1000.0,90.0
16.0,1500,0.1,0.001,True,164.8655645504679,23.852040305294572
16.0,1500,0.1,0.001,False,1000.0,90.0
16.0,1500,0.1,0.01,True,164.8655645504679,23.852040305294572
16.0,1500,0.1,0.01,False,1000.0,90.0
16.0,1500,0.1,0.1,True,164.8655645504679,23.852040305294572
16.0,1500,0.1,0.1,False,1000.0,90.0
16.0,1500,0.2,0.0001,True,1000.0,59.703720026442824
16.0,1500,0.2,0.0001,False,1000.0,90.0
16.0,1500,0.2,0.001,True,1000.0,59.703720026442824
16.0,1500,0.2,0.001,False,1000.0,90.0
16.0,1500,0.2,0.01,True,1000.0,59.703720026442824
16.0,1500,0.2,0.01,False,1000.0,90.0
16.0,1500,0.2,0.1,True,1000.0,59.703720026442824
16.0,1500,0.2,0.1,False,1000.0,90.0
16.0,1500,0.30000000000000004,0.0001,True,1000.0,63.71341573348825
16.0,1500,0.30000000000000004,0.0001,False,1000.0,90.0
16.0,1500,0.30000000000000004,0.001,True,1000.0,63.71341573348825
16.0,1500,0.30000000000000004,0.001,False,1000.0,90.0
16.0,1500,0.30000000000000004,0.01,True,1000.0,63.71341573348825
16.0,1500,0.30000000000000004,0.01,False,1000.0,90.0
16.0,1500,0.30000000000000004,0.1,True,1000.0,63.71341573348825
16.0,1500,0.30000000000000004,0.1,False,1000.0,90.0
16.0,1500,0.4,0.0001,True,1000.0,90.0
16.0,1500,0.4,0.0001,False,1000.0,90.0
16.0,1500,0.4,0.001,True,1000.0,90.0
16.0,1500,0.4,0.001,False,1000.0,90.0
16.0,1500,0.4,0.01,True,1000.0,90.0
16.0,1500,0.4,0.01,False,1000.0,90.0
16.0,1500,0.4,0.1,True,1000.0,90.0
16.0,1500,0.4,0.1,False,1000.0,90.0
16.0,2000,0.001,0.0001,True,0.9984797392493558,5.736292794326808
16.0,2000,0.001,0.0001,False,0.998476903601919,7.111320338949092
16.0,2000,0.001,0.001,True,0.9984797392493558,5.736292794326808
16.0,2000,0.001,0.001,False,0.998476903601919,7.111320338949092
16.0,2000,0.001,0.01,True,0.9984797392493558,5.736292794326808
16.0,2000,0.001,0.01,False,0.998476903601919,7.111320338949092
16.0,2000,0.001,0.1,True,0.9984797392493558,5.736292794326808
16.0,2000,0.001,0.1,False,0.998476903601919,7.111320338949092
16.0,2000,0.002,0.0001,True,0.9977718018248917,3.142490835152948
16.0,2000,0.002,0.0001,False,0.9977661312474835,3.61125022536509
16.0,2000,0.002,0.001,True,0.9977718018248917,3.142490835152948
16.0,2000,0.002,0.001,False,0.9977661312474835,3.61125022536509
16.0,2000,0.002,0.01,True,0.9977718018248917,3.142490835152948
16.0,2000,0.002,0.01,False,0.9977661312474835,3.61125022536509
16.0,2000,0.002,0.1,True,0.9977718018248917,3.142490835152948
16.0,2000,0.002,0.1,False,0.9977661312474835,3.61125022536509
16.0,2000,0.003,0.0001,True,0.9970639955177322,2.1112201766862313
16.0,2000,0.003,0.0001,False,0.997055490729736,2.4862276888559407
16.0,2000,0.003,0.001,True,0.9970639955177322,2.1112201766862313
16.0,2000,0.003,0.001,False,0.997055490729736,2.4862276888559407
16.0,2000,0.003,0.01,True,0.9970639955177322,2.1112201766862313
16.0,2000,0.003,0.01,False,0.997055490729736,2.4862276888559407
16.0,2000,0.003,0.1,True,0.9970639955177322,2.1112201766862313
16.0,2000,0.003,0.1,False,0.997055490729736,2.4862276888559407
16.0,2000,0.004,0.0001,True,0.9963563204555604,1.829964542558944
16.0,2000,0.004,0.0001,False,0.9963449821782219,1.923716420601373
16.0,2000,0.004,0.001,True,0.9963563204555604,1.829964542558944
16.0,2000,0.004,0.001,False,0.9963449821782219,1.923716420601373
16.0,2000,0.004,0.01,True,0.9963563204555604,1.829964542558944
16.0,2000,0.004,0.01,False,0.9963449821782219,1.923716420601373
16.0,2000,0.004,0.1,True,0.9963563204555604,1.829964542558944
16.0,2000,0.004,0.1,False,0.9963449821782219,1.923716420601373
16.0,2000,0.005,0.0001,True,0.9956487767660882,1.3660129409643602
16.0,2000,0.005,0.0001,False,0.9956346057225526,1.7650593962218757
16.0,2000,0.005,0.001,True,0.9956487767660882,1.3660129409643602
16.0,2000,0.005,0.001,False,0.9956346057225526,1.7650593962218757
16.0,2000,0.005,0.01,True,0.9956487767660882,1.3660129409643602
16.0,2000,0.005,0.01,False,0.9956346057225526,1.7650593962218757
16.0,2000,0.005,0.1,True,0.9956487767660882,1.3660129409643602
16.0,2000,0.005,0.1,False,0.9956346057225526,1.7650593962218757
16.0,2000,0.006,0.0001,True,0.9949413645770386,1.303511688936073
16.0,2000,0.006,0.0001,False,0.9949243614923174,1.3347623149502184
16.0,2000,0.006,0.001,True,0.9949413645770386,1.303511688936073
16.0,2000,0.006,0.001,False,0.9949243614923174,1.3347623149502184
16.0,2000,0.006,0.01,True,0.9949413645770386,1.303511688936073
16.0,2000,0.006,0.01,False,0.9949243614923174,1.3347623149502184
16.0,2000,0.006,0.1,True,0.9949413645770386,1.303511688936073
16.0,2000,0.006,0.1,False,0.9949243614923174,1.3347623149502184
16.0,2000,0.007,0.0001,True,0.994234084016171,1.2698571686131501
16.0,2000,0.007,0.0001,False,0.9942142496172113,1.303511688936073
16.0,2000,0.007,0.001,True,0.994234084016171,1.2698571686131501
16.0,2000,0.007,0.001,False,0.9942142496172113,1.303511688936073
16.0,2000,0.007,0.01,True,0.994234084016171,1.2698571686131501
16.0,2000,0.007,0.01,False,0.9942142496172113,1.303511688936073
16.0,2000,0.007,0.1,True,0.994234084016171,1.2698571686131501
16.0,2000,0.007,0.1,False,0.9942142496172113,1.303511688936073
16.0,2000,0.008,0.0001,True,0.9935269352112746,3.204992087181232
16.0,2000,0.008,0.0001,False,0.9935042702268531,5.452633265890739
16.0,2000,0.008,0.001,True,0.9935269352112746,3.204992087181232
16.0,2000,0.008,0.001,False,0.9935042702268531,5.452633265890739
16.0,2000,0.008,0.01,True,0.9935269352112746,3.204992087181232
16.0,2000,0.008,0.01,False,0.9935042702268531,5.452633265890739
16.0,2000,0.008,0.1,True,0.9935269352112746,3.204992087181232
16.0,2000,0.008,0.1,False,0.9935042702268531,5.452633265890739
16.0,2000,0.009000000000000001,0.0001,True,0.9928199182901325,3.731444940804103
16.0,2000,0.009000000000000001,0.0001,False,0.9927944234509143,7.592099200705142
16.0,2000,0.009000000000000001,0.001,True,0.9928199182901325,3.731444940804103
16.0,2000,0.009000000000000001,0.001,False,0.9927944234509143,7.592099200705142
16.0,2000,0.009000000000000001,0.01,True,0.9928199182901325,3.731444940804103
16.0,2000,0.009000000000000001,0.01,False,0.9927944234509143,7.592099200705142
16.0,2000,0.009000000000000001,0.1,True,0.9928199182901325,3.731444940804103
16.0,2000,0.009000000000000001,0.1,False,0.9927944234509143,7.592099200705142
16.0,2000,0.01,0.0001,True,0.9921130333805344,3.2771089164446394
16.0,2000,0.01,0.0001,False,0.9920847094191404,7.469500590957345
16.0,2000,0.01,0.001,True,0.9921130333805344,3.2771089164446394
16.0,2000,0.01,0.001,False,0.9920847094191404,7.469500590957345
16.0,2000,0.01,0.01,True,0.9921130333805344,3.2771089164446394
16.0,2000,0.01,0.01,False,0.9920847094191404,7.469500590957345
16.0,2000,0.01,0.1,True,0.9921130333805344,3.2771089164446394
16.0,2000,0.01,0.1,False,0.9920847094191404,7.469500590957345
16.0,2000,0.01,0.0001,True,0.9921130333805344,3.2771089164446394
16.0,2000,0.01,0.0001,False,0.9920847094191404,7.469500590957345
16.0,2000,0.01,0.001,True,0.9921130333805344,3.2771089164446394
16.0,2000,0.01,0.001,False,0.9920847094191404,7.469500590957345
16.0,2000,0.01,0.01,True,0.9921130333805344,3.2771089164446394
16.0,2000,0.01,0.01,False,0.9920847094191404,7.469500590957345
16.0,2000,0.01,0.1,True,0.9921130333805344,3.2771089164446394
16.0,2000,0.01,0.1,False,0.9920847094191404,7.469500590957345
16.0,2000,0.02,0.0001,True,2.012664375009829,3.765099461127022
16.0,2000,0.02,0.0001,False,8.074733726104803,3.8516396562431083
16.0,2000,0.02,0.001,True,2.012664375009829,3.765099461127022
16.0,2000,0.02,0.001,False,8.074733726104803,3.8516396562431083
16.0,2000,0.02,0.01,True,2.012664375009829,3.765099461127022
16.0,2000,0.02,0.01,False,8.074733726104803,3.8516396562431083
16.0,2000,0.02,0.1,True,2.012664375009829,3.765099461127022
16.0,2000,0.02,0.1,False,8.074733726104803,3.8516396562431083
16.0,2000,0.03,0.0001,True,6.6570840706021635,2.6184418758388546
16.0,2000,0.03,0.0001,False,38.403863623376935,31.938740760031244
16.0,2000,0.03,0.001,True,6.6570840706021635,2.6184418758388546
16.0,2000,0.03,0.001,False,38.403863623376935,31.938740760031244
16.0,2000,0.03,0.01,True,6.6570840706021635,2.6184418758388546
16.0,2000,0.03,0.01,False,38.403863623376935,31.938740760031244
16.0,2000,0.03,0.1,True,6.6570840706021635,2.6184418758388546
16.0,2000,0.03,0.1,False,38.403863623376935,31.938740760031244
16.0,2000,0.04,0.0001,True,23.866059609346557,3.317975119693905
16.0,2000,0.04,0.0001,False,139.72040028836443,15.539373785532561
16.0,2000,0.04,0.001,True,23.866059609346557,3.317975119693905
16.0,2000,0.04,0.001,False,139.72040028836443,15.539373785532561
16.0,2000,0.04,0.01,True,23.866059609346557,3.317975119693905
16.0,2000,0.04,0.01,False,139.72040028836443,15.539373785532561
16.0,2000,0.04,0.1,True,23.866059609346557,3.317975119693905
16.0,2000,0.04,0.1,False,139.72040028836443,15.539373785532561
16.0,2000,0.05,0.0001,True,45.033163530876614,6.479096135739894
16.0,2000,0.05,0.0001,False,277.19283797581716,16.092269476552012
16.0,2000,0.05,0.001,True,45.033163530876614,6.479096135739894
16.0,2000,0.05,0.001,False,277.19283797581716,16.092269476552012
16.0,2000,0.05,0.01,True,45.033163530876614,6.479096135739894
16.0,2000,0.05,0.01,False,277.19283797581716,16.092269476552012
16.0,2000,0.05,0.1,True,45.033163530876614,6.479096135739894
16.0,2000,0.05,0.1,False,277.19283797581716,16.092269476552012
16.0,2000,0.06,0.0001,True,69.51899812226485,6.988721729201302
16.0,2000,0.06,0.0001,False,377.2672060922489,25.046775776758345
16.0,2000,0.06,0.001,True,69.51899812226485,6.988721729201302
16.0,2000,0.06,0.001,False,377.2672060922489,25.046775776758345
16.0,2000,0.06,0.01,True,69.51899812226485,6.988721729201302
16.0,2000,0.06,0.01,False,377.2672060922489,25.046775776758345
16.0,2000,0.06,0.1,True,69.51899812226485,6.988721729201302
16.0,2000,0.06,0.1,False,377.2672060922489,25.046775776758345
16.0,2000,0.07,0.0001,True,97.27180769157498,67.7784010096356
16.0,2000,0.07,0.0001,False,457.3590796603026,89.97596105691218
16.0,2000,0.07,0.001,True,97.27180769157498,67.7784010096356
16.0,2000,0.07,0.001,False,457.3590796603026,89.97596105691218
16.0,2000,0.07,0.01,True,97.27180769157498,67.7784010096356
16.0,2000,0.07,0.01,False,457.3590796603026,89.97596105691218
16.0,2000,0.07,0.1,True,97.27180769157498,67.7784010096356
16.0,2000,0.07,0.1,False,457.3590796603026,89.97596105691218
16.0,2000,0.08,0.0001,True,127.3658809413084,60.38161822151885
16.0,2000,0.08,0.0001,False,1000.0,90.0
16.0,2000,0.08,0.001,True,127.3658809413084,60.38161822151885
16.0,2000,0.08,0.001,False,1000.0,90.0
16.0,2000,0.08,0.01,True,127.3658809413084,60.38161822151885
16.0,2000,0.08,0.01,False,1000.0,90.0
16.0,2000,0.08,0.1,True,127.3658809413084,60.38161822151885
16.0,2000,0.08,0.1,False,1000.0,90.0
16.0,2000,0.09,0.0001,True,160.24365083109888,60.79268414832028
16.0,2000,0.09,0.0001,False,1000.0,90.0
16.0,2000,0.09,0.001,True,160.24365083109888,60.79268414832028
16.0,2000,0.09,0.001,False,1000.0,90.0
16.0,2000,0.09,0.01,True,160.24365083109888,60.79268414832028
16.0,2000,0.09,0.01,False,1000.0,90.0
16.0,2000,0.09,0.1,True,160.24365083109888,60.79268414832028
16.0,2000,0.09,0.1,False,1000.0,90.0
16.0,2000,0.1,0.0001,True,195.2573075657693,67.47791422103808
16.0,2000,0.1,0.0001,False,1000.0,90.0
16.0,2000,0.1,0.001,True,195.2573075657693,67.47791422103808
16.0,2000,0.1,0.001,False,1000.0,90.0
16.0,2000,0.1,0.01,True,195.2573075657693,67.47791422103808
16.0,2000,0.1,0.01,False,1000.0,90.0
16.0,2000,0.1,0.1,True,195.2573075657693,67.47791422103808
16.0,2000,0.1,0.1,False,1000.0,90.0
16.0,2000,0.1,0.0001,True,195.2573075657693,67.47791422103808
16.0,2000,0.1,0.0001,False,1000.0,90.0
16.0,2000,0.1,0.001,True,195.2573075657693,67.47791422103808
16.0,2000,0.1,0.001,False,1000.0,90.0
16.0,2000,0.1,0.01,True,195.2573075657693,67.47791422103808
16.0,2000,0.1,0.01,False,1000.0,90.0
16.0,2000,0.1,0.1,True,195.2573075657693,67.47791422103808
16.0,2000,0.1,0.1,False,1000.0,90.0
16.0,2000,0.2,0.0001,True,695.5202112282102,36.700855385724864
16.0,2000,0.2,0.0001,False,1000.0,90.0
16.0,2000,0.2,0.001,True,695.5202112282102,36.700855385724864
16.0,2000,0.2,0.001,False,1000.0,90.0
16.0,2000,0.2,0.01,True,695.5202112282102,36.700855385724864
16.0,2000,0.2,0.01,False,1000.0,90.0
16.0,2000,0.2,0.1,True,695.5202112282102,36.700855385724864
16.0,2000,0.2,0.1,False,1000.0,90.0
16.0,2000,0.30000000000000004,0.0001,True,1000.0,69.54045553797151
16.0,2000,0.30000000000000004,0.0001,False,1000.0,90.0
16.0,2000,0.30000000000000004,0.001,True,1000.0,69.54045553797151
16.0,2000,0.30000000000000004,0.001,False,1000.0,90.0
16.0,2000,0.30000000000000004,0.01,True,1000.0,69.54045553797151
16.0,2000,0.30000000000000004,0.01,False,1000.0,90.0
16.0,2000,0.30000000000000004,0.1,True,1000.0,69.54045553797151
16.0,2000,0.30000000000000004,0.1,False,1000.0,90.0
16.0,2000,0.4,0.0001,True,1000.0,90.0
16.0,2000,0.4,0.0001,False,1000.0,90.0
16.0,2000,0.4,0.001,True,1000.0,90.0
16.0,2000,0.4,0.001,False,1000.0,90.0
16.0,2000,0.4,0.01,True,1000.0,90.0
16.0,2000,0.4,0.01,False,1000.0,90.0
16.0,2000,0.4,0.1,True,1000.0,90.0
16.0,2000,0.4,0.1,False,1000.0,90.0
