Perturb Freq,Filter Size,Mu,Psi,Is SVD,Overshoot,Convergence Time
13.5,200,0.001,0.0001,True,2.0564451838869795,15.594663354634505
13.5,200,0.001,0.0001,False,6.450761522639202,25.43620665478074
13.5,200,0.001,0.001,True,2.0564451838869795,15.594663354634505
13.5,200,0.001,0.001,False,6.450761522639202,25.43620665478074
13.5,200,0.001,0.01,True,2.0564451838869795,15.594663354634505
13.5,200,0.001,0.01,False,6.450761522639202,25.43620665478074
13.5,200,0.001,0.1,True,2.0564451838869795,15.594663354634505
13.5,200,0.001,0.1,False,6.450761522639202,25.43620665478074
13.5,200,0.002,0.0001,True,1.1758222924384436,9.260401850998612
13.5,200,0.002,0.0001,False,4.359711099691156,14.765319818105326
13.5,200,0.002,0.001,True,1.1758222924384436,9.260401850998612
13.5,200,0.002,0.001,False,4.359711099691156,14.765319818105326
13.5,200,0.002,0.01,True,1.1758222924384436,9.260401850998612
13.5,200,0.002,0.01,False,4.359711099691156,14.765319818105326
13.5,200,0.002,0.1,True,1.1758222924384436,9.260401850998612
13.5,200,0.002,0.1,False,4.359711099691156,14.765319818105326
13.5,200,0.003,0.0001,True,0.9955423141573467,6.356497525992104
13.5,200,0.003,0.0001,False,4.006614098232156,11.171497826478891
13.5,200,0.003,0.001,True,0.9955423141573467,6.356497525992104
13.5,200,0.003,0.001,False,4.006614098232156,11.171497826478891
13.5,200,0.003,0.01,True,0.9955423141573467,6.356497525992104
13.5,200,0.003,0.01,False,4.006614098232156,11.171497826478891
13.5,200,0.003,0.1,True,0.9955423141573467,6.356497525992104
13.5,200,0.003,0.1,False,4.006614098232156,11.171497826478891
13.5,200,0.004,0.0001,True,0.995565163357428,5.281956769967344
13.5,200,0.004,0.0001,False,4.149424423579654,8.945491696548409
13.5,200,0.004,0.001,True,0.995565163357428,5.281956769967344
13.5,200,0.004,0.001,False,4.149424423579654,8.945491696548409
13.5,200,0.004,0.01,True,0.995565163357428,5.281956769967344
13.5,200,0.004,0.01,False,4.149424423579654,8.945491696548409
13.5,200,0.004,0.1,True,0.995565163357428,5.281956769967344
13.5,200,0.004,0.1,False,4.149424423579654,8.945491696548409
13.5,200,0.005,0.0001,True,0.9955880005555859,5.00070113584006
13.5,200,0.005,0.0001,False,4.178722508910012,8.301248021795303
13.5,200,0.005,0.001,True,0.9955880005555859,5.00070113584006
13.5,200,0.005,0.001,False,4.178722508910012,8.301248021795303
13.5,200,0.005,0.01,True,0.9955880005555859,5.00070113584006
13.5,200,0.005,0.01,False,4.178722508910012,8.301248021795303
13.5,200,0.005,0.1,True,0.9955880005555859,5.00070113584006
13.5,200,0.005,0.1,False,4.178722508910012,8.301248021795303
13.5,200,0.006,0.0001,True,0.9956108257520002,4.486267753761091
13.5,200,0.006,0.0001,False,4.565107005664261,7.435846070634426
13.5,200,0.006,0.001,True,0.9956108257520002,4.486267753761091
13.5,200,0.006,0.001,False,4.565107005664261,7.435846070634426
13.5,200,0.006,0.01,True,0.9956108257520002,4.486267753761091
13.5,200,0.006,0.01,False,4.565107005664261,7.435846070634426
13.5,200,0.006,0.1,True,0.9956108257520002,4.486267753761091
13.5,200,0.006,0.1,False,4.565107005664261,7.435846070634426
13.5,200,0.007,0.0001,True,0.9956336389467845,8.66183216811234
13.5,200,0.007,0.0001,False,4.634624969465813,8.522406298203087
13.5,200,0.007,0.001,True,0.9956336389467845,8.66183216811234
13.5,200,0.007,0.001,False,4.634624969465813,8.522406298203087
13.5,200,0.007,0.01,True,0.9956336389467845,8.66183216811234
13.5,200,0.007,0.01,False,4.634624969465813,8.522406298203087
13.5,200,0.007,0.1,True,0.9956336389467845,8.66183216811234
13.5,200,0.007,0.1,False,4.634624969465813,8.522406298203087
13.5,200,0.008,0.0001,True,1.098540678746883,22.41931929726156
13.5,200,0.008,0.0001,False,5.857767611326836,11.226787395580835
13.5,200,0.008,0.001,True,1.098540678746883,22.41931929726156
13.5,200,0.008,0.001,False,5.857767611326836,11.226787395580835
13.5,200,0.008,0.01,True,1.098540678746883,22.41931929726156
13.5,200,0.008,0.01,False,5.857767611326836,11.226787395580835
13.5,200,0.008,0.1,True,1.098540678746883,22.41931929726156
13.5,200,0.008,0.1,False,5.857767611326836,11.226787395580835
13.5,200,0.009000000000000001,0.0001,True,1.1491367942526793,19.789458923455996
13.5,200,0.009000000000000001,0.0001,False,6.9848384300376285,22.789519020813714
13.5,200,0.009000000000000001,0.001,True,1.1491367942526793,19.789458923455996
13.5,200,0.009000000000000001,0.001,False,6.9848384300376285,22.789519020813714
13.5,200,0.009000000000000001,0.01,True,1.1491367942526793,19.789458923455996
13.5,200,0.009000000000000001,0.01,False,6.9848384300376285,22.789519020813714
13.5,200,0.009000000000000001,0.1,True,1.1491367942526793,19.789458923455996
13.5,200,0.009000000000000001,0.1,False,6.9848384300376285,22.789519020813714
13.5,200,0.01,0.0001,True,1.124252049650674,15.524950419679875
13.5,200,0.01,0.0001,False,7.066538458646888,26.87133155712253
13.5,200,0.01,0.001,True,1.124252049650674,15.524950419679875
13.5,200,0.01,0.001,False,7.066538458646888,26.87133155712253
13.5,200,0.01,0.01,True,1.124252049650674,15.524950419679875
13.5,200,0.01,0.01,False,7.066538458646888,26.87133155712253
13.5,200,0.01,0.1,True,1.124252049650674,15.524950419679875
13.5,200,0.01,0.1,False,7.066538458646888,26.87133155712253
13.5,200,0.01,0.0001,True,1.124252049650674,15.524950419679875
13.5,200,0.01,0.0001,False,7.066538458646888,26.87133155712253
13.5,200,0.01,0.001,True,1.124252049650674,15.524950419679875
13.5,200,0.01,0.001,False,7.066538458646888,26.87133155712253
13.5,200,0.01,0.01,True,1.124252049650674,15.524950419679875
13.5,200,0.01,0.01,False,7.066538458646888,26.87133155712253
13.5,200,0.01,0.1,True,1.124252049650674,15.524950419679875
13.5,200,0.01,0.1,False,7.066538458646888,26.87133155712253
13.5,200,0.02,0.0001,True,23.18181787480733,28.412227809050655
13.5,200,0.02,0.0001,False,165.42911958215657,39.90043871071134
13.5,200,0.02,0.001,True,23.18181787480733,28.412227809050655
13.5,200,0.02,0.001,False,165.42911958215657,39.90043871071134
13.5,200,0.02,0.01,True,23.18181787480733,28.412227809050655
13.5,200,0.02,0.01,False,165.42911958215657,39.90043871071134
13.5,200,0.02,0.1,True,23.18181787480733,28.412227809050655
13.5,200,0.02,0.1,False,165.42911958215657,39.90043871071134
13.5,200,0.03,0.0001,True,1000.0,57.583485246098675
13.5,200,0.03,0.0001,False,1000.0,90.0
13.5,200,0.03,0.001,True,1000.0,57.583485246098675
13.5,200,0.03,0.001,False,1000.0,90.0
13.5,200,0.03,0.01,True,1000.0,57.583485246098675
13.5,200,0.03,0.01,False,1000.0,90.0
13.5,200,0.03,0.1,True,1000.0,57.583485246098675
13.5,200,0.03,0.1,False,1000.0,90.0
13.5,200,0.04,0.0001,True,1000.0,90.0
13.5,200,0.04,0.0001,False,1000.0,90.0
13.5,200,0.04,0.001,True,1000.0,90.0
13.5,200,0.04,0.001,False,1000.0,90.0
13.5,200,0.04,0.01,True,1000.0,90.0
13.5,200,0.04,0.01,False,1000.0,90.0
13.5,200,0.04,0.1,True,1000.0,90.0
13.5,200,0.04,0.1,False,1000.0,90.0
13.5,200,0.05,0.0001,True,1000.0,90.0
13.5,200,0.05,0.0001,False,1000.0,90.0
13.5,200,0.05,0.001,True,1000.0,90.0
13.5,200,0.05,0.001,False,1000.0,90.0
13.5,200,0.05,0.01,True,1000.0,90.0
13.5,200,0.05,0.01,False,1000.0,90.0
13.5,200,0.05,0.1,True,1000.0,90.0
13.5,200,0.05,0.1,False,1000.0,90.0
13.5,200,0.06,0.0001,True,1000.0,90.0
13.5,200,0.06,0.0001,False,1000.0,90.0
13.5,200,0.06,0.001,True,1000.0,90.0
13.5,200,0.06,0.001,False,1000.0,90.0
13.5,200,0.06,0.01,True,1000.0,90.0
13.5,200,0.06,0.01,False,1000.0,90.0
13.5,200,0.06,0.1,True,1000.0,90.0
13.5,200,0.06,0.1,False,1000.0,90.0
13.5,200,0.07,0.0001,True,1000.0,90.0
13.5,200,0.07,0.0001,False,1000.0,90.0
13.5,200,0.07,0.001,True,1000.0,90.0
13.5,200,0.07,0.001,False,1000.0,90.0
13.5,200,0.07,0.01,True,1000.0,90.0
13.5,200,0.07,0.01,False,1000.0,90.0
13.5,200,0.07,0.1,True,1000.0,90.0
13.5,200,0.07,0.1,False,1000.0,90.0
13.5,200,0.08,0.0001,True,1000.0,90.0
13.5,200,0.08,0.0001,False,1000.0,90.0
13.5,200,0.08,0.001,True,1000.0,90.0
13.5,200,0.08,0.001,False,1000.0,90.0
13.5,200,0.08,0.01,True,1000.0,90.0
13.5,200,0.08,0.01,False,1000.0,90.0
13.5,200,0.08,0.1,True,1000.0,90.0
13.5,200,0.08,0.1,False,1000.0,90.0
13.5,200,0.09,0.0001,True,1000.0,90.0
13.5,200,0.09,0.0001,False,1000.0,90.0
13.5,200,0.09,0.001,True,1000.0,90.0
13.5,200,0.09,0.001,False,1000.0,90.0
13.5,200,0.09,0.01,True,1000.0,90.0
13.5,200,0.09,0.01,False,1000.0,90.0
13.5,200,0.09,0.1,True,1000.0,90.0
13.5,200,0.09,0.1,False,1000.0,90.0
13.5,200,0.1,0.0001,True,1000.0,90.0
13.5,200,0.1,0.0001,False,1000.0,90.0
13.5,200,0.1,0.001,True,1000.0,90.0
13.5,200,0.1,0.001,False,1000.0,90.0
13.5,200,0.1,0.01,True,1000.0,90.0
13.5,200,0.1,0.01,False,1000.0,90.0
13.5,200,0.1,0.1,True,1000.0,90.0
13.5,200,0.1,0.1,False,1000.0,90.0
13.5,400,0.001,0.0001,True,0.9981395563973546,6.471884452813555
13.5,400,0.001,0.0001,False,1.01136778522539,7.873354834832426
13.5,400,0.001,0.001,True,0.9981395563973546,6.471884452813555
13.5,400,0.001,0.001,False,1.01136778522539,7.873354834832426
13.5,400,0.001,0.01,True,0.9981395563973546,6.471884452813555
13.5,400,0.001,0.01,False,1.01136778522539,7.873354834832426
13.5,400,0.001,0.1,True,0.9981395563973546,6.471884452813555
13.5,400,0.001,0.1,False,1.01136778522539,7.873354834832426
13.5,400,0.002,0.0001,True,0.9971836771471208,3.10402852621246
13.5,400,0.002,0.0001,False,1.0238293157781864,5.022336184619078
13.5,400,0.002,0.001,True,0.9971836771471208,3.10402852621246
13.5,400,0.002,0.001,False,1.0238293157781864,5.022336184619078
13.5,400,0.002,0.01,True,0.9971836771471208,3.10402852621246
13.5,400,0.002,0.01,False,1.0238293157781864,5.022336184619078
13.5,400,0.002,0.1,True,0.9971836771471208,3.10402852621246
13.5,400,0.002,0.1,False,1.0238293157781864,5.022336184619078
13.5,400,0.003,0.0001,True,0.9972315876474982,1.954967046615515
13.5,400,0.003,0.0001,False,1.0373130379213191,15.801398265189604
13.5,400,0.003,0.001,True,0.9972315876474982,1.954967046615515
13.5,400,0.003,0.001,False,1.0373130379213191,15.801398265189604
13.5,400,0.003,0.01,True,0.9972315876474982,1.954967046615515
13.5,400,0.003,0.01,False,1.0373130379213191,15.801398265189604
13.5,400,0.003,0.1,True,0.9972315876474982,1.954967046615515
13.5,400,0.003,0.1,False,1.0373130379213191,15.801398265189604
13.5,400,0.004,0.0001,True,0.9972793568476789,1.6929425669584717
13.5,400,0.004,0.0001,False,1.051772582825827,36.32584787355515
13.5,400,0.004,0.001,True,0.9972793568476789,1.6929425669584717
13.5,400,0.004,0.001,False,1.051772582825827,36.32584787355515
13.5,400,0.004,0.01,True,0.9972793568476789,1.6929425669584717
13.5,400,0.004,0.01,False,1.051772582825827,36.32584787355515
13.5,400,0.004,0.1,True,0.9972793568476789,1.6929425669584717
13.5,400,0.004,0.1,False,1.051772582825827,36.32584787355515
13.5,400,0.005,0.0001,True,0.9973269848060561,3.4694204611470525
13.5,400,0.005,0.0001,False,1.2204221491579095,46.34287545824235
13.5,400,0.005,0.001,True,0.9973269848060561,3.4694204611470525
13.5,400,0.005,0.001,False,1.2204221491579095,46.34287545824235
13.5,400,0.005,0.01,True,0.9973269848060561,3.4694204611470525
13.5,400,0.005,0.01,False,1.2204221491579095,46.34287545824235
13.5,400,0.005,0.1,True,0.9973269848060561,3.4694204611470525
13.5,400,0.005,0.1,False,1.2204221491579095,46.34287545824235
13.5,400,0.006,0.0001,True,0.9973744715809835,13.354233858851337
13.5,400,0.006,0.0001,False,2.9517753178651103,77.65600272441354
13.5,400,0.006,0.001,True,0.9973744715809835,13.354233858851337
13.5,400,0.006,0.001,False,2.9517753178651103,77.65600272441354
13.5,400,0.006,0.01,True,0.9973744715809835,13.354233858851337
13.5,400,0.006,0.01,False,2.9517753178651103,77.65600272441354
13.5,400,0.006,0.1,True,0.9973744715809835,13.354233858851337
13.5,400,0.006,0.1,False,2.9517753178651103,77.65600272441354
13.5,400,0.007,0.0001,True,0.9974218172310331,12.306135940223157
13.5,400,0.007,0.0001,False,9.25148623617744,89.94471043089804
13.5,400,0.007,0.001,True,0.9974218172310331,12.306135940223157
13.5,400,0.007,0.001,False,9.25148623617744,89.94471043089804
13.5,400,0.007,0.01,True,0.9974218172310331,12.306135940223157
13.5,400,0.007,0.01,False,9.25148623617744,89.94471043089804
13.5,400,0.007,0.1,True,0.9974218172310331,12.306135940223157
13.5,400,0.007,0.1,False,9.25148623617744,89.94471043089804
13.5,400,0.008,0.0001,True,0.9974690218147768,54.213225425188796
13.5,400,0.008,0.0001,False,22.553580595766018,90.0
13.5,400,0.008,0.001,True,0.9974690218147768,54.213225425188796
13.5,400,0.008,0.001,False,22.553580595766018,90.0
13.5,400,0.008,0.01,True,0.9974690218147768,54.213225425188796
13.5,400,0.008,0.01,False,22.553580595766018,90.0
13.5,400,0.008,0.1,True,0.9974690218147768,54.213225425188796
13.5,400,0.008,0.1,False,22.553580595766018,90.0
13.5,400,0.009000000000000001,0.0001,True,2.9429771541264516,29.998798052845608
13.5,400,0.009000000000000001,0.0001,False,44.61307938307487,90.0
13.5,400,0.009000000000000001,0.001,True,2.9429771541264516,29.998798052845608
13.5,400,0.009000000000000001,0.001,False,44.61307938307487,90.0
13.5,400,0.009000000000000001,0.01,True,2.9429771541264516,29.998798052845608
13.5,400,0.009000000000000001,0.01,False,44.61307938307487,90.0
13.5,400,0.009000000000000001,0.1,True,2.9429771541264516,29.998798052845608
13.5,400,0.009000000000000001,0.1,False,44.61307938307487,90.0
13.5,400,0.01,0.0001,True,75.03742755660495,61.482601814940196
13.5,400,0.01,0.0001,False,352.2557415878094,90.0
13.5,400,0.01,0.001,True,75.03742755660495,61.482601814940196
13.5,400,0.01,0.001,False,352.2557415878094,90.0
13.5,400,0.01,0.01,True,75.03742755660495,61.482601814940196
13.5,400,0.01,0.01,False,352.2557415878094,90.0
13.5,400,0.01,0.1,True,75.03742755660495,61.482601814940196
13.5,400,0.01,0.1,False,352.2557415878094,90.0
13.5,400,0.01,0.0001,True,75.03742755660495,61.482601814940196
13.5,400,0.01,0.0001,False,352.2557415878094,90.0
13.5,400,0.01,0.001,True,75.03742755660495,61.482601814940196
13.5,400,0.01,0.001,False,352.2557415878094,90.0
13.5,400,0.01,0.01,True,75.03742755660495,61.482601814940196
13.5,400,0.01,0.01,False,352.2557415878094,90.0
13.5,400,0.01,0.1,True,75.03742755660495,61.482601814940196
13.5,400,0.01,0.1,False,352.2557415878094,90.0
13.5,400,0.02,0.0001,True,1000.0,90.0
13.5,400,0.02,0.0001,False,1000.0,90.0
13.5,400,0.02,0.001,True,1000.0,90.0
13.5,400,0.02,0.001,False,1000.0,90.0
13.5,400,0.02,0.01,True,1000.0,90.0
13.5,400,0.02,0.01,False,1000.0,90.0
13.5,400,0.02,0.1,True,1000.0,90.0
13.5,400,0.02,0.1,False,1000.0,90.0
13.5,400,0.03,0.0001,True,1000.0,90.0
13.5,400,0.03,0.0001,False,1000.0,90.0
13.5,400,0.03,0.001,True,1000.0,90.0
13.5,400,0.03,0.001,False,1000.0,90.0
13.5,400,0.03,0.01,True,1000.0,90.0
13.5,400,0.03,0.01,False,1000.0,90.0
13.5,400,0.03,0.1,True,1000.0,90.0
13.5,400,0.03,0.1,False,1000.0,90.0
13.5,400,0.04,0.0001,True,1000.0,90.0
13.5,400,0.04,0.0001,False,1000.0,90.0
13.5,400,0.04,0.001,True,1000.0,90.0
13.5,400,0.04,0.001,False,1000.0,90.0
13.5,400,0.04,0.01,True,1000.0,90.0
13.5,400,0.04,0.01,False,1000.0,90.0
13.5,400,0.04,0.1,True,1000.0,90.0
13.5,400,0.04,0.1,False,1000.0,90.0
13.5,400,0.05,0.0001,True,1000.0,90.0
13.5,400,0.05,0.0001,False,1000.0,90.0
13.5,400,0.05,0.001,True,1000.0,90.0
13.5,400,0.05,0.001,False,1000.0,90.0
13.5,400,0.05,0.01,True,1000.0,90.0
13.5,400,0.05,0.01,False,1000.0,90.0
13.5,400,0.05,0.1,True,1000.0,90.0
13.5,400,0.05,0.1,False,1000.0,90.0
13.5,400,0.06,0.0001,True,1000.0,90.0
13.5,400,0.06,0.0001,False,1000.0,90.0
13.5,400,0.06,0.001,True,1000.0,90.0
13.5,400,0.06,0.001,False,1000.0,90.0
13.5,400,0.06,0.01,True,1000.0,90.0
13.5,400,0.06,0.01,False,1000.0,90.0
13.5,400,0.06,0.1,True,1000.0,90.0
13.5,400,0.06,0.1,False,1000.0,90.0
13.5,400,0.07,0.0001,True,1000.0,90.0
13.5,400,0.07,0.0001,False,1000.0,90.0
13.5,400,0.07,0.001,True,1000.0,90.0
13.5,400,0.07,0.001,False,1000.0,90.0
13.5,400,0.07,0.01,True,1000.0,90.0
13.5,400,0.07,0.01,False,1000.0,90.0
13.5,400,0.07,0.1,True,1000.0,90.0
13.5,400,0.07,0.1,False,1000.0,90.0
13.5,400,0.08,0.0001,True,1000.0,90.0
13.5,400,0.08,0.0001,False,1000.0,90.0
13.5,400,0.08,0.001,True,1000.0,90.0
13.5,400,0.08,0.001,False,1000.0,90.0
13.5,400,0.08,0.01,True,1000.0,90.0
13.5,400,0.08,0.01,False,1000.0,90.0
13.5,400,0.08,0.1,True,1000.0,90.0
13.5,400,0.08,0.1,False,1000.0,90.0
13.5,400,0.09,0.0001,True,1000.0,90.0
13.5,400,0.09,0.0001,False,1000.0,90.0
13.5,400,0.09,0.001,True,1000.0,90.0
13.5,400,0.09,0.001,False,1000.0,90.0
13.5,400,0.09,0.01,True,1000.0,90.0
13.5,400,0.09,0.01,False,1000.0,90.0
13.5,400,0.09,0.1,True,1000.0,90.0
13.5,400,0.09,0.1,False,1000.0,90.0
13.5,400,0.1,0.0001,True,1000.0,90.0
13.5,400,0.1,0.0001,False,1000.0,90.0
13.5,400,0.1,0.001,True,1000.0,90.0
13.5,400,0.1,0.001,False,1000.0,90.0
13.5,400,0.1,0.01,True,1000.0,90.0
13.5,400,0.1,0.01,False,1000.0,90.0
13.5,400,0.1,0.1,True,1000.0,90.0
13.5,400,0.1,0.1,False,1000.0,90.0
13.5,600,0.001,0.0001,True,1.002045248689248,5.914180973176542
13.5,600,0.001,0.0001,False,0.999659266735883,6.618522005649147
13.5,600,0.001,0.001,True,1.002045248689248,5.914180973176542
13.5,600,0.001,0.001,False,0.999659266735883,6.618522005649147
13.5,600,0.001,0.01,True,1.002045248689248,5.914180973176542
13.5,600,0.001,0.01,False,0.999659266735883,6.618522005649147
13.5,600,0.001,0.1,True,1.002045248689248,5.914180973176542
13.5,600,0.001,0.1,False,0.999659266735883,6.618522005649147
13.5,600,0.002,0.0001,True,1.004978372943062,3.1016246319036824
13.5,600,0.002,0.0001,False,1.000193474768588,3.17374146116709
13.5,600,0.002,0.001,True,1.004978372943062,3.1016246319036824
13.5,600,0.002,0.001,False,1.000193474768588,3.17374146116709
13.5,600,0.002,0.01,True,1.004978372943062,3.1016246319036824
13.5,600,0.002,0.01,False,1.000193474768588,3.17374146116709
13.5,600,0.002,0.1,True,1.004978372943062,3.1016246319036824
13.5,600,0.002,0.1,False,1.000193474768588,3.17374146116709
13.5,600,0.003,0.0001,True,1.0079183599620118,1.950159257997953
13.5,600,0.003,0.0001,False,1.000721580870727,4.200204331016245
13.5,600,0.003,0.001,True,1.0079183599620118,1.950159257997953
13.5,600,0.003,0.001,False,1.000721580870727,4.200204331016245
13.5,600,0.003,0.01,True,1.0079183599620118,1.950159257997953
13.5,600,0.003,0.01,False,1.000721580870727,4.200204331016245
13.5,600,0.003,0.1,True,1.0079183599620118,1.950159257997953
13.5,600,0.003,0.1,False,1.000721580870727,4.200204331016245
13.5,600,0.004,0.0001,True,1.0108652301651182,3.029507802640275
13.5,600,0.004,0.0001,False,1.0012435750083661,4.337226306616714
13.5,600,0.004,0.001,True,1.0108652301651182,3.029507802640275
13.5,600,0.004,0.001,False,1.0012435750083661,4.337226306616714
13.5,600,0.004,0.01,True,1.0108652301651182,3.029507802640275
13.5,600,0.004,0.01,False,1.0012435750083661,4.337226306616714
13.5,600,0.004,0.1,True,1.0108652301651182,3.029507802640275
13.5,600,0.004,0.1,False,1.0012435750083661,4.337226306616714
13.5,600,0.005,0.0001,True,1.0138190040533823,3.967026583064559
13.5,600,0.005,0.0001,False,1.00196161735631,12.29652036298804
13.5,600,0.005,0.001,True,1.0138190040533823,3.967026583064559
13.5,600,0.005,0.001,False,1.00196161735631,12.29652036298804
13.5,600,0.005,0.01,True,1.0138190040533823,3.967026583064559
13.5,600,0.005,0.01,False,1.00196161735631,12.29652036298804
13.5,600,0.005,0.1,True,1.0138190040533823,3.967026583064559
13.5,600,0.005,0.1,False,1.00196161735631,12.29652036298804
13.5,600,0.006,0.0001,True,1.0167797022101688,3.1617219896231887
13.5,600,0.006,0.0001,False,1.027817749932642,19.16204250886436
13.5,600,0.006,0.001,True,1.0167797022101688,3.1617219896231887
13.5,600,0.006,0.001,False,1.027817749932642,19.16204250886436
13.5,600,0.006,0.01,True,1.0167797022101688,3.1617219896231887
13.5,600,0.006,0.01,False,1.027817749932642,19.16204250886436
13.5,600,0.006,0.1,True,1.0167797022101688,3.1617219896231887
13.5,600,0.006,0.1,False,1.027817749932642,19.16204250886436
13.5,600,0.007,0.0001,True,1.0197473453014179,2.914120875818824
13.5,600,0.007,0.0001,False,2.1843689418417545,47.17702678338908
13.5,600,0.007,0.001,True,1.0197473453014179,2.914120875818824
13.5,600,0.007,0.001,False,2.1843689418417545,47.17702678338908
13.5,600,0.007,0.01,True,1.0197473453014179,2.914120875818824
13.5,600,0.007,0.01,False,2.1843689418417545,47.17702678338908
13.5,600,0.007,0.1,True,1.0197473453014179,2.914120875818824
13.5,600,0.007,0.1,False,2.1843689418417545,47.17702678338908
13.5,600,0.008,0.0001,True,1.0492822117432705,2.664115867705682
13.5,600,0.008,0.0001,False,7.870673324564225,60.86960876620124
13.5,600,0.008,0.001,True,1.0492822117432705,2.664115867705682
13.5,600,0.008,0.001,False,7.870673324564225,60.86960876620124
13.5,600,0.008,0.01,True,1.0492822117432705,2.664115867705682
13.5,600,0.008,0.01,False,7.870673324564225,60.86960876620124
13.5,600,0.008,0.1,True,1.0492822117432705,2.664115867705682
13.5,600,0.008,0.1,False,7.870673324564225,60.86960876620124
13.5,600,0.009000000000000001,0.0001,True,1.5790310808497945,3.3107634367675587
13.5,600,0.009000000000000001,0.0001,False,17.243632143004152,90.0
13.5,600,0.009000000000000001,0.001,True,1.5790310808497945,3.3107634367675587
13.5,600,0.009000000000000001,0.001,False,17.243632143004152,90.0
13.5,600,0.009000000000000001,0.01,True,1.5790310808497945,3.3107634367675587
13.5,600,0.009000000000000001,0.01,False,17.243632143004152,90.0
13.5,600,0.009000000000000001,0.1,True,1.5790310808497945,3.3107634367675587
13.5,600,0.009000000000000001,0.1,False,17.243632143004152,90.0
13.5,600,0.01,0.0001,True,2.2540190467733123,3.928564274124078
13.5,600,0.01,0.0001,False,55.348553312221476,90.0
13.5,600,0.01,0.001,True,2.2540190467733123,3.928564274124078
13.5,600,0.01,0.001,False,55.348553312221476,90.0
13.5,600,0.01,0.01,True,2.2540190467733123,3.928564274124078
13.5,600,0.01,0.01,False,55.348553312221476,90.0
13.5,600,0.01,0.1,True,2.2540190467733123,3.928564274124078
13.5,600,0.01,0.1,False,55.348553312221476,90.0
13.5,600,0.01,0.0001,True,2.2540190467733123,3.928564274124078
13.5,600,0.01,0.0001,False,55.348553312221476,90.0
13.5,600,0.01,0.001,True,2.2540190467733123,3.928564274124078
13.5,600,0.01,0.001,False,55.348553312221476,90.0
13.5,600,0.01,0.01,True,2.2540190467733123,3.928564274124078
13.5,600,0.01,0.01,False,55.348553312221476,90.0
13.5,600,0.01,0.1,True,2.2540190467733123,3.928564274124078
13.5,600,0.01,0.1,False,55.348553312221476,90.0
13.5,600,0.02,0.0001,True,14.39049769318948,11.839780444319793
13.5,600,0.02,0.0001,False,1000.0,90.0
13.5,600,0.02,0.001,True,14.39049769318948,11.839780444319793
13.5,600,0.02,0.001,False,1000.0,90.0
13.5,600,0.02,0.01,True,14.39049769318948,11.839780444319793
13.5,600,0.02,0.01,False,1000.0,90.0
13.5,600,0.02,0.1,True,14.39049769318948,11.839780444319793
13.5,600,0.02,0.1,False,1000.0,90.0
13.5,600,0.03,0.0001,True,31.80048636775526,24.133295939421856
13.5,600,0.03,0.0001,False,1000.0,90.0
13.5,600,0.03,0.001,True,31.80048636775526,24.133295939421856
13.5,600,0.03,0.001,False,1000.0,90.0
13.5,600,0.03,0.01,True,31.80048636775526,24.133295939421856
13.5,600,0.03,0.01,False,1000.0,90.0
13.5,600,0.03,0.1,True,31.80048636775526,24.133295939421856
13.5,600,0.03,0.1,False,1000.0,90.0
13.5,600,0.04,0.0001,True,51.74820024381591,44.169755003105024
13.5,600,0.04,0.0001,False,1000.0,90.0
13.5,600,0.04,0.001,True,51.74820024381591,44.169755003105024
13.5,600,0.04,0.001,False,1000.0,90.0
13.5,600,0.04,0.01,True,51.74820024381591,44.169755003105024
13.5,600,0.04,0.01,False,1000.0,90.0
13.5,600,0.04,0.1,True,51.74820024381591,44.169755003105024
13.5,600,0.04,0.1,False,1000.0,90.0
13.5,600,0.05,0.0001,True,166.05962026610473,55.287766181213556
13.5,600,0.05,0.0001,False,1000.0,90.0
13.5,600,0.05,0.001,True,166.05962026610473,55.287766181213556
13.5,600,0.05,0.001,False,1000.0,90.0
13.5,600,0.05,0.01,True,166.05962026610473,55.287766181213556
13.5,600,0.05,0.01,False,1000.0,90.0
13.5,600,0.05,0.1,True,166.05962026610473,55.287766181213556
13.5,600,0.05,0.1,False,1000.0,90.0
13.5,600,0.06,0.0001,True,1000.0,79.00699132594802
13.5,600,0.06,0.0001,False,1000.0,90.0
13.5,600,0.06,0.001,True,1000.0,79.00699132594802
13.5,600,0.06,0.001,False,1000.0,90.0
13.5,600,0.06,0.01,True,1000.0,79.00699132594802
13.5,600,0.06,0.01,False,1000.0,90.0
13.5,600,0.06,0.1,True,1000.0,79.00699132594802
13.5,600,0.06,0.1,False,1000.0,90.0
13.5,600,0.07,0.0001,True,1000.0,89.97596105691218
13.5,600,0.07,0.0001,False,1000.0,90.0
13.5,600,0.07,0.001,True,1000.0,89.97596105691218
13.5,600,0.07,0.001,False,1000.0,90.0
13.5,600,0.07,0.01,True,1000.0,89.97596105691218
13.5,600,0.07,0.01,False,1000.0,90.0
13.5,600,0.07,0.1,True,1000.0,89.97596105691218
13.5,600,0.07,0.1,False,1000.0,90.0
13.5,600,0.08,0.0001,True,1000.0,90.0
13.5,600,0.08,0.0001,False,1000.0,90.0
13.5,600,0.08,0.001,True,1000.0,90.0
13.5,600,0.08,0.001,False,1000.0,90.0
13.5,600,0.08,0.01,True,1000.0,90.0
13.5,600,0.08,0.01,False,1000.0,90.0
13.5,600,0.08,0.1,True,1000.0,90.0
13.5,600,0.08,0.1,False,1000.0,90.0
13.5,600,0.09,0.0001,True,1000.0,90.0
13.5,600,0.09,0.0001,False,1000.0,90.0
13.5,600,0.09,0.001,True,1000.0,90.0
13.5,600,0.09,0.001,False,1000.0,90.0
13.5,600,0.09,0.01,True,1000.0,90.0
13.5,600,0.09,0.01,False,1000.0,90.0
13.5,600,0.09,0.1,True,1000.0,90.0
13.5,600,0.09,0.1,False,1000.0,90.0
13.5,600,0.1,0.0001,True,1000.0,90.0
13.5,600,0.1,0.0001,False,1000.0,90.0
13.5,600,0.1,0.001,True,1000.0,90.0
13.5,600,0.1,0.001,False,1000.0,90.0
13.5,600,0.1,0.01,True,1000.0,90.0
13.5,600,0.1,0.01,False,1000.0,90.0
13.5,600,0.1,0.1,True,1000.0,90.0
13.5,600,0.1,0.1,False,1000.0,90.0
13.5,800,0.001,0.0001,True,1.0020273916625537,5.839660249604357
13.5,800,0.001,0.0001,False,1.0015557498511427,7.505559005589049
13.5,800,0.001,0.001,True,1.0020273916625537,5.839660249604357
13.5,800,0.001,0.001,False,1.0015557498511427,7.505559005589049
13.5,800,0.001,0.01,True,1.0020273916625537,5.839660249604357
13.5,800,0.001,0.01,False,1.0015557498511427,7.505559005589049
13.5,800,0.001,0.1,True,1.0020273916625537,5.839660249604357
13.5,800,0.001,0.1,False,1.0015557498511427,7.505559005589049
13.5,800,0.002,0.0001,True,1.0049424663784672,2.8780624611871204
13.5,800,0.002,0.0001,False,1.0039972003240512,3.7290410464953183
13.5,800,0.002,0.001,True,1.0049424663784672,2.8780624611871204
13.5,800,0.002,0.001,False,1.0039972003240512,3.7290410464953183
13.5,800,0.002,0.01,True,1.0049424663784672,2.8780624611871204
13.5,800,0.002,0.01,False,1.0039972003240512,3.7290410464953183
13.5,800,0.002,0.1,True,1.0049424663784672,2.8780624611871204
13.5,800,0.002,0.1,False,1.0039972003240512,3.7290410464953183
13.5,800,0.003,0.0001,True,1.00786421038099,2.019872192952583
13.5,800,0.003,0.0001,False,1.0064433294349895,3.1713375668583055
13.5,800,0.003,0.001,True,1.00786421038099,2.019872192952583
13.5,800,0.003,0.001,False,1.0064433294349895,3.1713375668583055
13.5,800,0.003,0.01,True,1.00786421038099,2.019872192952583
13.5,800,0.003,0.01,False,1.0064433294349895,3.1713375668583055
13.5,800,0.003,0.1,True,1.00786421038099,2.019872192952583
13.5,800,0.003,0.1,False,1.0064433294349895,3.1713375668583055
13.5,800,0.004,0.0001,True,1.0107926431183083,2.998257176626133
13.5,800,0.004,0.0001,False,1.0088941483740375,3.1328752579178243
13.5,800,0.004,0.001,True,1.0107926431183083,2.998257176626133
13.5,800,0.004,0.001,False,1.0088941483740375,3.1328752579178243
13.5,800,0.004,0.01,True,1.0107926431183083,2.998257176626133
13.5,800,0.004,0.01,False,1.0088941483740375,3.1328752579178243
13.5,800,0.004,0.1,True,1.0107926431183083,2.998257176626133
13.5,800,0.004,0.1,False,1.0088941483740375,3.1328752579178243
13.5,800,0.005,0.0001,True,1.0137277841173036,3.099220737594898
13.5,800,0.005,0.0001,False,1.0113496683682528,9.654640517638569
13.5,800,0.005,0.001,True,1.0137277841173036,3.099220737594898
13.5,800,0.005,0.001,False,1.0113496683682528,9.654640517638569
13.5,800,0.005,0.01,True,1.0137277841173036,3.099220737594898
13.5,800,0.005,0.01,False,1.0113496683682528,9.654640517638569
13.5,800,0.005,0.1,True,1.0137277841173036,3.099220737594898
13.5,800,0.005,0.1,False,1.0113496683682528,9.654640517638569
13.5,800,0.006,0.0001,True,1.0166696529839783,3.0271039083314975
13.5,800,0.006,0.0001,False,1.0138099006820334,23.484244476051202
13.5,800,0.006,0.001,True,1.0166696529839783,3.0271039083314975
13.5,800,0.006,0.001,False,1.0138099006820334,23.484244476051202
13.5,800,0.006,0.01,True,1.0166696529839783,3.0271039083314975
13.5,800,0.006,0.01,False,1.0138099006820334,23.484244476051202
13.5,800,0.006,0.1,True,1.0166696529839783,3.0271039083314975
13.5,800,0.006,0.1,False,1.0138099006820334,23.484244476051202
13.5,800,0.007,0.0001,True,1.019618269403525,2.849215729481756
13.5,800,0.007,0.0001,False,1.4323338375902834,25.433802760471963
13.5,800,0.007,0.001,True,1.019618269403525,2.849215729481756
13.5,800,0.007,0.001,False,1.4323338375902834,25.433802760471963
13.5,800,0.007,0.01,True,1.019618269403525,2.849215729481756
13.5,800,0.007,0.01,False,1.4323338375902834,25.433802760471963
13.5,800,0.007,0.1,True,1.019618269403525,2.849215729481756
13.5,800,0.007,0.1,False,1.4323338375902834,25.433802760471963
13.5,800,0.008,0.0001,True,1.062430078258156,3.51509445301388
13.5,800,0.008,0.0001,False,3.831411469845801,26.416995532763075
13.5,800,0.008,0.001,True,1.062430078258156,3.51509445301388
13.5,800,0.008,0.001,False,3.831411469845801,26.416995532763075
13.5,800,0.008,0.01,True,1.062430078258156,3.51509445301388
13.5,800,0.008,0.01,False,3.831411469845801,26.416995532763075
13.5,800,0.008,0.1,True,1.062430078258156,3.51509445301388
13.5,800,0.008,0.1,False,3.831411469845801,26.416995532763075
13.5,800,0.009000000000000001,0.0001,True,1.609836244902465,4.257897794426967
13.5,800,0.009000000000000001,0.0001,False,8.470186043759403,49.53765099461127
13.5,800,0.009000000000000001,0.001,True,1.609836244902465,4.257897794426967
13.5,800,0.009000000000000001,0.001,False,8.470186043759403,49.53765099461127
13.5,800,0.009000000000000001,0.01,True,1.609836244902465,4.257897794426967
13.5,800,0.009000000000000001,0.01,False,8.470186043759403,49.53765099461127
13.5,800,0.009000000000000001,0.1,True,1.609836244902465,4.257897794426967
13.5,800,0.009000000000000001,0.1,False,8.470186043759403,49.53765099461127
13.5,800,0.01,0.0001,True,2.30411784013702,4.358861355395739
13.5,800,0.01,0.0001,False,11.877340400493386,54.60746409182876
13.5,800,0.01,0.001,True,2.30411784013702,4.358861355395739
13.5,800,0.01,0.001,False,11.877340400493386,54.60746409182876
13.5,800,0.01,0.01,True,2.30411784013702,4.358861355395739
13.5,800,0.01,0.01,False,11.877340400493386,54.60746409182876
13.5,800,0.01,0.1,True,2.30411784013702,4.358861355395739
13.5,800,0.01,0.1,False,11.877340400493386,54.60746409182876
13.5,800,0.01,0.0001,True,2.30411784013702,4.358861355395739
13.5,800,0.01,0.0001,False,11.877340400493386,54.60746409182876
13.5,800,0.01,0.001,True,2.30411784013702,4.358861355395739
13.5,800,0.01,0.001,False,11.877340400493386,54.60746409182876
13.5,800,0.01,0.01,True,2.30411784013702,4.358861355395739
13.5,800,0.01,0.01,False,11.877340400493386,54.60746409182876
13.5,800,0.01,0.1,True,2.30411784013702,4.358861355395739
13.5,800,0.01,0.1,False,11.877340400493386,54.60746409182876
13.5,800,0.02,0.0001,True,15.122836829092044,15.926400769246179
13.5,800,0.02,0.0001,False,1000.0,90.0
13.5,800,0.02,0.001,True,15.122836829092044,15.926400769246179
13.5,800,0.02,0.001,False,1000.0,90.0
13.5,800,0.02,0.01,True,15.122836829092044,15.926400769246179
13.5,800,0.02,0.01,False,1000.0,90.0
13.5,800,0.02,0.1,True,15.122836829092044,15.926400769246179
13.5,800,0.02,0.1,False,1000.0,90.0
13.5,800,0.03,0.0001,True,33.97711965965946,29.126184418758385
13.5,800,0.03,0.0001,False,1000.0,90.0
13.5,800,0.03,0.001,True,33.97711965965946,29.126184418758385
13.5,800,0.03,0.001,False,1000.0,90.0
13.5,800,0.03,0.01,True,33.97711965965946,29.126184418758385
13.5,800,0.03,0.01,False,1000.0,90.0
13.5,800,0.03,0.1,True,33.97711965965946,29.126184418758385
13.5,800,0.03,0.1,False,1000.0,90.0
13.5,800,0.04,0.0001,True,55.770605387130985,46.10729381598189
13.5,800,0.04,0.0001,False,1000.0,90.0
13.5,800,0.04,0.001,True,55.770605387130985,46.10729381598189
13.5,800,0.04,0.001,False,1000.0,90.0
13.5,800,0.04,0.01,True,55.770605387130985,46.10729381598189
13.5,800,0.04,0.01,False,1000.0,90.0
13.5,800,0.04,0.1,True,55.770605387130985,46.10729381598189
13.5,800,0.04,0.1,False,1000.0,90.0
13.5,800,0.05,0.0001,True,652.2770765358267,83.65612291912898
13.5,800,0.05,0.0001,False,1000.0,90.0
13.5,800,0.05,0.001,True,652.2770765358267,83.65612291912898
13.5,800,0.05,0.001,False,1000.0,90.0
13.5,800,0.05,0.01,True,652.2770765358267,83.65612291912898
13.5,800,0.05,0.01,False,1000.0,90.0
13.5,800,0.05,0.1,True,652.2770765358267,83.65612291912898
13.5,800,0.05,0.1,False,1000.0,90.0
13.5,800,0.06,0.0001,True,1000.0,89.16344478054447
13.5,800,0.06,0.0001,False,1000.0,90.0
13.5,800,0.06,0.001,True,1000.0,89.16344478054447
13.5,800,0.06,0.001,False,1000.0,90.0
13.5,800,0.06,0.01,True,1000.0,89.16344478054447
13.5,800,0.06,0.01,False,1000.0,90.0
13.5,800,0.06,0.1,True,1000.0,89.16344478054447
13.5,800,0.06,0.1,False,1000.0,90.0
13.5,800,0.07,0.0001,True,715.0972597505558,78.14158937478715
13.5,800,0.07,0.0001,False,1000.0,90.0
13.5,800,0.07,0.001,True,715.0972597505558,78.14158937478715
13.5,800,0.07,0.001,False,1000.0,90.0
13.5,800,0.07,0.01,True,715.0972597505558,78.14158937478715
13.5,800,0.07,0.01,False,1000.0,90.0
13.5,800,0.07,0.1,True,715.0972597505558,78.14158937478715
13.5,800,0.07,0.1,False,1000.0,90.0
13.5,800,0.08,0.0001,True,1000.0,56.078647408802254
13.5,800,0.08,0.0001,False,1000.0,90.0
13.5,800,0.08,0.001,True,1000.0,56.078647408802254
13.5,800,0.08,0.001,False,1000.0,90.0
13.5,800,0.08,0.01,True,1000.0,56.078647408802254
13.5,800,0.08,0.01,False,1000.0,90.0
13.5,800,0.08,0.1,True,1000.0,56.078647408802254
13.5,800,0.08,0.1,False,1000.0,90.0
13.5,800,0.09,0.0001,True,1000.0,90.0
13.5,800,0.09,0.0001,False,1000.0,90.0
13.5,800,0.09,0.001,True,1000.0,90.0
13.5,800,0.09,0.001,False,1000.0,90.0
13.5,800,0.09,0.01,True,1000.0,90.0
13.5,800,0.09,0.01,False,1000.0,90.0
13.5,800,0.09,0.1,True,1000.0,90.0
13.5,800,0.09,0.1,False,1000.0,90.0
13.5,800,0.1,0.0001,True,1000.0,90.0
13.5,800,0.1,0.0001,False,1000.0,90.0
13.5,800,0.1,0.001,True,1000.0,90.0
13.5,800,0.1,0.001,False,1000.0,90.0
13.5,800,0.1,0.01,True,1000.0,90.0
13.5,800,0.1,0.01,False,1000.0,90.0
13.5,800,0.1,0.1,True,1000.0,90.0
13.5,800,0.1,0.1,False,1000.0,90.0
13.5,1000,0.001,0.0001,True,1.0020274201888215,5.765139526032172
13.5,1000,0.001,0.0001,False,1.0032179227389342,7.096896973096413
13.5,1000,0.001,0.001,True,1.0020274201888215,5.765139526032172
13.5,1000,0.001,0.001,False,1.0032179227389342,7.096896973096413
13.5,1000,0.001,0.01,True,1.0020274201888215,5.765139526032172
13.5,1000,0.001,0.01,False,1.0032179227389342,7.096896973096413
13.5,1000,0.001,0.1,True,1.0020274201888215,5.765139526032172
13.5,1000,0.001,0.1,False,1.0032179227389342,7.096896973096413
13.5,1000,0.002,0.0001,True,1.0049424963664855,2.8780624611871204
13.5,1000,0.002,0.0001,False,1.0073313468508316,3.3203790140026825
13.5,1000,0.002,0.001,True,1.0049424963664855,2.8780624611871204
13.5,1000,0.002,0.001,False,1.0073313468508316,3.3203790140026825
13.5,1000,0.002,0.01,True,1.0049424963664855,2.8780624611871204
13.5,1000,0.002,0.01,False,1.0073313468508316,3.3203790140026825
13.5,1000,0.002,0.1,True,1.0049424963664855,2.8780624611871204
13.5,1000,0.002,0.1,False,1.0073313468508316,3.3203790140026825
13.5,1000,0.003,0.0001,True,1.0078642144540961,2.0222760872613605
13.5,1000,0.003,0.0001,False,1.0114592938307465,3.1352791522266017
13.5,1000,0.003,0.001,True,1.0078642144540961,2.0222760872613605
13.5,1000,0.003,0.001,False,1.0114592938307465,3.1352791522266017
13.5,1000,0.003,0.01,True,1.0078642144540961,2.0222760872613605
13.5,1000,0.003,0.01,False,1.0114592938307465,3.1352791522266017
13.5,1000,0.003,0.1,True,1.0078642144540961,2.0222760872613605
13.5,1000,0.003,0.1,False,1.0114592938307465,3.1352791522266017
13.5,1000,0.004,0.0001,True,1.0107925935857474,2.743444379895429
13.5,1000,0.004,0.0001,False,1.0156018185398386,5.870910875618499
13.5,1000,0.004,0.001,True,1.0107925935857474,2.743444379895429
13.5,1000,0.004,0.001,False,1.0156018185398386,5.870910875618499
13.5,1000,0.004,0.01,True,1.0107925935857474,2.743444379895429
13.5,1000,0.004,0.01,False,1.0156018185398386,5.870910875618499
13.5,1000,0.004,0.1,True,1.0107925935857474,2.743444379895429
13.5,1000,0.004,0.1,False,1.0156018185398386,5.870910875618499
13.5,1000,0.005,0.0001,True,1.0137276529728205,3.786734509906047
13.5,1000,0.005,0.0001,False,1.0197589760702035,19.527434443798953
13.5,1000,0.005,0.001,True,1.0137276529728205,3.786734509906047
13.5,1000,0.005,0.001,False,1.0197589760702035,19.527434443798953
13.5,1000,0.005,0.01,True,1.0137276529728205,3.786734509906047
13.5,1000,0.005,0.01,False,1.0197589760702035,19.527434443798953
13.5,1000,0.005,0.1,True,1.0137276529728205,3.786734509906047
13.5,1000,0.005,0.1,False,1.0197589760702035,19.527434443798953
13.5,1000,0.006,0.0001,True,1.016669411903577,3.673751477393374
13.5,1000,0.006,0.0001,False,1.3560182096879392,25.626114305174376
13.5,1000,0.006,0.001,True,1.016669411903577,3.673751477393374
13.5,1000,0.006,0.001,False,1.3560182096879392,25.626114305174376
13.5,1000,0.006,0.01,True,1.016669411903577,3.673751477393374
13.5,1000,0.006,0.01,False,1.3560182096879392,25.626114305174376
13.5,1000,0.006,0.1,True,1.016669411903577,3.673751477393374
13.5,1000,0.006,0.1,False,1.3560182096879392,25.626114305174376
13.5,1000,0.007,0.0001,True,1.019617889743894,3.6977904204811765
13.5,1000,0.007,0.0001,False,2.505424863857823,27.316052004246878
13.5,1000,0.007,0.001,True,1.019617889743894,3.6977904204811765
13.5,1000,0.007,0.001,False,2.505424863857823,27.316052004246878
13.5,1000,0.007,0.01,True,1.019617889743894,3.6977904204811765
13.5,1000,0.007,0.01,False,2.505424863857823,27.316052004246878
13.5,1000,0.007,0.1,True,1.019617889743894,3.6977904204811765
13.5,1000,0.007,0.1,False,2.505424863857823,27.316052004246878
13.5,1000,0.008,0.0001,True,1.0740766548030218,3.7290410464953183
13.5,1000,0.008,0.0001,False,4.23142117887338,24.775135719866178
13.5,1000,0.008,0.001,True,1.0740766548030218,3.7290410464953183
13.5,1000,0.008,0.001,False,4.23142117887338,24.775135719866178
13.5,1000,0.008,0.01,True,1.0740766548030218,3.7290410464953183
13.5,1000,0.008,0.01,False,4.23142117887338,24.775135719866178
13.5,1000,0.008,0.1,True,1.0740766548030218,3.7290410464953183
13.5,1000,0.008,0.1,False,4.23142117887338,24.775135719866178
13.5,1000,0.009000000000000001,0.0001,True,1.6485110141586148,3.625673591217769
13.5,1000,0.009000000000000001,0.0001,False,6.644667472511287,32.39788457300827
13.5,1000,0.009000000000000001,0.001,True,1.6485110141586148,3.625673591217769
13.5,1000,0.009000000000000001,0.001,False,6.644667472511287,32.39788457300827
13.5,1000,0.009000000000000001,0.01,True,1.6485110141586148,3.625673591217769
13.5,1000,0.009000000000000001,0.01,False,6.644667472511287,32.39788457300827
13.5,1000,0.009000000000000001,0.1,True,1.6485110141586148,3.625673591217769
13.5,1000,0.009000000000000001,0.1,False,6.644667472511287,32.39788457300827
13.5,1000,0.01,0.0001,True,2.372401845499299,3.9646226887557816
13.5,1000,0.01,0.0001,False,9.649441654094852,32.042108215308794
13.5,1000,0.01,0.001,True,2.372401845499299,3.9646226887557816
13.5,1000,0.01,0.001,False,9.649441654094852,32.042108215308794
13.5,1000,0.01,0.01,True,2.372401845499299,3.9646226887557816
13.5,1000,0.01,0.01,False,9.649441654094852,32.042108215308794
13.5,1000,0.01,0.1,True,2.372401845499299,3.9646226887557816
13.5,1000,0.01,0.1,False,9.649441654094852,32.042108215308794
13.5,1000,0.01,0.0001,True,2.372401845499299,3.9646226887557816
13.5,1000,0.01,0.0001,False,9.649441654094852,32.042108215308794
13.5,1000,0.01,0.001,True,2.372401845499299,3.9646226887557816
13.5,1000,0.01,0.001,False,9.649441654094852,32.042108215308794
13.5,1000,0.01,0.01,True,2.372401845499299,3.9646226887557816
13.5,1000,0.01,0.01,False,9.649441654094852,32.042108215308794
13.5,1000,0.01,0.1,True,2.372401845499299,3.9646226887557816
13.5,1000,0.01,0.1,False,9.649441654094852,32.042108215308794
13.5,1000,0.02,0.0001,True,16.322874617611312,16.044191590376407
13.5,1000,0.02,0.0001,False,73.07712657561842,84.61287285402351
13.5,1000,0.02,0.001,True,16.322874617611312,16.044191590376407
13.5,1000,0.02,0.001,False,73.07712657561842,84.61287285402351
13.5,1000,0.02,0.01,True,16.322874617611312,16.044191590376407
13.5,1000,0.02,0.01,False,73.07712657561842,84.61287285402351
13.5,1000,0.02,0.1,True,16.322874617611312,16.044191590376407
13.5,1000,0.02,0.1,False,73.07712657561842,84.61287285402351
13.5,1000,0.03,0.0001,True,36.47539377457509,36.08065065405957
13.5,1000,0.03,0.0001,False,532.5057798988805,89.98317273983852
13.5,1000,0.03,0.001,True,36.47539377457509,36.08065065405957
13.5,1000,0.03,0.001,False,532.5057798988805,89.98317273983852
13.5,1000,0.03,0.01,True,36.47539377457509,36.08065065405957
13.5,1000,0.03,0.01,False,532.5057798988805,89.98317273983852
13.5,1000,0.03,0.1,True,36.47539377457509,36.08065065405957
13.5,1000,0.03,0.1,False,532.5057798988805,89.98317273983852
13.5,1000,0.04,0.0001,True,60.31535339114753,27.844908752178526
13.5,1000,0.04,0.0001,False,212.63865345185934,90.0
13.5,1000,0.04,0.001,True,60.31535339114753,27.844908752178526
13.5,1000,0.04,0.001,False,212.63865345185934,90.0
13.5,1000,0.04,0.01,True,60.31535339114753,27.844908752178526
13.5,1000,0.04,0.01,False,212.63865345185934,90.0
13.5,1000,0.04,0.1,True,60.31535339114753,27.844908752178526
13.5,1000,0.04,0.1,False,212.63865345185934,90.0
13.5,1000,0.05,0.0001,True,133.2652029404602,51.691540295278344
13.5,1000,0.05,0.0001,False,1000.0,90.0
13.5,1000,0.05,0.001,True,133.2652029404602,51.691540295278344
13.5,1000,0.05,0.001,False,1000.0,90.0
13.5,1000,0.05,0.01,True,133.2652029404602,51.691540295278344
13.5,1000,0.05,0.01,False,1000.0,90.0
13.5,1000,0.05,0.1,True,133.2652029404602,51.691540295278344
13.5,1000,0.05,0.1,False,1000.0,90.0
13.5,1000,0.06,0.0001,True,1000.0,90.0
13.5,1000,0.06,0.0001,False,1000.0,90.0
13.5,1000,0.06,0.001,True,1000.0,90.0
13.5,1000,0.06,0.001,False,1000.0,90.0
13.5,1000,0.06,0.01,True,1000.0,90.0
13.5,1000,0.06,0.01,False,1000.0,90.0
13.5,1000,0.06,0.1,True,1000.0,90.0
13.5,1000,0.06,0.1,False,1000.0,90.0
13.5,1000,0.07,0.0001,True,1000.0,90.0
13.5,1000,0.07,0.0001,False,1000.0,90.0
13.5,1000,0.07,0.001,True,1000.0,90.0
13.5,1000,0.07,0.001,False,1000.0,90.0
13.5,1000,0.07,0.01,True,1000.0,90.0
13.5,1000,0.07,0.01,False,1000.0,90.0
13.5,1000,0.07,0.1,True,1000.0,90.0
13.5,1000,0.07,0.1,False,1000.0,90.0
13.5,1000,0.08,0.0001,True,1000.0,88.98796049600352
13.5,1000,0.08,0.0001,False,1000.0,90.0
13.5,1000,0.08,0.001,True,1000.0,88.98796049600352
13.5,1000,0.08,0.001,False,1000.0,90.0
13.5,1000,0.08,0.01,True,1000.0,88.98796049600352
13.5,1000,0.08,0.01,False,1000.0,90.0
13.5,1000,0.08,0.1,True,1000.0,88.98796049600352
13.5,1000,0.08,0.1,False,1000.0,90.0
13.5,1000,0.09,0.0001,True,1000.0,90.0
13.5,1000,0.09,0.0001,False,1000.0,90.0
13.5,1000,0.09,0.001,True,1000.0,90.0
13.5,1000,0.09,0.001,False,1000.0,90.0
13.5,1000,0.09,0.01,True,1000.0,90.0
13.5,1000,0.09,0.01,False,1000.0,90.0
13.5,1000,0.09,0.1,True,1000.0,90.0
13.5,1000,0.09,0.1,False,1000.0,90.0
13.5,1000,0.1,0.0001,True,1000.0,90.0
13.5,1000,0.1,0.0001,False,1000.0,90.0
13.5,1000,0.1,0.001,True,1000.0,90.0
13.5,1000,0.1,0.001,False,1000.0,90.0
13.5,1000,0.1,0.01,True,1000.0,90.0
13.5,1000,0.1,0.01,False,1000.0,90.0
13.5,1000,0.1,0.1,True,1000.0,90.0
13.5,1000,0.1,0.1,False,1000.0,90.0
14.0,200,0.001,0.0001,True,0.9947688848315159,16.49371982611831
14.0,200,0.001,0.0001,False,0.9965595756755007,49.9943909132795
14.0,200,0.001,0.001,True,0.9947688848315159,16.49371982611831
14.0,200,0.001,0.001,False,0.9965595756755007,49.9943909132795
14.0,200,0.001,0.01,True,0.9947688848315159,16.49371982611831
14.0,200,0.001,0.01,False,0.9965595756755007,49.9943909132795
14.0,200,0.001,0.1,True,0.9947688848315159,16.49371982611831
14.0,200,0.001,0.1,False,0.9965595756755007,49.9943909132795
14.0,200,0.002,0.0001,True,0.9927265128091269,8.2050922494441
14.0,200,0.002,0.0001,False,0.9954680130437626,22.606823053346417
14.0,200,0.002,0.001,True,0.9927265128091269,8.2050922494441
14.0,200,0.002,0.001,False,0.9954680130437626,22.606823053346417
14.0,200,0.002,0.01,True,0.9927265128091269,8.2050922494441
14.0,200,0.002,0.01,False,0.9954680130437626,22.606823053346417
14.0,200,0.002,0.1,True,0.9927265128091269,8.2050922494441
14.0,200,0.002,0.1,False,0.9954680130437626,22.606823053346417
14.0,200,0.003,0.0001,True,0.9927472094564473,5.024740078927863
14.0,200,0.003,0.0001,False,0.9947351496804289,14.029728159618578
14.0,200,0.003,0.001,True,0.9927472094564473,5.024740078927863
14.0,200,0.003,0.001,False,0.9947351496804289,14.029728159618578
14.0,200,0.003,0.01,True,0.9927472094564473,5.024740078927863
14.0,200,0.003,0.01,False,0.9947351496804289,14.029728159618578
14.0,200,0.003,0.1,True,0.9927472094564473,5.024740078927863
14.0,200,0.003,0.1,False,0.9947351496804289,14.029728159618578
14.0,200,0.004,0.0001,True,0.9927677856038359,4.500691119613769
14.0,200,0.004,0.0001,False,0.9940020890652163,10.171477794026316
14.0,200,0.004,0.001,True,0.9927677856038359,4.500691119613769
14.0,200,0.004,0.001,False,0.9940020890652163,10.171477794026316
14.0,200,0.004,0.01,True,0.9927677856038359,4.500691119613769
14.0,200,0.004,0.01,False,0.9940020890652163,10.171477794026316
14.0,200,0.004,0.1,True,0.9927677856038359,4.500691119613769
14.0,200,0.004,0.1,False,0.9940020890652163,10.171477794026316
14.0,200,0.005,0.0001,True,0.9927882412517892,3.2458582904304976
14.0,200,0.005,0.0001,False,0.9932688317117336,8.003165127506556
14.0,200,0.005,0.001,True,0.9927882412517892,3.2458582904304976
14.0,200,0.005,0.001,False,0.9932688317117336,8.003165127506556
14.0,200,0.005,0.01,True,0.9927882412517892,3.2458582904304976
14.0,200,0.005,0.01,False,0.9932688317117336,8.003165127506556
14.0,200,0.005,0.1,True,0.9927882412517892,3.2458582904304976
14.0,200,0.005,0.1,False,0.9932688317117336,8.003165127506556
14.0,200,0.006,0.0001,True,0.9928085764009102,3.142490835152948
14.0,200,0.006,0.0001,False,0.9931280170982908,6.693042729221332
14.0,200,0.006,0.001,True,0.9928085764009102,3.142490835152948
14.0,200,0.006,0.001,False,0.9931280170982908,6.693042729221332
14.0,200,0.006,0.01,True,0.9928085764009102,3.142490835152948
14.0,200,0.006,0.01,False,0.9931280170982908,6.693042729221332
14.0,200,0.006,0.1,True,0.9928085764009102,3.142490835152948
14.0,200,0.006,0.1,False,0.9931280170982908,6.693042729221332
14.0,200,0.007,0.0001,True,0.9928287910518175,3.0703740058895406
14.0,200,0.007,0.0001,False,0.9932018627409577,5.839660249604357
14.0,200,0.007,0.001,True,0.9928287910518175,3.0703740058895406
14.0,200,0.007,0.001,False,0.9932018627409577,5.839660249604357
14.0,200,0.007,0.01,True,0.9928287910518175,3.0703740058895406
14.0,200,0.007,0.01,False,0.9932018627409577,5.839660249604357
14.0,200,0.007,0.1,True,0.9928287910518175,3.0703740058895406
14.0,200,0.007,0.1,False,0.9932018627409577,5.839660249604357
14.0,200,0.008,0.0001,True,0.9928488852051092,3.1977804042548925
14.0,200,0.008,0.0001,False,0.9932756995600361,4.906949257797628
14.0,200,0.008,0.001,True,0.9928488852051092,3.1977804042548925
14.0,200,0.008,0.001,False,0.9932756995600361,4.906949257797628
14.0,200,0.008,0.01,True,0.9928488852051092,3.1977804042548925
14.0,200,0.008,0.01,False,0.9932756995600361,4.906949257797628
14.0,200,0.008,0.1,True,0.9928488852051092,3.1977804042548925
14.0,200,0.008,0.1,False,0.9932756995600361,4.906949257797628
14.0,200,0.009000000000000001,0.0001,True,0.9928688588614619,4.450209339129387
14.0,200,0.009000000000000001,0.0001,False,0.9933495275543506,4.736272761874233
14.0,200,0.009000000000000001,0.001,True,0.9928688588614619,4.450209339129387
14.0,200,0.009000000000000001,0.001,False,0.9933495275543506,4.736272761874233
14.0,200,0.009000000000000001,0.01,True,0.9928688588614619,4.450209339129387
14.0,200,0.009000000000000001,0.01,False,0.9933495275543506,4.736272761874233
14.0,200,0.009000000000000001,0.1,True,0.9928688588614619,4.450209339129387
14.0,200,0.009000000000000001,0.1,False,0.9933495275543506,4.736272761874233
14.0,200,0.01,0.0001,True,0.9928887120215473,7.582483623470019
14.0,200,0.01,0.0001,False,1.1398801309788327,4.87810252609227
14.0,200,0.01,0.001,True,0.9928887120215473,7.582483623470019
14.0,200,0.01,0.001,False,1.1398801309788327,4.87810252609227
14.0,200,0.01,0.01,True,0.9928887120215473,7.582483623470019
14.0,200,0.01,0.01,False,1.1398801309788327,4.87810252609227
14.0,200,0.01,0.1,True,0.9928887120215473,7.582483623470019
14.0,200,0.01,0.1,False,1.1398801309788327,4.87810252609227
14.0,200,0.01,0.0001,True,0.9928887120215473,7.582483623470019
14.0,200,0.01,0.0001,False,1.1398801309788327,4.87810252609227
14.0,200,0.01,0.001,True,0.9928887120215473,7.582483623470019
14.0,200,0.01,0.001,False,1.1398801309788327,4.87810252609227
14.0,200,0.01,0.01,True,0.9928887120215473,7.582483623470019
14.0,200,0.01,0.01,False,1.1398801309788327,4.87810252609227
14.0,200,0.01,0.1,True,0.9928887120215473,7.582483623470019
14.0,200,0.01,0.1,False,1.1398801309788327,4.87810252609227
14.0,200,0.02,0.0001,True,3.1803447307644275,15.955247500951536
14.0,200,0.02,0.0001,False,3.4463019005855635,12.738836915803596
14.0,200,0.02,0.001,True,3.1803447307644275,15.955247500951536
14.0,200,0.02,0.001,False,3.4463019005855635,12.738836915803596
14.0,200,0.02,0.01,True,3.1803447307644275,15.955247500951536
14.0,200,0.02,0.01,False,3.4463019005855635,12.738836915803596
14.0,200,0.02,0.1,True,3.1803447307644275,15.955247500951536
14.0,200,0.02,0.1,False,3.4463019005855635,12.738836915803596
14.0,200,0.03,0.0001,True,1000.0,59.600352571165274
14.0,200,0.03,0.0001,False,1000.0,90.0
14.0,200,0.03,0.001,True,1000.0,59.600352571165274
14.0,200,0.03,0.001,False,1000.0,90.0
14.0,200,0.03,0.01,True,1000.0,59.600352571165274
14.0,200,0.03,0.01,False,1000.0,90.0
14.0,200,0.03,0.1,True,1000.0,59.600352571165274
14.0,200,0.03,0.1,False,1000.0,90.0
14.0,200,0.04,0.0001,True,1000.0,90.0
14.0,200,0.04,0.0001,False,1000.0,90.0
14.0,200,0.04,0.001,True,1000.0,90.0
14.0,200,0.04,0.001,False,1000.0,90.0
14.0,200,0.04,0.01,True,1000.0,90.0
14.0,200,0.04,0.01,False,1000.0,90.0
14.0,200,0.04,0.1,True,1000.0,90.0
14.0,200,0.04,0.1,False,1000.0,90.0
14.0,200,0.05,0.0001,True,1000.0,90.0
14.0,200,0.05,0.0001,False,1000.0,90.0
14.0,200,0.05,0.001,True,1000.0,90.0
14.0,200,0.05,0.001,False,1000.0,90.0
14.0,200,0.05,0.01,True,1000.0,90.0
14.0,200,0.05,0.01,False,1000.0,90.0
14.0,200,0.05,0.1,True,1000.0,90.0
14.0,200,0.05,0.1,False,1000.0,90.0
14.0,200,0.06,0.0001,True,1000.0,90.0
14.0,200,0.06,0.0001,False,1000.0,90.0
14.0,200,0.06,0.001,True,1000.0,90.0
14.0,200,0.06,0.001,False,1000.0,90.0
14.0,200,0.06,0.01,True,1000.0,90.0
14.0,200,0.06,0.01,False,1000.0,90.0
14.0,200,0.06,0.1,True,1000.0,90.0
14.0,200,0.06,0.1,False,1000.0,90.0
14.0,200,0.07,0.0001,True,1000.0,90.0
14.0,200,0.07,0.0001,False,1000.0,90.0
14.0,200,0.07,0.001,True,1000.0,90.0
14.0,200,0.07,0.001,False,1000.0,90.0
14.0,200,0.07,0.01,True,1000.0,90.0
14.0,200,0.07,0.01,False,1000.0,90.0
14.0,200,0.07,0.1,True,1000.0,90.0
14.0,200,0.07,0.1,False,1000.0,90.0
14.0,200,0.08,0.0001,True,1000.0,90.0
14.0,200,0.08,0.0001,False,1000.0,90.0
14.0,200,0.08,0.001,True,1000.0,90.0
14.0,200,0.08,0.001,False,1000.0,90.0
14.0,200,0.08,0.01,True,1000.0,90.0
14.0,200,0.08,0.01,False,1000.0,90.0
14.0,200,0.08,0.1,True,1000.0,90.0
14.0,200,0.08,0.1,False,1000.0,90.0
14.0,200,0.09,0.0001,True,1000.0,90.0
14.0,200,0.09,0.0001,False,1000.0,90.0
14.0,200,0.09,0.001,True,1000.0,90.0
14.0,200,0.09,0.001,False,1000.0,90.0
14.0,200,0.09,0.01,True,1000.0,90.0
14.0,200,0.09,0.01,False,1000.0,90.0
14.0,200,0.09,0.1,True,1000.0,90.0
14.0,200,0.09,0.1,False,1000.0,90.0
14.0,200,0.1,0.0001,True,1000.0,90.0
14.0,200,0.1,0.0001,False,1000.0,90.0
14.0,200,0.1,0.001,True,1000.0,90.0
14.0,200,0.1,0.001,False,1000.0,90.0
14.0,200,0.1,0.01,True,1000.0,90.0
14.0,200,0.1,0.01,False,1000.0,90.0
14.0,200,0.1,0.1,True,1000.0,90.0
14.0,200,0.1,0.1,False,1000.0,90.0
14.0,400,0.001,0.0001,True,0.9975696754457248,4.923776517959091
14.0,400,0.001,0.0001,False,0.9985268515166333,7.243534525932006
14.0,400,0.001,0.001,True,0.9975696754457248,4.923776517959091
14.0,400,0.001,0.001,False,0.9985268515166333,7.243534525932006
14.0,400,0.001,0.01,True,0.9975696754457248,4.923776517959091
14.0,400,0.001,0.01,False,0.9985268515166333,7.243534525932006
14.0,400,0.001,0.1,True,0.9975696754457248,4.923776517959091
14.0,400,0.001,0.1,False,0.9985268515166333,7.243534525932006
14.0,400,0.002,0.0001,True,0.9963391373102736,3.3852841603397508
14.0,400,0.002,0.0001,False,0.997692366759471,3.849235761934331
14.0,400,0.002,0.001,True,0.9963391373102736,3.3852841603397508
14.0,400,0.002,0.001,False,0.997692366759471,3.849235761934331
14.0,400,0.002,0.01,True,0.9963391373102736,3.3852841603397508
14.0,400,0.002,0.01,False,0.997692366759471,3.849235761934331
14.0,400,0.002,0.1,True,0.9963391373102736,3.3852841603397508
14.0,400,0.002,0.1,False,0.997692366759471,3.849235761934331
14.0,400,0.003,0.0001,True,0.9960416792326422,21.085157955888533
14.0,400,0.003,0.0001,False,0.9968571661886623,29.40744005288567
14.0,400,0.003,0.001,True,0.9960416792326422,21.085157955888533
14.0,400,0.003,0.001,False,0.9968571661886623,29.40744005288567
14.0,400,0.003,0.01,True,0.9960416792326422,21.085157955888533
14.0,400,0.003,0.01,False,0.9968571661886623,29.40744005288567
14.0,400,0.003,0.1,True,0.9960416792326422,21.085157955888533
14.0,400,0.003,0.1,False,0.9968571661886623,29.40744005288567
14.0,400,0.004,0.0001,True,0.9957439188139869,14.88311063923556
14.0,400,0.004,0.0001,False,0.9967731855149704,18.823093411326347
14.0,400,0.004,0.001,True,0.9957439188139869,14.88311063923556
14.0,400,0.004,0.001,False,0.9967731855149704,18.823093411326347
14.0,400,0.004,0.01,True,0.9957439188139869,14.88311063923556
14.0,400,0.004,0.01,False,0.9967731855149704,18.823093411326347
14.0,400,0.004,0.1,True,0.9957439188139869,14.88311063923556
14.0,400,0.004,0.1,False,0.9967731855149704,18.823093411326347
14.0,400,0.005,0.0001,True,1.008209414002413,16.897574069993382
14.0,400,0.005,0.0001,False,0.9967329018589774,14.332618842524887
14.0,400,0.005,0.001,True,1.008209414002413,16.897574069993382
14.0,400,0.005,0.001,False,0.9967329018589774,14.332618842524887
14.0,400,0.005,0.01,True,1.008209414002413,16.897574069993382
14.0,400,0.005,0.01,False,0.9967329018589774,14.332618842524887
14.0,400,0.005,0.1,True,1.008209414002413,16.897574069993382
14.0,400,0.005,0.1,False,0.9967329018589774,14.332618842524887
14.0,400,0.006,0.0001,True,1.400723542818565,26.993930166870328
14.0,400,0.006,0.0001,False,1.2713804864501188,12.73402912718604
14.0,400,0.006,0.001,True,1.400723542818565,26.993930166870328
14.0,400,0.006,0.001,False,1.2713804864501188,12.73402912718604
14.0,400,0.006,0.01,True,1.400723542818565,26.993930166870328
14.0,400,0.006,0.01,False,1.2713804864501188,12.73402912718604
14.0,400,0.006,0.1,True,1.400723542818565,26.993930166870328
14.0,400,0.006,0.1,False,1.2713804864501188,12.73402912718604
14.0,400,0.007,0.0001,True,2.0832665464085345,30.419479556882145
14.0,400,0.007,0.0001,False,1.7514503381107285,13.356637753160115
14.0,400,0.007,0.001,True,2.0832665464085345,30.419479556882145
14.0,400,0.007,0.001,False,1.7514503381107285,13.356637753160115
14.0,400,0.007,0.01,True,2.0832665464085345,30.419479556882145
14.0,400,0.007,0.01,False,1.7514503381107285,13.356637753160115
14.0,400,0.007,0.1,True,2.0832665464085345,30.419479556882145
14.0,400,0.007,0.1,False,1.7514503381107285,13.356637753160115
14.0,400,0.008,0.0001,True,5.131455907138545,33.739257597307635
14.0,400,0.008,0.0001,False,2.0178912709706798,16.49371982611831
14.0,400,0.008,0.001,True,5.131455907138545,33.739257597307635
14.0,400,0.008,0.001,False,2.0178912709706798,16.49371982611831
14.0,400,0.008,0.01,True,5.131455907138545,33.739257597307635
14.0,400,0.008,0.01,False,2.0178912709706798,16.49371982611831
14.0,400,0.008,0.1,True,5.131455907138545,33.739257597307635
14.0,400,0.008,0.1,False,2.0178912709706798,16.49371982611831
14.0,400,0.009000000000000001,0.0001,True,42.861650216072455,89.99519221138243
14.0,400,0.009000000000000001,0.0001,False,2.1972667019734233,20.113984655141323
14.0,400,0.009000000000000001,0.001,True,42.861650216072455,89.99519221138243
14.0,400,0.009000000000000001,0.001,False,2.1972667019734233,20.113984655141323
14.0,400,0.009000000000000001,0.01,True,42.861650216072455,89.99519221138243
14.0,400,0.009000000000000001,0.01,False,2.1972667019734233,20.113984655141323
14.0,400,0.009000000000000001,0.1,True,42.861650216072455,89.99519221138243
14.0,400,0.009000000000000001,0.1,False,2.1972667019734233,20.113984655141323
14.0,400,0.01,0.0001,True,505.1720646661146,90.0
14.0,400,0.01,0.0001,False,2.831705334174522,31.11901280073719
14.0,400,0.01,0.001,True,505.1720646661146,90.0
14.0,400,0.01,0.001,False,2.831705334174522,31.11901280073719
14.0,400,0.01,0.01,True,505.1720646661146,90.0
14.0,400,0.01,0.01,False,2.831705334174522,31.11901280073719
14.0,400,0.01,0.1,True,505.1720646661146,90.0
14.0,400,0.01,0.1,False,2.831705334174522,31.11901280073719
14.0,400,0.01,0.0001,True,505.1720646661146,90.0
14.0,400,0.01,0.0001,False,2.831705334174522,31.11901280073719
14.0,400,0.01,0.001,True,505.1720646661146,90.0
14.0,400,0.01,0.001,False,2.831705334174522,31.11901280073719
14.0,400,0.01,0.01,True,505.1720646661146,90.0
14.0,400,0.01,0.01,False,2.831705334174522,31.11901280073719
14.0,400,0.01,0.1,True,505.1720646661146,90.0
14.0,400,0.01,0.1,False,2.831705334174522,31.11901280073719
14.0,400,0.02,0.0001,True,1000.0,90.0
14.0,400,0.02,0.0001,False,1000.0,90.0
14.0,400,0.02,0.001,True,1000.0,90.0
14.0,400,0.02,0.001,False,1000.0,90.0
14.0,400,0.02,0.01,True,1000.0,90.0
14.0,400,0.02,0.01,False,1000.0,90.0
14.0,400,0.02,0.1,True,1000.0,90.0
14.0,400,0.02,0.1,False,1000.0,90.0
14.0,400,0.03,0.0001,True,1000.0,90.0
14.0,400,0.03,0.0001,False,1000.0,90.0
14.0,400,0.03,0.001,True,1000.0,90.0
14.0,400,0.03,0.001,False,1000.0,90.0
14.0,400,0.03,0.01,True,1000.0,90.0
14.0,400,0.03,0.01,False,1000.0,90.0
14.0,400,0.03,0.1,True,1000.0,90.0
14.0,400,0.03,0.1,False,1000.0,90.0
14.0,400,0.04,0.0001,True,1000.0,90.0
14.0,400,0.04,0.0001,False,1000.0,90.0
14.0,400,0.04,0.001,True,1000.0,90.0
14.0,400,0.04,0.001,False,1000.0,90.0
14.0,400,0.04,0.01,True,1000.0,90.0
14.0,400,0.04,0.01,False,1000.0,90.0
14.0,400,0.04,0.1,True,1000.0,90.0
14.0,400,0.04,0.1,False,1000.0,90.0
14.0,400,0.05,0.0001,True,1000.0,90.0
14.0,400,0.05,0.0001,False,1000.0,90.0
14.0,400,0.05,0.001,True,1000.0,90.0
14.0,400,0.05,0.001,False,1000.0,90.0
14.0,400,0.05,0.01,True,1000.0,90.0
14.0,400,0.05,0.01,False,1000.0,90.0
14.0,400,0.05,0.1,True,1000.0,90.0
14.0,400,0.05,0.1,False,1000.0,90.0
14.0,400,0.06,0.0001,True,1000.0,90.0
14.0,400,0.06,0.0001,False,1000.0,90.0
14.0,400,0.06,0.001,True,1000.0,90.0
14.0,400,0.06,0.001,False,1000.0,90.0
14.0,400,0.06,0.01,True,1000.0,90.0
14.0,400,0.06,0.01,False,1000.0,90.0
14.0,400,0.06,0.1,True,1000.0,90.0
14.0,400,0.06,0.1,False,1000.0,90.0
14.0,400,0.07,0.0001,True,1000.0,90.0
14.0,400,0.07,0.0001,False,1000.0,90.0
14.0,400,0.07,0.001,True,1000.0,90.0
14.0,400,0.07,0.001,False,1000.0,90.0
14.0,400,0.07,0.01,True,1000.0,90.0
14.0,400,0.07,0.01,False,1000.0,90.0
14.0,400,0.07,0.1,True,1000.0,90.0
14.0,400,0.07,0.1,False,1000.0,90.0
14.0,400,0.08,0.0001,True,1000.0,90.0
14.0,400,0.08,0.0001,False,1000.0,90.0
14.0,400,0.08,0.001,True,1000.0,90.0
14.0,400,0.08,0.001,False,1000.0,90.0
14.0,400,0.08,0.01,True,1000.0,90.0
14.0,400,0.08,0.01,False,1000.0,90.0
14.0,400,0.08,0.1,True,1000.0,90.0
14.0,400,0.08,0.1,False,1000.0,90.0
14.0,400,0.09,0.0001,True,1000.0,90.0
14.0,400,0.09,0.0001,False,1000.0,90.0
14.0,400,0.09,0.001,True,1000.0,90.0
14.0,400,0.09,0.001,False,1000.0,90.0
14.0,400,0.09,0.01,True,1000.0,90.0
14.0,400,0.09,0.01,False,1000.0,90.0
14.0,400,0.09,0.1,True,1000.0,90.0
14.0,400,0.09,0.1,False,1000.0,90.0
14.0,400,0.1,0.0001,True,1000.0,90.0
14.0,400,0.1,0.0001,False,1000.0,90.0
14.0,400,0.1,0.001,True,1000.0,90.0
14.0,400,0.1,0.001,False,1000.0,90.0
14.0,400,0.1,0.01,True,1000.0,90.0
14.0,400,0.1,0.01,False,1000.0,90.0
14.0,400,0.1,0.1,True,1000.0,90.0
14.0,400,0.1,0.1,False,1000.0,90.0
14.0,600,0.001,0.0001,True,0.9998769107959125,6.137743143893104
14.0,600,0.001,0.0001,False,0.9993897458546797,7.671427712894889
14.0,600,0.001,0.001,True,0.9998769107959125,6.137743143893104
14.0,600,0.001,0.001,False,0.9993897458546797,7.671427712894889
14.0,600,0.001,0.01,True,0.9998769107959125,6.137743143893104
14.0,600,0.001,0.01,False,0.9993897458546797,7.671427712894889
14.0,600,0.001,0.1,True,0.9998769107959125,6.137743143893104
14.0,600,0.001,0.1,False,0.9993897458546797,7.671427712894889
14.0,600,0.002,0.0001,True,1.0003928434875284,5.743504477253147
14.0,600,0.002,0.0001,False,0.9994182794107979,4.313187363528911
14.0,600,0.002,0.001,True,1.0003928434875284,5.743504477253147
14.0,600,0.002,0.001,False,0.9994182794107979,4.313187363528911
14.0,600,0.002,0.01,True,1.0003928434875284,5.743504477253147
14.0,600,0.002,0.01,False,0.9994182794107979,4.313187363528911
14.0,600,0.002,0.1,True,1.0003928434875284,5.743504477253147
14.0,600,0.002,0.1,False,0.9994182794107979,4.313187363528911
14.0,600,0.003,0.0001,True,1.0009084169364852,11.217171818345719
14.0,600,0.003,0.0001,False,0.999446219793782,3.887698070874812
14.0,600,0.003,0.001,True,1.0009084169364852,11.217171818345719
14.0,600,0.003,0.001,False,0.999446219793782,3.887698070874812
14.0,600,0.003,0.01,True,1.0009084169364852,11.217171818345719
14.0,600,0.003,0.01,False,0.999446219793782,3.887698070874812
14.0,600,0.003,0.1,True,1.0009084169364852,11.217171818345719
14.0,600,0.003,0.1,False,0.999446219793782,3.887698070874812
14.0,600,0.004,0.0001,True,1.0014236306849222,11.6931428914842
14.0,600,0.004,0.0001,False,0.9994735668096953,25.541978004367067
14.0,600,0.004,0.001,True,1.0014236306849222,11.6931428914842
14.0,600,0.004,0.001,False,0.9994735668096953,25.541978004367067
14.0,600,0.004,0.01,True,1.0014236306849222,11.6931428914842
14.0,600,0.004,0.01,False,0.9994735668096953,25.541978004367067
14.0,600,0.004,0.1,True,1.0014236306849222,11.6931428914842
14.0,600,0.004,0.1,False,0.9994735668096953,25.541978004367067
14.0,600,0.005,0.0001,True,1.0019384842753107,10.770047476912595
14.0,600,0.005,0.0001,False,0.999500320264972,19.044251687734125
14.0,600,0.005,0.001,True,1.0019384842753107,10.770047476912595
14.0,600,0.005,0.001,False,0.999500320264972,19.044251687734125
14.0,600,0.005,0.01,True,1.0019384842753107,10.770047476912595
14.0,600,0.005,0.01,False,0.999500320264972,19.044251687734125
14.0,600,0.005,0.1,True,1.0019384842753107,10.770047476912595
14.0,600,0.005,0.1,False,0.999500320264972,19.044251687734125
14.0,600,0.006,0.0001,True,1.4488176623572777,12.76768364750896
14.0,600,0.006,0.0001,False,1.5159376143166052,34.65754522326168
14.0,600,0.006,0.001,True,1.4488176623572777,12.76768364750896
14.0,600,0.006,0.001,False,1.5159376143166052,34.65754522326168
14.0,600,0.006,0.01,True,1.4488176623572777,12.76768364750896
14.0,600,0.006,0.01,False,1.5159376143166052,34.65754522326168
14.0,600,0.006,0.1,True,1.4488176623572777,12.76768364750896
14.0,600,0.006,0.1,False,1.5159376143166052,34.65754522326168
14.0,600,0.007,0.0001,True,1.9502188331054773,15.214848053847227
14.0,600,0.007,0.0001,False,2.265051101506892,49.46313027103908
14.0,600,0.007,0.001,True,1.9502188331054773,15.214848053847227
14.0,600,0.007,0.001,False,2.265051101506892,49.46313027103908
14.0,600,0.007,0.01,True,1.9502188331054773,15.214848053847227
14.0,600,0.007,0.01,False,2.265051101506892,49.46313027103908
14.0,600,0.007,0.1,True,1.9502188331054773,15.214848053847227
14.0,600,0.007,0.1,False,2.265051101506892,49.46313027103908
14.0,600,0.008,0.0001,True,3.622434875891916,17.320659468338704
14.0,600,0.008,0.0001,False,8.99243836890389,43.98225124702017
14.0,600,0.008,0.001,True,3.622434875891916,17.320659468338704
14.0,600,0.008,0.001,False,8.99243836890389,43.98225124702017
14.0,600,0.008,0.01,True,3.622434875891916,17.320659468338704
14.0,600,0.008,0.01,False,8.99243836890389,43.98225124702017
14.0,600,0.008,0.1,True,3.622434875891916,17.320659468338704
14.0,600,0.008,0.1,False,8.99243836890389,43.98225124702017
14.0,600,0.009000000000000001,0.0001,True,8.39948933988602,15.347062240830141
14.0,600,0.009000000000000001,0.0001,False,10.303300565204918,61.29269416454656
14.0,600,0.009000000000000001,0.001,True,8.39948933988602,15.347062240830141
14.0,600,0.009000000000000001,0.001,False,10.303300565204918,61.29269416454656
14.0,600,0.009000000000000001,0.01,True,8.39948933988602,15.347062240830141
14.0,600,0.009000000000000001,0.01,False,10.303300565204918,61.29269416454656
14.0,600,0.009000000000000001,0.1,True,8.39948933988602,15.347062240830141
14.0,600,0.009000000000000001,0.1,False,10.303300565204918,61.29269416454656
14.0,600,0.01,0.0001,True,14.368031261327667,37.705683206795
14.0,600,0.01,0.0001,False,75.24619687951558,57.89599150624011
14.0,600,0.01,0.001,True,14.368031261327667,37.705683206795
14.0,600,0.01,0.001,False,75.24619687951558,57.89599150624011
14.0,600,0.01,0.01,True,14.368031261327667,37.705683206795
14.0,600,0.01,0.01,False,75.24619687951558,57.89599150624011
14.0,600,0.01,0.1,True,14.368031261327667,37.705683206795
14.0,600,0.01,0.1,False,75.24619687951558,57.89599150624011
14.0,600,0.01,0.0001,True,14.368031261327667,37.705683206795
14.0,600,0.01,0.0001,False,75.24619687951558,57.89599150624011
14.0,600,0.01,0.001,True,14.368031261327667,37.705683206795
14.0,600,0.01,0.001,False,75.24619687951558,57.89599150624011
14.0,600,0.01,0.01,True,14.368031261327667,37.705683206795
14.0,600,0.01,0.01,False,75.24619687951558,57.89599150624011
14.0,600,0.01,0.1,True,14.368031261327667,37.705683206795
14.0,600,0.01,0.1,False,75.24619687951558,57.89599150624011
14.0,600,0.02,0.0001,True,248.35489196230918,89.99278831707365
14.0,600,0.02,0.0001,False,1000.0,90.0
14.0,600,0.02,0.001,True,248.35489196230918,89.99278831707365
14.0,600,0.02,0.001,False,1000.0,90.0
14.0,600,0.02,0.01,True,248.35489196230918,89.99278831707365
14.0,600,0.02,0.01,False,1000.0,90.0
14.0,600,0.02,0.1,True,248.35489196230918,89.99278831707365
14.0,600,0.02,0.1,False,1000.0,90.0
14.0,600,0.03,0.0001,True,1000.0,90.0
14.0,600,0.03,0.0001,False,1000.0,90.0
14.0,600,0.03,0.001,True,1000.0,90.0
14.0,600,0.03,0.001,False,1000.0,90.0
14.0,600,0.03,0.01,True,1000.0,90.0
14.0,600,0.03,0.01,False,1000.0,90.0
14.0,600,0.03,0.1,True,1000.0,90.0
14.0,600,0.03,0.1,False,1000.0,90.0
14.0,600,0.04,0.0001,True,1000.0,90.0
14.0,600,0.04,0.0001,False,1000.0,90.0
14.0,600,0.04,0.001,True,1000.0,90.0
14.0,600,0.04,0.001,False,1000.0,90.0
14.0,600,0.04,0.01,True,1000.0,90.0
14.0,600,0.04,0.01,False,1000.0,90.0
14.0,600,0.04,0.1,True,1000.0,90.0
14.0,600,0.04,0.1,False,1000.0,90.0
14.0,600,0.05,0.0001,True,1000.0,90.0
14.0,600,0.05,0.0001,False,1000.0,90.0
14.0,600,0.05,0.001,True,1000.0,90.0
14.0,600,0.05,0.001,False,1000.0,90.0
14.0,600,0.05,0.01,True,1000.0,90.0
14.0,600,0.05,0.01,False,1000.0,90.0
14.0,600,0.05,0.1,True,1000.0,90.0
14.0,600,0.05,0.1,False,1000.0,90.0
14.0,600,0.06,0.0001,True,1000.0,90.0
14.0,600,0.06,0.0001,False,1000.0,90.0
14.0,600,0.06,0.001,True,1000.0,90.0
14.0,600,0.06,0.001,False,1000.0,90.0
14.0,600,0.06,0.01,True,1000.0,90.0
14.0,600,0.06,0.01,False,1000.0,90.0
14.0,600,0.06,0.1,True,1000.0,90.0
14.0,600,0.06,0.1,False,1000.0,90.0
14.0,600,0.07,0.0001,True,1000.0,90.0
14.0,600,0.07,0.0001,False,1000.0,90.0
14.0,600,0.07,0.001,True,1000.0,90.0
14.0,600,0.07,0.001,False,1000.0,90.0
14.0,600,0.07,0.01,True,1000.0,90.0
14.0,600,0.07,0.01,False,1000.0,90.0
14.0,600,0.07,0.1,True,1000.0,90.0
14.0,600,0.07,0.1,False,1000.0,90.0
14.0,600,0.08,0.0001,True,1000.0,90.0
14.0,600,0.08,0.0001,False,1000.0,90.0
14.0,600,0.08,0.001,True,1000.0,90.0
14.0,600,0.08,0.001,False,1000.0,90.0
14.0,600,0.08,0.01,True,1000.0,90.0
14.0,600,0.08,0.01,False,1000.0,90.0
14.0,600,0.08,0.1,True,1000.0,90.0
14.0,600,0.08,0.1,False,1000.0,90.0
14.0,600,0.09,0.0001,True,1000.0,90.0
14.0,600,0.09,0.0001,False,1000.0,90.0
14.0,600,0.09,0.001,True,1000.0,90.0
14.0,600,0.09,0.001,False,1000.0,90.0
14.0,600,0.09,0.01,True,1000.0,90.0
14.0,600,0.09,0.01,False,1000.0,90.0
14.0,600,0.09,0.1,True,1000.0,90.0
14.0,600,0.09,0.1,False,1000.0,90.0
14.0,600,0.1,0.0001,True,1000.0,90.0
14.0,600,0.1,0.0001,False,1000.0,90.0
14.0,600,0.1,0.001,True,1000.0,90.0
14.0,600,0.1,0.001,False,1000.0,90.0
14.0,600,0.1,0.01,True,1000.0,90.0
14.0,600,0.1,0.01,False,1000.0,90.0
14.0,600,0.1,0.1,True,1000.0,90.0
14.0,600,0.1,0.1,False,1000.0,90.0
14.0,800,0.001,0.0001,True,0.9998907702287353,5.743504477253147
14.0,800,0.001,0.0001,False,1.0001216280844532,7.34930587551834
14.0,800,0.001,0.001,True,0.9998907702287353,5.743504477253147
14.0,800,0.001,0.001,False,1.0001216280844532,7.34930587551834
14.0,800,0.001,0.01,True,0.9998907702287353,5.743504477253147
14.0,800,0.001,0.01,False,1.0001216280844532,7.34930587551834
14.0,800,0.001,0.1,True,0.9998907702287353,5.743504477253147
14.0,800,0.001,0.1,False,1.0001216280844532,7.34930587551834
14.0,800,0.002,0.0001,True,1.000420190511317,5.3949398024800175
14.0,800,0.002,0.0001,False,1.0004972273277222,4.315591257837696
14.0,800,0.002,0.001,True,1.000420190511317,5.3949398024800175
14.0,800,0.002,0.001,False,1.0004972273277222,4.315591257837696
14.0,800,0.002,0.01,True,1.000420190511317,5.3949398024800175
14.0,800,0.002,0.01,False,1.0004972273277222,4.315591257837696
14.0,800,0.002,0.1,True,1.000420190511317,5.3949398024800175
14.0,800,0.002,0.1,False,1.0004972273277222,4.315591257837696
14.0,800,0.003,0.0001,True,1.000949452408332,5.34926581061319
14.0,800,0.003,0.0001,False,1.0010653805198242,4.421362607424022
14.0,800,0.003,0.001,True,1.000949452408332,5.34926581061319
14.0,800,0.003,0.001,False,1.0010653805198242,4.421362607424022
14.0,800,0.003,0.01,True,1.000949452408332,5.34926581061319
14.0,800,0.003,0.01,False,1.0010653805198242,4.421362607424022
14.0,800,0.003,0.1,True,1.000949452408332,5.34926581061319
14.0,800,0.003,0.1,False,1.0010653805198242,4.421362607424022
14.0,800,0.004,0.0001,True,1.0014783645339402,7.551232997455877
14.0,800,0.004,0.0001,False,1.0016334328240657,24.337626955668178
14.0,800,0.004,0.001,True,1.0014783645339402,7.551232997455877
14.0,800,0.004,0.001,False,1.0016334328240657,24.337626955668178
14.0,800,0.004,0.01,True,1.0014783645339402,7.551232997455877
14.0,800,0.004,0.01,False,1.0016334328240657,24.337626955668178
14.0,800,0.004,0.1,True,1.0014783645339402,7.551232997455877
14.0,800,0.004,0.1,False,1.0016334328240657,24.337626955668178
14.0,800,0.005,0.0001,True,1.0020069264094345,7.78681463971634
14.0,800,0.005,0.0001,False,1.0022013839805608,21.82074961437528
14.0,800,0.005,0.001,True,1.0020069264094345,7.78681463971634
14.0,800,0.005,0.001,False,1.0022013839805608,21.82074961437528
14.0,800,0.005,0.01,True,1.0020069264094345,7.78681463971634
14.0,800,0.005,0.01,False,1.0022013839805608,21.82074961437528
14.0,800,0.005,0.1,True,1.0020069264094345,7.78681463971634
14.0,800,0.005,0.1,False,1.0022013839805608,21.82074961437528
14.0,800,0.006,0.0001,True,1.1524101843320402,11.294096436226681
14.0,800,0.006,0.0001,False,2.1582857069661587,62.99224744085417
14.0,800,0.006,0.001,True,1.1524101843320402,11.294096436226681
14.0,800,0.006,0.001,False,2.1582857069661587,62.99224744085417
14.0,800,0.006,0.01,True,1.1524101843320402,11.294096436226681
14.0,800,0.006,0.01,False,2.1582857069661587,62.99224744085417
14.0,800,0.006,0.1,True,1.1524101843320402,11.294096436226681
14.0,800,0.006,0.1,False,2.1582857069661587,62.99224744085417
14.0,800,0.007,0.0001,True,1.6209684003002771,15.356677818065265
14.0,800,0.007,0.0001,False,11.497081747450553,52.02327770989001
14.0,800,0.007,0.001,True,1.6209684003002771,15.356677818065265
14.0,800,0.007,0.001,False,11.497081747450553,52.02327770989001
14.0,800,0.007,0.01,True,1.6209684003002771,15.356677818065265
14.0,800,0.007,0.01,False,11.497081747450553,52.02327770989001
14.0,800,0.007,0.1,True,1.6209684003002771,15.356677818065265
14.0,800,0.007,0.1,False,11.497081747450553,52.02327770989001
14.0,800,0.008,0.0001,True,2.1448889379831537,18.45529758208297
14.0,800,0.008,0.0001,False,42.91433234734993,77.33628478134577
14.0,800,0.008,0.001,True,2.1448889379831537,18.45529758208297
14.0,800,0.008,0.001,False,42.91433234734993,77.33628478134577
14.0,800,0.008,0.01,True,2.1448889379831537,18.45529758208297
14.0,800,0.008,0.01,False,42.91433234734993,77.33628478134577
14.0,800,0.008,0.1,True,2.1448889379831537,18.45529758208297
14.0,800,0.008,0.1,False,42.91433234734993,77.33628478134577
14.0,800,0.009000000000000001,0.0001,True,2.7342979332168884,25.00590957350908
14.0,800,0.009000000000000001,0.0001,False,67.25387665018751,84.71864420360984
14.0,800,0.009000000000000001,0.001,True,2.7342979332168884,25.00590957350908
14.0,800,0.009000000000000001,0.001,False,67.25387665018751,84.71864420360984
14.0,800,0.009000000000000001,0.01,True,2.7342979332168884,25.00590957350908
14.0,800,0.009000000000000001,0.01,False,67.25387665018751,84.71864420360984
14.0,800,0.009000000000000001,0.1,True,2.7342979332168884,25.00590957350908
14.0,800,0.009000000000000001,0.1,False,67.25387665018751,84.71864420360984
14.0,800,0.01,0.0001,True,4.834226480840704,24.094833630481375
14.0,800,0.01,0.0001,False,80.04171352418243,90.0
14.0,800,0.01,0.001,True,4.834226480840704,24.094833630481375
14.0,800,0.01,0.001,False,80.04171352418243,90.0
14.0,800,0.01,0.01,True,4.834226480840704,24.094833630481375
14.0,800,0.01,0.01,False,80.04171352418243,90.0
14.0,800,0.01,0.1,True,4.834226480840704,24.094833630481375
14.0,800,0.01,0.1,False,80.04171352418243,90.0
14.0,800,0.01,0.0001,True,4.834226480840704,24.094833630481375
14.0,800,0.01,0.0001,False,80.04171352418243,90.0
14.0,800,0.01,0.001,True,4.834226480840704,24.094833630481375
14.0,800,0.01,0.001,False,80.04171352418243,90.0
14.0,800,0.01,0.01,True,4.834226480840704,24.094833630481375
14.0,800,0.01,0.01,False,80.04171352418243,90.0
14.0,800,0.01,0.1,True,4.834226480840704,24.094833630481375
14.0,800,0.01,0.1,False,80.04171352418243,90.0
14.0,800,0.02,0.0001,True,1000.0,90.0
14.0,800,0.02,0.0001,False,1000.0,90.0
14.0,800,0.02,0.001,True,1000.0,90.0
14.0,800,0.02,0.001,False,1000.0,90.0
14.0,800,0.02,0.01,True,1000.0,90.0
14.0,800,0.02,0.01,False,1000.0,90.0
14.0,800,0.02,0.1,True,1000.0,90.0
14.0,800,0.02,0.1,False,1000.0,90.0
14.0,800,0.03,0.0001,True,1000.0,90.0
14.0,800,0.03,0.0001,False,1000.0,90.0
14.0,800,0.03,0.001,True,1000.0,90.0
14.0,800,0.03,0.001,False,1000.0,90.0
14.0,800,0.03,0.01,True,1000.0,90.0
14.0,800,0.03,0.01,False,1000.0,90.0
14.0,800,0.03,0.1,True,1000.0,90.0
14.0,800,0.03,0.1,False,1000.0,90.0
14.0,800,0.04,0.0001,True,486.61677039650806,47.60972775896953
14.0,800,0.04,0.0001,False,1000.0,90.0
14.0,800,0.04,0.001,True,486.61677039650806,47.60972775896953
14.0,800,0.04,0.001,False,1000.0,90.0
14.0,800,0.04,0.01,True,486.61677039650806,47.60972775896953
14.0,800,0.04,0.01,False,1000.0,90.0
14.0,800,0.04,0.1,True,486.61677039650806,47.60972775896953
14.0,800,0.04,0.1,False,1000.0,90.0
14.0,800,0.05,0.0001,True,1000.0,90.0
14.0,800,0.05,0.0001,False,1000.0,90.0
14.0,800,0.05,0.001,True,1000.0,90.0
14.0,800,0.05,0.001,False,1000.0,90.0
14.0,800,0.05,0.01,True,1000.0,90.0
14.0,800,0.05,0.01,False,1000.0,90.0
14.0,800,0.05,0.1,True,1000.0,90.0
14.0,800,0.05,0.1,False,1000.0,90.0
14.0,800,0.06,0.0001,True,1000.0,90.0
14.0,800,0.06,0.0001,False,1000.0,90.0
14.0,800,0.06,0.001,True,1000.0,90.0
14.0,800,0.06,0.001,False,1000.0,90.0
14.0,800,0.06,0.01,True,1000.0,90.0
14.0,800,0.06,0.01,False,1000.0,90.0
14.0,800,0.06,0.1,True,1000.0,90.0
14.0,800,0.06,0.1,False,1000.0,90.0
14.0,800,0.07,0.0001,True,1000.0,90.0
14.0,800,0.07,0.0001,False,1000.0,90.0
14.0,800,0.07,0.001,True,1000.0,90.0
14.0,800,0.07,0.001,False,1000.0,90.0
14.0,800,0.07,0.01,True,1000.0,90.0
14.0,800,0.07,0.01,False,1000.0,90.0
14.0,800,0.07,0.1,True,1000.0,90.0
14.0,800,0.07,0.1,False,1000.0,90.0
14.0,800,0.08,0.0001,True,1000.0,90.0
14.0,800,0.08,0.0001,False,1000.0,90.0
14.0,800,0.08,0.001,True,1000.0,90.0
14.0,800,0.08,0.001,False,1000.0,90.0
14.0,800,0.08,0.01,True,1000.0,90.0
14.0,800,0.08,0.01,False,1000.0,90.0
14.0,800,0.08,0.1,True,1000.0,90.0
14.0,800,0.08,0.1,False,1000.0,90.0
14.0,800,0.09,0.0001,True,1000.0,90.0
14.0,800,0.09,0.0001,False,1000.0,90.0
14.0,800,0.09,0.001,True,1000.0,90.0
14.0,800,0.09,0.001,False,1000.0,90.0
14.0,800,0.09,0.01,True,1000.0,90.0
14.0,800,0.09,0.01,False,1000.0,90.0
14.0,800,0.09,0.1,True,1000.0,90.0
14.0,800,0.09,0.1,False,1000.0,90.0
14.0,800,0.1,0.0001,True,1000.0,90.0
14.0,800,0.1,0.0001,False,1000.0,90.0
14.0,800,0.1,0.001,True,1000.0,90.0
14.0,800,0.1,0.001,False,1000.0,90.0
14.0,800,0.1,0.01,True,1000.0,90.0
14.0,800,0.1,0.01,False,1000.0,90.0
14.0,800,0.1,0.1,True,1000.0,90.0
14.0,800,0.1,0.1,False,1000.0,90.0
14.0,1000,0.001,0.0001,True,0.9999055209875992,5.421382639876597
14.0,1000,0.001,0.0001,False,1.0005479280006813,7.063242452773487
14.0,1000,0.001,0.001,True,0.9999055209875992,5.421382639876597
14.0,1000,0.001,0.001,False,1.0005479280006813,7.063242452773487
14.0,1000,0.001,0.01,True,0.9999055209875992,5.421382639876597
14.0,1000,0.001,0.01,False,1.0005479280006813,7.063242452773487
14.0,1000,0.001,0.1,True,0.9999055209875992,5.421382639876597
14.0,1000,0.001,0.1,False,1.0005479280006813,7.063242452773487
14.0,1000,0.002,0.0001,True,1.0004342072461478,2.380456339269614
14.0,1000,0.002,0.0001,False,1.0011349016162476,2.6665197620144596
14.0,1000,0.002,0.001,True,1.0004342072461478,2.380456339269614
14.0,1000,0.002,0.001,False,1.0011349016162476,2.6665197620144596
14.0,1000,0.002,0.01,True,1.0004342072461478,2.380456339269614
14.0,1000,0.002,0.01,False,1.0011349016162476,2.6665197620144596
14.0,1000,0.002,0.1,True,1.0004342072461478,2.380456339269614
14.0,1000,0.002,0.1,False,1.0011349016162476,2.6665197620144596
14.0,1000,0.003,0.0001,True,1.000970477849171,4.717041607403992
14.0,1000,0.003,0.0001,False,1.0019102502985573,4.813197379755202
14.0,1000,0.003,0.001,True,1.000970477849171,4.717041607403992
14.0,1000,0.003,0.001,False,1.0019102502985573,4.813197379755202
14.0,1000,0.003,0.01,True,1.000970477849171,4.717041607403992
14.0,1000,0.003,0.01,False,1.0019102502985573,4.813197379755202
14.0,1000,0.003,0.1,True,1.000970477849171,4.717041607403992
14.0,1000,0.003,0.1,False,1.0019102502985573,4.813197379755202
14.0,1000,0.004,0.0001,True,1.0015063988787745,4.421362607424022
14.0,1000,0.004,0.0001,False,1.0027606268598168,17.099501191930926
14.0,1000,0.004,0.001,True,1.0015063988787745,4.421362607424022
14.0,1000,0.004,0.001,False,1.0027606268598168,17.099501191930926
14.0,1000,0.004,0.01,True,1.0015063988787745,4.421362607424022
14.0,1000,0.004,0.01,False,1.0027606268598168,17.099501191930926
14.0,1000,0.004,0.1,True,1.0015063988787745,4.421362607424022
14.0,1000,0.004,0.1,False,1.0027606268598168,17.099501191930926
14.0,1000,0.005,0.0001,True,1.0020419698354053,4.548769005789374
14.0,1000,0.005,0.0001,False,1.0036112530841186,43.49906849095534
14.0,1000,0.005,0.001,True,1.0020419698354053,4.548769005789374
14.0,1000,0.005,0.001,False,1.0036112530841186,43.49906849095534
14.0,1000,0.005,0.01,True,1.0020419698354053,4.548769005789374
14.0,1000,0.005,0.01,False,1.0036112530841186,43.49906849095534
14.0,1000,0.005,0.1,True,1.0020419698354053,4.548769005789374
14.0,1000,0.005,0.1,False,1.0036112530841186,43.49906849095534
14.0,1000,0.006,0.0001,True,1.0025771902198224,8.587311444540155
14.0,1000,0.006,0.0001,False,3.8839982497052277,42.734630100763226
14.0,1000,0.006,0.001,True,1.0025771902198224,8.587311444540155
14.0,1000,0.006,0.001,False,3.8839982497052277,42.734630100763226
14.0,1000,0.006,0.01,True,1.0025771902198224,8.587311444540155
14.0,1000,0.006,0.01,False,3.8839982497052277,42.734630100763226
14.0,1000,0.006,0.1,True,1.0025771902198224,8.587311444540155
14.0,1000,0.006,0.1,False,3.8839982497052277,42.734630100763226
14.0,1000,0.007,0.0001,True,1.4502579800487279,12.44556181013241
14.0,1000,0.007,0.0001,False,7.447991508521591,55.50892445762133
14.0,1000,0.007,0.001,True,1.4502579800487279,12.44556181013241
14.0,1000,0.007,0.001,False,7.447991508521591,55.50892445762133
14.0,1000,0.007,0.01,True,1.4502579800487279,12.44556181013241
14.0,1000,0.007,0.01,False,7.447991508521591,55.50892445762133
14.0,1000,0.007,0.1,True,1.4502579800487279,12.44556181013241
14.0,1000,0.007,0.1,False,7.447991508521591,55.50892445762133
14.0,1000,0.008,0.0001,True,1.9581119805232725,15.474468639195493
14.0,1000,0.008,0.0001,False,19.476198910651064,54.886315831647266
14.0,1000,0.008,0.001,True,1.9581119805232725,15.474468639195493
14.0,1000,0.008,0.001,False,19.476198910651064,54.886315831647266
14.0,1000,0.008,0.01,True,1.9581119805232725,15.474468639195493
14.0,1000,0.008,0.01,False,19.476198910651064,54.886315831647266
14.0,1000,0.008,0.1,True,1.9581119805232725,15.474468639195493
14.0,1000,0.008,0.1,False,19.476198910651064,54.886315831647266
14.0,1000,0.009000000000000001,0.0001,True,2.5370392138742153,19.457721508844322
14.0,1000,0.009000000000000001,0.0001,False,37.07615943472758,60.6556621727198
14.0,1000,0.009000000000000001,0.001,True,2.5370392138742153,19.457721508844322
14.0,1000,0.009000000000000001,0.001,False,37.07615943472758,60.6556621727198
14.0,1000,0.009000000000000001,0.01,True,2.5370392138742153,19.457721508844322
14.0,1000,0.009000000000000001,0.01,False,37.07615943472758,60.6556621727198
14.0,1000,0.009000000000000001,0.1,True,2.5370392138742153,19.457721508844322
14.0,1000,0.009000000000000001,0.1,False,37.07615943472758,60.6556621727198
14.0,1000,0.01,0.0001,True,3.1689638300475362,61.67250946533383
14.0,1000,0.01,0.0001,False,68.49989675519133,89.99759610569122
14.0,1000,0.01,0.001,True,3.1689638300475362,61.67250946533383
14.0,1000,0.01,0.001,False,68.49989675519133,89.99759610569122
14.0,1000,0.01,0.01,True,3.1689638300475362,61.67250946533383
14.0,1000,0.01,0.01,False,68.49989675519133,89.99759610569122
14.0,1000,0.01,0.1,True,3.1689638300475362,61.67250946533383
14.0,1000,0.01,0.1,False,68.49989675519133,89.99759610569122
14.0,1000,0.01,0.0001,True,3.1689638300475362,61.67250946533383
14.0,1000,0.01,0.0001,False,68.49989675519133,89.99759610569122
14.0,1000,0.01,0.001,True,3.1689638300475362,61.67250946533383
14.0,1000,0.01,0.001,False,68.49989675519133,89.99759610569122
14.0,1000,0.01,0.01,True,3.1689638300475362,61.67250946533383
14.0,1000,0.01,0.01,False,68.49989675519133,89.99759610569122
14.0,1000,0.01,0.1,True,3.1689638300475362,61.67250946533383
14.0,1000,0.01,0.1,False,68.49989675519133,89.99759610569122
14.0,1000,0.02,0.0001,True,1000.0,90.0
14.0,1000,0.02,0.0001,False,345.76958537610136,89.99278831707365
14.0,1000,0.02,0.001,True,1000.0,90.0
14.0,1000,0.02,0.001,False,345.76958537610136,89.99278831707365
14.0,1000,0.02,0.01,True,1000.0,90.0
14.0,1000,0.02,0.01,False,345.76958537610136,89.99278831707365
14.0,1000,0.02,0.1,True,1000.0,90.0
14.0,1000,0.02,0.1,False,345.76958537610136,89.99278831707365
14.0,1000,0.03,0.0001,True,1000.0,90.0
14.0,1000,0.03,0.0001,False,1000.0,90.0
14.0,1000,0.03,0.001,True,1000.0,90.0
14.0,1000,0.03,0.001,False,1000.0,90.0
14.0,1000,0.03,0.01,True,1000.0,90.0
14.0,1000,0.03,0.01,False,1000.0,90.0
14.0,1000,0.03,0.1,True,1000.0,90.0
14.0,1000,0.03,0.1,False,1000.0,90.0
14.0,1000,0.04,0.0001,True,1000.0,90.0
14.0,1000,0.04,0.0001,False,1000.0,90.0
14.0,1000,0.04,0.001,True,1000.0,90.0
14.0,1000,0.04,0.001,False,1000.0,90.0
14.0,1000,0.04,0.01,True,1000.0,90.0
14.0,1000,0.04,0.01,False,1000.0,90.0
14.0,1000,0.04,0.1,True,1000.0,90.0
14.0,1000,0.04,0.1,False,1000.0,90.0
14.0,1000,0.05,0.0001,True,1000.0,90.0
14.0,1000,0.05,0.0001,False,1000.0,90.0
14.0,1000,0.05,0.001,True,1000.0,90.0
14.0,1000,0.05,0.001,False,1000.0,90.0
14.0,1000,0.05,0.01,True,1000.0,90.0
14.0,1000,0.05,0.01,False,1000.0,90.0
14.0,1000,0.05,0.1,True,1000.0,90.0
14.0,1000,0.05,0.1,False,1000.0,90.0
14.0,1000,0.06,0.0001,True,1000.0,90.0
14.0,1000,0.06,0.0001,False,1000.0,90.0
14.0,1000,0.06,0.001,True,1000.0,90.0
14.0,1000,0.06,0.001,False,1000.0,90.0
14.0,1000,0.06,0.01,True,1000.0,90.0
14.0,1000,0.06,0.01,False,1000.0,90.0
14.0,1000,0.06,0.1,True,1000.0,90.0
14.0,1000,0.06,0.1,False,1000.0,90.0
14.0,1000,0.07,0.0001,True,1000.0,89.48797051222981
14.0,1000,0.07,0.0001,False,1000.0,90.0
14.0,1000,0.07,0.001,True,1000.0,89.48797051222981
14.0,1000,0.07,0.001,False,1000.0,90.0
14.0,1000,0.07,0.01,True,1000.0,89.48797051222981
14.0,1000,0.07,0.01,False,1000.0,90.0
14.0,1000,0.07,0.1,True,1000.0,89.48797051222981
14.0,1000,0.07,0.1,False,1000.0,90.0
14.0,1000,0.08,0.0001,True,1000.0,90.0
14.0,1000,0.08,0.0001,False,1000.0,90.0
14.0,1000,0.08,0.001,True,1000.0,90.0
14.0,1000,0.08,0.001,False,1000.0,90.0
14.0,1000,0.08,0.01,True,1000.0,90.0
14.0,1000,0.08,0.01,False,1000.0,90.0
14.0,1000,0.08,0.1,True,1000.0,90.0
14.0,1000,0.08,0.1,False,1000.0,90.0
14.0,1000,0.09,0.0001,True,1000.0,90.0
14.0,1000,0.09,0.0001,False,1000.0,90.0
14.0,1000,0.09,0.001,True,1000.0,90.0
14.0,1000,0.09,0.001,False,1000.0,90.0
14.0,1000,0.09,0.01,True,1000.0,90.0
14.0,1000,0.09,0.01,False,1000.0,90.0
14.0,1000,0.09,0.1,True,1000.0,90.0
14.0,1000,0.09,0.1,False,1000.0,90.0
14.0,1000,0.1,0.0001,True,1000.0,90.0
14.0,1000,0.1,0.0001,False,1000.0,90.0
14.0,1000,0.1,0.001,True,1000.0,90.0
14.0,1000,0.1,0.001,False,1000.0,90.0
14.0,1000,0.1,0.01,True,1000.0,90.0
14.0,1000,0.1,0.01,False,1000.0,90.0
14.0,1000,0.1,0.1,True,1000.0,90.0
14.0,1000,0.1,0.1,False,1000.0,90.0
14.5,200,0.001,0.0001,True,0.9955243908733261,3.5607684448807078
14.5,200,0.001,0.0001,False,0.9959602934178705,5.803601834972653
14.5,200,0.001,0.001,True,0.9955243908733261,3.5607684448807078
14.5,200,0.001,0.001,False,0.9959602934178705,5.803601834972653
14.5,200,0.001,0.01,True,0.9955243908733261,3.5607684448807078
14.5,200,0.001,0.01,False,0.9959602934178705,5.803601834972653
14.5,200,0.001,0.1,True,0.9955243908733261,3.5607684448807078
14.5,200,0.001,0.1,False,0.9959602934178705,5.803601834972653
14.5,200,0.002,0.0001,True,0.9952291151415185,1.9068891604399099
14.5,200,0.002,0.0001,False,0.9954901897644263,2.8371962579378547
14.5,200,0.002,0.001,True,0.9952291151415185,1.9068891604399099
14.5,200,0.002,0.001,False,0.9954901897644263,2.8371962579378547
14.5,200,0.002,0.01,True,0.9952291151415185,1.9068891604399099
14.5,200,0.002,0.01,False,0.9954901897644263,2.8371962579378547
14.5,200,0.002,0.1,True,0.9952291151415185,1.9068891604399099
14.5,200,0.002,0.1,False,0.9954901897644263,2.8371962579378547
14.5,200,0.003,0.0001,True,0.9949338836554723,1.349185680802897
14.5,200,0.003,0.0001,False,0.9953254498744529,2.077565656363305
14.5,200,0.003,0.001,True,0.9949338836554723,1.349185680802897
14.5,200,0.003,0.001,False,0.9953254498744529,2.077565656363305
14.5,200,0.003,0.01,True,0.9949338836554723,1.349185680802897
14.5,200,0.003,0.01,False,0.9953254498744529,2.077565656363305
14.5,200,0.003,0.1,True,0.9949338836554723,1.349185680802897
14.5,200,0.003,0.1,False,0.9953254498744529,2.077565656363305
14.5,200,0.004,0.0001,True,0.9946386964149598,0.9020613393697765
14.5,200,0.004,0.0001,False,0.9951607237533191,1.6592880466355489
14.5,200,0.004,0.001,True,0.9946386964149598,0.9020613393697765
14.5,200,0.004,0.001,False,0.9951607237533191,1.6592880466355489
14.5,200,0.004,0.01,True,0.9946386964149598,0.9020613393697765
14.5,200,0.004,0.01,False,0.9951607237533191,1.6592880466355489
14.5,200,0.004,0.1,True,0.9946386964149598,0.9020613393697765
14.5,200,0.004,0.1,False,0.9951607237533191,1.6592880466355489
14.5,200,0.005,0.0001,True,0.9943435534197809,5.214647729321499
14.5,200,0.005,0.0001,False,0.9949960114010197,1.4140908271399653
14.5,200,0.005,0.001,True,0.9943435534197809,5.214647729321499
14.5,200,0.005,0.001,False,0.9949960114010197,1.4140908271399653
14.5,200,0.005,0.01,True,0.9943435534197809,5.214647729321499
14.5,200,0.005,0.01,False,0.9949960114010197,1.4140908271399653
14.5,200,0.005,0.1,True,0.9943435534197809,5.214647729321499
14.5,200,0.005,0.1,False,0.9949960114010197,1.4140908271399653
14.5,200,0.006,0.0001,True,0.9940484546697915,6.637753160119388
14.5,200,0.006,0.0001,False,0.994831312817509,2.4742082173120465
14.5,200,0.006,0.001,True,0.9940484546697915,6.637753160119388
14.5,200,0.006,0.001,False,0.994831312817509,2.4742082173120465
14.5,200,0.006,0.01,True,0.9940484546697915,6.637753160119388
14.5,200,0.006,0.01,False,0.994831312817509,2.4742082173120465
14.5,200,0.006,0.1,True,0.9940484546697915,6.637753160119388
14.5,200,0.006,0.1,False,0.994831312817509,2.4742082173120465
14.5,200,0.007,0.0001,True,0.9937534001647192,7.7844107454075555
14.5,200,0.007,0.0001,False,0.9946666280027305,2.5439211522666696
14.5,200,0.007,0.001,True,0.9937534001647192,7.7844107454075555
14.5,200,0.007,0.001,False,0.9946666280027305,2.5439211522666696
14.5,200,0.007,0.01,True,0.9937534001647192,7.7844107454075555
14.5,200,0.007,0.01,False,0.9946666280027305,2.5439211522666696
14.5,200,0.007,0.1,True,0.9937534001647192,7.7844107454075555
14.5,200,0.007,0.1,False,0.9946666280027305,2.5439211522666696
14.5,200,0.008,0.0001,True,0.9934583899044026,7.505559005589049
14.5,200,0.008,0.0001,False,0.9945019569566447,4.452613233438164
14.5,200,0.008,0.001,True,0.9934583899044026,7.505559005589049
14.5,200,0.008,0.001,False,0.9945019569566447,4.452613233438164
14.5,200,0.008,0.01,True,0.9934583899044026,7.505559005589049
14.5,200,0.008,0.01,False,0.9945019569566447,4.452613233438164
14.5,200,0.008,0.1,True,0.9934583899044026,7.505559005589049
14.5,200,0.008,0.1,False,0.9945019569566447,4.452613233438164
14.5,200,0.009000000000000001,0.0001,True,0.9931634238886479,7.226707265770543
14.5,200,0.009000000000000001,0.0001,False,0.9943372996793196,6.39736372924137
14.5,200,0.009000000000000001,0.001,True,0.9931634238886479,7.226707265770543
14.5,200,0.009000000000000001,0.001,False,0.9943372996793196,6.39736372924137
14.5,200,0.009000000000000001,0.01,True,0.9931634238886479,7.226707265770543
14.5,200,0.009000000000000001,0.01,False,0.9943372996793196,6.39736372924137
14.5,200,0.009000000000000001,0.1,True,0.9931634238886479,7.226707265770543
14.5,200,0.009000000000000001,0.1,False,0.9943372996793196,6.39736372924137
14.5,200,0.01,0.0001,True,0.9928685021172097,8.190668883591414
14.5,200,0.01,0.0001,False,0.9941726561705965,9.205112281896668
14.5,200,0.01,0.001,True,0.9928685021172097,8.190668883591414
14.5,200,0.01,0.001,False,0.9941726561705965,9.205112281896668
14.5,200,0.01,0.01,True,0.9928685021172097,8.190668883591414
14.5,200,0.01,0.01,False,0.9941726561705965,9.205112281896668
14.5,200,0.01,0.1,True,0.9928685021172097,8.190668883591414
14.5,200,0.01,0.1,False,0.9941726561705965,9.205112281896668
14.5,200,0.01,0.0001,True,0.9928685021172097,8.190668883591414
14.5,200,0.01,0.0001,False,0.9941726561705965,9.205112281896668
14.5,200,0.01,0.001,True,0.9928685021172097,8.190668883591414
14.5,200,0.01,0.001,False,0.9941726561705965,9.205112281896668
14.5,200,0.01,0.01,True,0.9928685021172097,8.190668883591414
14.5,200,0.01,0.01,False,0.9941726561705965,9.205112281896668
14.5,200,0.01,0.1,True,0.9928685021172097,8.190668883591414
14.5,200,0.01,0.1,False,0.9941726561705965,9.205112281896668
14.5,200,0.02,0.0001,True,1.8565793367564805,6.382940363388684
14.5,200,0.02,0.0001,False,3.9142574186323493,35.092650093150894
14.5,200,0.02,0.001,True,1.8565793367564805,6.382940363388684
14.5,200,0.02,0.001,False,3.9142574186323493,35.092650093150894
14.5,200,0.02,0.01,True,1.8565793367564805,6.382940363388684
14.5,200,0.02,0.01,False,3.9142574186323493,35.092650093150894
14.5,200,0.02,0.1,True,1.8565793367564805,6.382940363388684
14.5,200,0.02,0.1,False,3.9142574186323493,35.092650093150894
14.5,200,0.03,0.0001,True,1000.0,31.43151906087862
14.5,200,0.03,0.0001,False,1000.0,90.0
14.5,200,0.03,0.001,True,1000.0,31.43151906087862
14.5,200,0.03,0.001,False,1000.0,90.0
14.5,200,0.03,0.01,True,1000.0,31.43151906087862
14.5,200,0.03,0.01,False,1000.0,90.0
14.5,200,0.03,0.1,True,1000.0,31.43151906087862
14.5,200,0.03,0.1,False,1000.0,90.0
14.5,200,0.04,0.0001,True,1000.0,90.0
14.5,200,0.04,0.0001,False,1000.0,90.0
14.5,200,0.04,0.001,True,1000.0,90.0
14.5,200,0.04,0.001,False,1000.0,90.0
14.5,200,0.04,0.01,True,1000.0,90.0
14.5,200,0.04,0.01,False,1000.0,90.0
14.5,200,0.04,0.1,True,1000.0,90.0
14.5,200,0.04,0.1,False,1000.0,90.0
14.5,200,0.05,0.0001,True,1000.0,90.0
14.5,200,0.05,0.0001,False,1000.0,90.0
14.5,200,0.05,0.001,True,1000.0,90.0
14.5,200,0.05,0.001,False,1000.0,90.0
14.5,200,0.05,0.01,True,1000.0,90.0
14.5,200,0.05,0.01,False,1000.0,90.0
14.5,200,0.05,0.1,True,1000.0,90.0
14.5,200,0.05,0.1,False,1000.0,90.0
14.5,200,0.06,0.0001,True,1000.0,90.0
14.5,200,0.06,0.0001,False,1000.0,90.0
14.5,200,0.06,0.001,True,1000.0,90.0
14.5,200,0.06,0.001,False,1000.0,90.0
14.5,200,0.06,0.01,True,1000.0,90.0
14.5,200,0.06,0.01,False,1000.0,90.0
14.5,200,0.06,0.1,True,1000.0,90.0
14.5,200,0.06,0.1,False,1000.0,90.0
14.5,200,0.07,0.0001,True,1000.0,90.0
14.5,200,0.07,0.0001,False,1000.0,90.0
14.5,200,0.07,0.001,True,1000.0,90.0
14.5,200,0.07,0.001,False,1000.0,90.0
14.5,200,0.07,0.01,True,1000.0,90.0
14.5,200,0.07,0.01,False,1000.0,90.0
14.5,200,0.07,0.1,True,1000.0,90.0
14.5,200,0.07,0.1,False,1000.0,90.0
14.5,200,0.08,0.0001,True,1000.0,90.0
14.5,200,0.08,0.0001,False,1000.0,90.0
14.5,200,0.08,0.001,True,1000.0,90.0
14.5,200,0.08,0.001,False,1000.0,90.0
14.5,200,0.08,0.01,True,1000.0,90.0
14.5,200,0.08,0.01,False,1000.0,90.0
14.5,200,0.08,0.1,True,1000.0,90.0
14.5,200,0.08,0.1,False,1000.0,90.0
14.5,200,0.09,0.0001,True,1000.0,90.0
14.5,200,0.09,0.0001,False,1000.0,90.0
14.5,200,0.09,0.001,True,1000.0,90.0
14.5,200,0.09,0.001,False,1000.0,90.0
14.5,200,0.09,0.01,True,1000.0,90.0
14.5,200,0.09,0.01,False,1000.0,90.0
14.5,200,0.09,0.1,True,1000.0,90.0
14.5,200,0.09,0.1,False,1000.0,90.0
14.5,200,0.1,0.0001,True,1000.0,90.0
14.5,200,0.1,0.0001,False,1000.0,90.0
14.5,200,0.1,0.001,True,1000.0,90.0
14.5,200,0.1,0.001,False,1000.0,90.0
14.5,200,0.1,0.01,True,1000.0,90.0
14.5,200,0.1,0.01,False,1000.0,90.0
14.5,200,0.1,0.1,True,1000.0,90.0
14.5,200,0.1,0.1,False,1000.0,90.0
14.5,400,0.001,0.0001,True,0.9964454383128005,4.906949257797628
14.5,400,0.001,0.0001,False,0.9973131312430454,6.873334802379851
14.5,400,0.001,0.001,True,0.9964454383128005,4.906949257797628
14.5,400,0.001,0.001,False,0.9973131312430454,6.873334802379851
14.5,400,0.001,0.01,True,0.9964454383128005,4.906949257797628
14.5,400,0.001,0.01,False,0.9973131312430454,6.873334802379851
14.5,400,0.001,0.1,True,0.9964454383128005,4.906949257797628
14.5,400,0.001,0.1,False,0.9973131312430454,6.873334802379851
14.5,400,0.002,0.0001,True,0.9954965181098527,2.594402932751052
14.5,400,0.002,0.0001,False,0.995577092242691,3.529517818866559
14.5,400,0.002,0.001,True,0.9954965181098527,2.594402932751052
14.5,400,0.002,0.001,False,0.995577092242691,3.529517818866559
14.5,400,0.002,0.01,True,0.9954965181098527,2.594402932751052
14.5,400,0.002,0.01,False,0.995577092242691,3.529517818866559
14.5,400,0.002,0.1,True,0.9954965181098527,2.594402932751052
14.5,400,0.002,0.1,False,0.995577092242691,3.529517818866559
14.5,400,0.003,0.0001,True,0.9953349417017999,1.5631322742843388
14.5,400,0.003,0.0001,False,0.9954557941817862,2.6280574530739784
14.5,400,0.003,0.001,True,0.9953349417017999,1.5631322742843388
14.5,400,0.003,0.001,False,0.9954557941817862,2.6280574530739784
14.5,400,0.003,0.01,True,0.9953349417017999,1.5631322742843388
14.5,400,0.003,0.01,False,0.9954557941817862,2.6280574530739784
14.5,400,0.003,0.1,True,0.9953349417017999,1.5631322742843388
14.5,400,0.003,0.1,False,0.9954557941817862,2.6280574530739784
14.5,400,0.004,0.0001,True,0.9951733786020288,1.2193753881287677
14.5,400,0.004,0.0001,False,0.9953345036163745,2.072757867745743
14.5,400,0.004,0.001,True,0.9951733786020288,1.2193753881287677
14.5,400,0.004,0.001,False,0.9953345036163745,2.072757867745743
14.5,400,0.004,0.01,True,0.9951733786020288,1.2193753881287677
14.5,400,0.004,0.01,False,0.9953345036163745,2.072757867745743
14.5,400,0.004,0.1,True,0.9951733786020288,1.2193753881287677
14.5,400,0.004,0.1,False,0.9953345036163745,2.072757867745743
14.5,400,0.005,0.0001,True,0.9950118288104695,3.510286664396318
14.5,400,0.005,0.0001,False,0.9952132205464364,1.4237064043750856
14.5,400,0.005,0.001,True,0.9950118288104695,3.510286664396318
14.5,400,0.005,0.001,False,0.9952132205464364,1.4237064043750856
14.5,400,0.005,0.01,True,0.9950118288104695,3.510286664396318
14.5,400,0.005,0.01,False,0.9952132205464364,1.4237064043750856
14.5,400,0.005,0.1,True,0.9950118288104695,3.510286664396318
14.5,400,0.005,0.1,False,0.9952132205464364,1.4237064043750856
14.5,400,0.006,0.0001,True,0.9948502923271648,3.4429776237504726
14.5,400,0.006,0.0001,False,0.9950919449719468,3.690578737554837
14.5,400,0.006,0.001,True,0.9948502923271648,3.4429776237504726
14.5,400,0.006,0.001,False,0.9950919449719468,3.690578737554837
14.5,400,0.006,0.01,True,0.9948502923271648,3.4429776237504726
14.5,400,0.006,0.01,False,0.9950919449719468,3.690578737554837
14.5,400,0.006,0.1,True,0.9948502923271648,3.4429776237504726
14.5,400,0.006,0.1,False,0.9950919449719468,3.690578737554837
14.5,400,0.007,0.0001,True,0.994688769151989,4.656944249684486
14.5,400,0.007,0.0001,False,0.994970676892909,3.690578737554837
14.5,400,0.007,0.001,True,0.994688769151989,4.656944249684486
14.5,400,0.007,0.001,False,0.994970676892909,3.690578737554837
14.5,400,0.007,0.01,True,0.994688769151989,4.656944249684486
14.5,400,0.007,0.01,False,0.994970676892909,3.690578737554837
14.5,400,0.007,0.1,True,0.994688769151989,4.656944249684486
14.5,400,0.007,0.1,False,0.994970676892909,3.690578737554837
14.5,400,0.008,0.0001,True,0.9945272592849502,5.870910875618499
14.5,400,0.008,0.0001,False,0.9948494163092643,3.6232696969089915
14.5,400,0.008,0.001,True,0.9945272592849502,5.870910875618499
14.5,400,0.008,0.001,False,0.9948494163092643,3.6232696969089915
14.5,400,0.008,0.01,True,0.9945272592849502,5.870910875618499
14.5,400,0.008,0.01,False,0.9948494163092643,3.6232696969089915
14.5,400,0.008,0.1,True,0.9945272592849502,5.870910875618499
14.5,400,0.008,0.1,False,0.9948494163092643,3.6232696969089915
14.5,400,0.009000000000000001,0.0001,True,0.9943657627259338,8.332498647809452
14.5,400,0.009000000000000001,0.0001,False,0.9947281632210215,3.5535567619543613
14.5,400,0.009000000000000001,0.001,True,0.9943657627259338,8.332498647809452
14.5,400,0.009000000000000001,0.001,False,0.9947281632210215,3.5535567619543613
14.5,400,0.009000000000000001,0.01,True,0.9943657627259338,8.332498647809452
14.5,400,0.009000000000000001,0.01,False,0.9947281632210215,3.5535567619543613
14.5,400,0.009000000000000001,0.1,True,0.9943657627259338,8.332498647809452
14.5,400,0.009000000000000001,0.1,False,0.9947281632210215,3.5535567619543613
14.5,400,0.01,0.0001,True,0.99420427947496,12.075362086580256
14.5,400,0.01,0.0001,False,0.9946069176281783,4.7675233878883745
14.5,400,0.01,0.001,True,0.99420427947496,12.075362086580256
14.5,400,0.01,0.001,False,0.9946069176281783,4.7675233878883745
14.5,400,0.01,0.01,True,0.99420427947496,12.075362086580256
14.5,400,0.01,0.01,False,0.9946069176281783,4.7675233878883745
14.5,400,0.01,0.1,True,0.99420427947496,12.075362086580256
14.5,400,0.01,0.1,False,0.9946069176281783,4.7675233878883745
14.5,400,0.01,0.0001,True,0.99420427947496,12.075362086580256
14.5,400,0.01,0.0001,False,0.9946069176281783,4.7675233878883745
14.5,400,0.01,0.001,True,0.99420427947496,12.075362086580256
14.5,400,0.01,0.001,False,0.9946069176281783,4.7675233878883745
14.5,400,0.01,0.01,True,0.99420427947496,12.075362086580256
14.5,400,0.01,0.01,False,0.9946069176281783,4.7675233878883745
14.5,400,0.01,0.1,True,0.99420427947496,12.075362086580256
14.5,400,0.01,0.1,False,0.9946069176281783,4.7675233878883745
14.5,400,0.02,0.0001,True,1000.0,90.0
14.5,400,0.02,0.0001,False,0.993394873941083,25.8424647929646
14.5,400,0.02,0.001,True,1000.0,90.0
14.5,400,0.02,0.001,False,0.993394873941083,25.8424647929646
14.5,400,0.02,0.01,True,1000.0,90.0
14.5,400,0.02,0.01,False,0.993394873941083,25.8424647929646
14.5,400,0.02,0.1,True,1000.0,90.0
14.5,400,0.02,0.1,False,0.993394873941083,25.8424647929646
14.5,400,0.03,0.0001,True,1000.0,90.0
14.5,400,0.03,0.0001,False,1000.0,90.0
14.5,400,0.03,0.001,True,1000.0,90.0
14.5,400,0.03,0.001,False,1000.0,90.0
14.5,400,0.03,0.01,True,1000.0,90.0
14.5,400,0.03,0.01,False,1000.0,90.0
14.5,400,0.03,0.1,True,1000.0,90.0
14.5,400,0.03,0.1,False,1000.0,90.0
14.5,400,0.04,0.0001,True,1000.0,90.0
14.5,400,0.04,0.0001,False,1000.0,90.0
14.5,400,0.04,0.001,True,1000.0,90.0
14.5,400,0.04,0.001,False,1000.0,90.0
14.5,400,0.04,0.01,True,1000.0,90.0
14.5,400,0.04,0.01,False,1000.0,90.0
14.5,400,0.04,0.1,True,1000.0,90.0
14.5,400,0.04,0.1,False,1000.0,90.0
14.5,400,0.05,0.0001,True,1000.0,90.0
14.5,400,0.05,0.0001,False,1000.0,90.0
14.5,400,0.05,0.001,True,1000.0,90.0
14.5,400,0.05,0.001,False,1000.0,90.0
14.5,400,0.05,0.01,True,1000.0,90.0
14.5,400,0.05,0.01,False,1000.0,90.0
14.5,400,0.05,0.1,True,1000.0,90.0
14.5,400,0.05,0.1,False,1000.0,90.0
14.5,400,0.06,0.0001,True,1000.0,90.0
14.5,400,0.06,0.0001,False,1000.0,90.0
14.5,400,0.06,0.001,True,1000.0,90.0
14.5,400,0.06,0.001,False,1000.0,90.0
14.5,400,0.06,0.01,True,1000.0,90.0
14.5,400,0.06,0.01,False,1000.0,90.0
14.5,400,0.06,0.1,True,1000.0,90.0
14.5,400,0.06,0.1,False,1000.0,90.0
14.5,400,0.07,0.0001,True,1000.0,90.0
14.5,400,0.07,0.0001,False,1000.0,90.0
14.5,400,0.07,0.001,True,1000.0,90.0
14.5,400,0.07,0.001,False,1000.0,90.0
14.5,400,0.07,0.01,True,1000.0,90.0
14.5,400,0.07,0.01,False,1000.0,90.0
14.5,400,0.07,0.1,True,1000.0,90.0
14.5,400,0.07,0.1,False,1000.0,90.0
14.5,400,0.08,0.0001,True,1000.0,90.0
14.5,400,0.08,0.0001,False,1000.0,90.0
14.5,400,0.08,0.001,True,1000.0,90.0
14.5,400,0.08,0.001,False,1000.0,90.0
14.5,400,0.08,0.01,True,1000.0,90.0
14.5,400,0.08,0.01,False,1000.0,90.0
14.5,400,0.08,0.1,True,1000.0,90.0
14.5,400,0.08,0.1,False,1000.0,90.0
14.5,400,0.09,0.0001,True,1000.0,90.0
14.5,400,0.09,0.0001,False,1000.0,90.0
14.5,400,0.09,0.001,True,1000.0,90.0
14.5,400,0.09,0.001,False,1000.0,90.0
14.5,400,0.09,0.01,True,1000.0,90.0
14.5,400,0.09,0.01,False,1000.0,90.0
14.5,400,0.09,0.1,True,1000.0,90.0
14.5,400,0.09,0.1,False,1000.0,90.0
14.5,400,0.1,0.0001,True,1000.0,90.0
14.5,400,0.1,0.0001,False,1000.0,90.0
14.5,400,0.1,0.001,True,1000.0,90.0
14.5,400,0.1,0.001,False,1000.0,90.0
14.5,400,0.1,0.01,True,1000.0,90.0
14.5,400,0.1,0.01,False,1000.0,90.0
14.5,400,0.1,0.1,True,1000.0,90.0
14.5,400,0.1,0.1,False,1000.0,90.0
14.5,600,0.001,0.0001,True,0.997622507777839,5.426190428494159
14.5,600,0.001,0.0001,False,0.9977236973779376,7.219495582844203
14.5,600,0.001,0.001,True,0.997622507777839,5.426190428494159
14.5,600,0.001,0.001,False,0.9977236973779376,7.219495582844203
14.5,600,0.001,0.01,True,0.997622507777839,5.426190428494159
14.5,600,0.001,0.01,False,0.9977236973779376,7.219495582844203
14.5,600,0.001,0.1,True,0.997622507777839,5.426190428494159
14.5,600,0.001,0.1,False,0.9977236973779376,7.219495582844203
14.5,600,0.002,0.0001,True,0.9955633320507326,2.5343055750315457
14.5,600,0.002,0.0001,False,0.9955966838420668,3.875678599330911
14.5,600,0.002,0.001,True,0.9955633320507326,2.5343055750315457
14.5,600,0.002,0.001,False,0.9955966838420668,3.875678599330911
14.5,600,0.002,0.01,True,0.9955633320507326,2.5343055750315457
14.5,600,0.002,0.01,False,0.9955966838420668,3.875678599330911
14.5,600,0.002,0.1,True,0.9955633320507326,2.5343055750315457
14.5,600,0.002,0.1,False,0.9955966838420668,3.875678599330911
14.5,600,0.003,0.0001,True,0.9954351552552355,1.8491956970291845
14.5,600,0.003,0.0001,False,0.9954851798584838,2.7674833229832316
14.5,600,0.003,0.001,True,0.9954351552552355,1.8491956970291845
14.5,600,0.003,0.001,False,0.9954851798584838,2.7674833229832316
14.5,600,0.003,0.01,True,0.9954351552552355,1.8491956970291845
14.5,600,0.003,0.01,False,0.9954851798584838,2.7674833229832316
14.5,600,0.003,0.1,True,0.9954351552552355,1.8491956970291845
14.5,600,0.003,0.1,False,0.9954851798584838,2.7674833229832316
14.5,600,0.004,0.0001,True,0.9953069868627881,3.334802379855361
14.5,600,0.004,0.0001,False,0.9953736822221487,1.8059255994711414
14.5,600,0.004,0.001,True,0.9953069868627881,3.334802379855361
14.5,600,0.004,0.001,False,0.9953736822221487,1.8059255994711414
14.5,600,0.004,0.01,True,0.9953069868627881,3.334802379855361
14.5,600,0.004,0.01,False,0.9953736822221487,1.8059255994711414
14.5,600,0.004,0.1,True,0.9953069868627881,3.334802379855361
14.5,600,0.004,0.1,False,0.9953736822221487,1.8059255994711414
14.5,600,0.005,0.0001,True,0.9951788268733728,3.231434924577812
14.5,600,0.005,0.0001,False,0.9952621909330264,1.4621687133155703
14.5,600,0.005,0.001,True,0.9951788268733728,3.231434924577812
14.5,600,0.005,0.001,False,0.9952621909330264,1.4621687133155703
14.5,600,0.005,0.01,True,0.9951788268733728,3.231434924577812
14.5,600,0.005,0.01,False,0.9952621909330264,1.4621687133155703
14.5,600,0.005,0.1,True,0.9951788268733728,3.231434924577812
14.5,600,0.005,0.1,False,0.9952621909330264,1.4621687133155703
14.5,600,0.006,0.0001,True,0.9950506752869378,3.0607584286544167
14.5,600,0.006,0.0001,False,0.9951507059910497,1.2602415913780298
14.5,600,0.006,0.001,True,0.9950506752869378,3.0607584286544167
14.5,600,0.006,0.001,False,0.9951507059910497,1.2602415913780298
14.5,600,0.006,0.01,True,0.9950506752869378,3.0607584286544167
14.5,600,0.006,0.01,False,0.9951507059910497,1.2602415913780298
14.5,600,0.006,0.1,True,0.9950506752869378,3.0607584286544167
14.5,600,0.006,0.1,False,0.9951507059910497,1.2602415913780298
14.5,600,0.007,0.0001,True,0.9949225321034763,2.892485827039799
14.5,600,0.007,0.0001,False,0.9950392273963193,4.072797932650893
14.5,600,0.007,0.001,True,0.9949225321034763,2.892485827039799
14.5,600,0.007,0.001,False,0.9950392273963193,4.072797932650893
14.5,600,0.007,0.01,True,0.9949225321034763,2.892485827039799
14.5,600,0.007,0.01,False,0.9950392273963193,4.072797932650893
14.5,600,0.007,0.1,True,0.9949225321034763,2.892485827039799
14.5,600,0.007,0.1,False,0.9950392273963193,4.072797932650893
14.5,600,0.008,0.0001,True,0.9947943973229534,2.7939261603798116
14.5,600,0.008,0.0001,False,0.9949277551487673,4.1449147619143005
14.5,600,0.008,0.001,True,0.9947943973229534,2.7939261603798116
14.5,600,0.008,0.001,False,0.9949277551487673,4.1449147619143005
14.5,600,0.008,0.01,True,0.9947943973229534,2.7939261603798116
14.5,600,0.008,0.01,False,0.9949277551487673,4.1449147619143005
14.5,600,0.008,0.1,True,0.9947943973229534,2.7939261603798116
14.5,600,0.008,0.1,False,0.9949277551487673,4.1449147619143005
14.5,600,0.009000000000000001,0.0001,True,0.994666270945374,3.8251968188465284
14.5,600,0.009000000000000001,0.0001,False,0.9948162892483374,4.113664135900159
14.5,600,0.009000000000000001,0.001,True,0.994666270945374,3.8251968188465284
14.5,600,0.009000000000000001,0.001,False,0.9948162892483374,4.113664135900159
14.5,600,0.009000000000000001,0.01,True,0.994666270945374,3.8251968188465284
14.5,600,0.009000000000000001,0.01,False,0.9948162892483374,4.113664135900159
14.5,600,0.009000000000000001,0.1,True,0.994666270945374,3.8251968188465284
14.5,600,0.009000000000000001,0.1,False,0.9948162892483374,4.113664135900159
14.5,600,0.01,0.0001,True,0.9945381529706294,3.935775957050417
14.5,600,0.01,0.0001,False,0.9947048296950566,4.080009615577232
14.5,600,0.01,0.001,True,0.9945381529706294,3.935775957050417
14.5,600,0.01,0.001,False,0.9947048296950566,4.080009615577232
14.5,600,0.01,0.01,True,0.9945381529706294,3.935775957050417
14.5,600,0.01,0.01,False,0.9947048296950566,4.080009615577232
14.5,600,0.01,0.1,True,0.9945381529706294,3.935775957050417
14.5,600,0.01,0.1,False,0.9947048296950566,4.080009615577232
14.5,600,0.01,0.0001,True,0.9945381529706294,3.935775957050417
14.5,600,0.01,0.0001,False,0.9947048296950566,4.080009615577232
14.5,600,0.01,0.001,True,0.9945381529706294,3.935775957050417
14.5,600,0.01,0.001,False,0.9947048296950566,4.080009615577232
14.5,600,0.01,0.01,True,0.9945381529706294,3.935775957050417
14.5,600,0.01,0.01,False,0.9947048296950566,4.080009615577232
14.5,600,0.01,0.1,True,0.9945381529706294,3.935775957050417
14.5,600,0.01,0.1,False,0.9947048296950566,4.080009615577232
14.5,600,0.02,0.0001,True,1000.0,90.0
14.5,600,0.02,0.0001,False,1000.0,90.0
14.5,600,0.02,0.001,True,1000.0,90.0
14.5,600,0.02,0.001,False,1000.0,90.0
14.5,600,0.02,0.01,True,1000.0,90.0
14.5,600,0.02,0.01,False,1000.0,90.0
14.5,600,0.02,0.1,True,1000.0,90.0
14.5,600,0.02,0.1,False,1000.0,90.0
14.5,600,0.03,0.0001,True,1000.0,90.0
14.5,600,0.03,0.0001,False,1000.0,90.0
14.5,600,0.03,0.001,True,1000.0,90.0
14.5,600,0.03,0.001,False,1000.0,90.0
14.5,600,0.03,0.01,True,1000.0,90.0
14.5,600,0.03,0.01,False,1000.0,90.0
14.5,600,0.03,0.1,True,1000.0,90.0
14.5,600,0.03,0.1,False,1000.0,90.0
14.5,600,0.04,0.0001,True,453.1899066239431,39.465333840822126
14.5,600,0.04,0.0001,False,1000.0,90.0
14.5,600,0.04,0.001,True,453.1899066239431,39.465333840822126
14.5,600,0.04,0.001,False,1000.0,90.0
14.5,600,0.04,0.01,True,453.1899066239431,39.465333840822126
14.5,600,0.04,0.01,False,1000.0,90.0
14.5,600,0.04,0.1,True,453.1899066239431,39.465333840822126
14.5,600,0.04,0.1,False,1000.0,90.0
14.5,600,0.05,0.0001,True,1000.0,90.0
14.5,600,0.05,0.0001,False,1000.0,90.0
14.5,600,0.05,0.001,True,1000.0,90.0
14.5,600,0.05,0.001,False,1000.0,90.0
14.5,600,0.05,0.01,True,1000.0,90.0
14.5,600,0.05,0.01,False,1000.0,90.0
14.5,600,0.05,0.1,True,1000.0,90.0
14.5,600,0.05,0.1,False,1000.0,90.0
14.5,600,0.06,0.0001,True,1000.0,90.0
14.5,600,0.06,0.0001,False,1000.0,90.0
14.5,600,0.06,0.001,True,1000.0,90.0
14.5,600,0.06,0.001,False,1000.0,90.0
14.5,600,0.06,0.01,True,1000.0,90.0
14.5,600,0.06,0.01,False,1000.0,90.0
14.5,600,0.06,0.1,True,1000.0,90.0
14.5,600,0.06,0.1,False,1000.0,90.0
14.5,600,0.07,0.0001,True,1000.0,90.0
14.5,600,0.07,0.0001,False,1000.0,90.0
14.5,600,0.07,0.001,True,1000.0,90.0
14.5,600,0.07,0.001,False,1000.0,90.0
14.5,600,0.07,0.01,True,1000.0,90.0
14.5,600,0.07,0.01,False,1000.0,90.0
14.5,600,0.07,0.1,True,1000.0,90.0
14.5,600,0.07,0.1,False,1000.0,90.0
14.5,600,0.08,0.0001,True,1000.0,90.0
14.5,600,0.08,0.0001,False,1000.0,90.0
14.5,600,0.08,0.001,True,1000.0,90.0
14.5,600,0.08,0.001,False,1000.0,90.0
14.5,600,0.08,0.01,True,1000.0,90.0
14.5,600,0.08,0.01,False,1000.0,90.0
14.5,600,0.08,0.1,True,1000.0,90.0
14.5,600,0.08,0.1,False,1000.0,90.0
14.5,600,0.09,0.0001,True,1000.0,90.0
14.5,600,0.09,0.0001,False,1000.0,90.0
14.5,600,0.09,0.001,True,1000.0,90.0
14.5,600,0.09,0.001,False,1000.0,90.0
14.5,600,0.09,0.01,True,1000.0,90.0
14.5,600,0.09,0.01,False,1000.0,90.0
14.5,600,0.09,0.1,True,1000.0,90.0
14.5,600,0.09,0.1,False,1000.0,90.0
14.5,600,0.1,0.0001,True,1000.0,90.0
14.5,600,0.1,0.0001,False,1000.0,90.0
14.5,600,0.1,0.001,True,1000.0,90.0
14.5,600,0.1,0.001,False,1000.0,90.0
14.5,600,0.1,0.01,True,1000.0,90.0
14.5,600,0.1,0.01,False,1000.0,90.0
14.5,600,0.1,0.1,True,1000.0,90.0
14.5,600,0.1,0.1,False,1000.0,90.0
14.5,800,0.001,0.0001,True,0.9976265587517907,5.392535908171233
14.5,800,0.001,0.0001,False,0.9978698674552894,7.2892085177988335
14.5,800,0.001,0.001,True,0.9976265587517907,5.392535908171233
14.5,800,0.001,0.001,False,0.9978698674552894,7.2892085177988335
14.5,800,0.001,0.01,True,0.9976265587517907,5.392535908171233
14.5,800,0.001,0.01,False,0.9978698674552894,7.2892085177988335
14.5,800,0.001,0.1,True,0.9976265587517907,5.392535908171233
14.5,800,0.001,0.1,False,0.9978698674552894,7.2892085177988335
14.5,800,0.002,0.0001,True,0.9955631956816324,2.604018509986176
14.5,800,0.002,0.0001,False,0.9958468073585898,3.9790460546084603
14.5,800,0.002,0.001,True,0.9955631956816324,2.604018509986176
14.5,800,0.002,0.001,False,0.9958468073585898,3.9790460546084603
14.5,800,0.002,0.01,True,0.9955631956816324,2.604018509986176
14.5,800,0.002,0.01,False,0.9958468073585898,3.9790460546084603
14.5,800,0.002,0.1,True,0.9955631956816324,2.604018509986176
14.5,800,0.002,0.1,False,0.9958468073585898,3.9790460546084603
14.5,800,0.003,0.0001,True,0.9954349507168272,1.8491956970291845
14.5,800,0.003,0.0001,False,0.9954868026943458,2.4261303311364415
14.5,800,0.003,0.001,True,0.9954349507168272,1.8491956970291845
14.5,800,0.003,0.001,False,0.9954868026943458,2.4261303311364415
14.5,800,0.003,0.01,True,0.9954349507168272,1.8491956970291845
14.5,800,0.003,0.01,False,0.9954868026943458,2.4261303311364415
14.5,800,0.003,0.1,True,0.9954349507168272,1.8491956970291845
14.5,800,0.003,0.1,False,0.9954868026943458,2.4261303311364415
14.5,800,0.004,0.0001,True,0.995306714165335,1.5390933311965362
14.5,800,0.004,0.0001,False,0.9953758458968088,1.7410204531340732
14.5,800,0.004,0.001,True,0.995306714165335,1.5390933311965362
14.5,800,0.004,0.001,False,0.9953758458968088,1.7410204531340732
14.5,800,0.004,0.01,True,0.995306714165335,1.5390933311965362
14.5,800,0.004,0.01,False,0.9953758458968088,1.7410204531340732
14.5,800,0.004,0.1,True,0.995306714165335,1.5390933311965362
14.5,800,0.004,0.1,False,0.9953758458968088,1.7410204531340732
14.5,800,0.005,0.0001,True,0.9951784860270749,3.024700014022713
14.5,800,0.005,0.0001,False,0.995264895393264,1.4669765019331287
14.5,800,0.005,0.001,True,0.9951784860270749,3.024700014022713
14.5,800,0.005,0.001,False,0.995264895393264,1.4669765019331287
14.5,800,0.005,0.01,True,0.9951784860270749,3.024700014022713
14.5,800,0.005,0.01,False,0.995264895393264,1.4669765019331287
14.5,800,0.005,0.1,True,0.9951784860270749,3.024700014022713
14.5,800,0.005,0.1,False,0.995264895393264,1.4669765019331287
14.5,800,0.006,0.0001,True,0.9950502663019952,2.923736453053948
14.5,800,0.006,0.0001,False,0.9951539511836935,1.2987039003185146
14.5,800,0.006,0.001,True,0.9950502663019952,2.923736453053948
14.5,800,0.006,0.001,False,0.9951539511836935,1.2987039003185146
14.5,800,0.006,0.01,True,0.9950502663019952,2.923736453053948
14.5,800,0.006,0.01,False,0.9951539511836935,1.2987039003185146
14.5,800,0.006,0.1,True,0.9950502663019952,2.923736453053948
14.5,800,0.006,0.1,False,0.9951539511836935,1.2987039003185146
14.5,800,0.007,0.0001,True,0.9949220549900947,2.7891183717622496
14.5,800,0.007,0.0001,False,0.9950430132680894,2.515074420561305
14.5,800,0.007,0.001,True,0.9949220549900947,2.7891183717622496
14.5,800,0.007,0.001,False,0.9950430132680894,2.515074420561305
14.5,800,0.007,0.01,True,0.9949220549900947,2.7891183717622496
14.5,800,0.007,0.01,False,0.9950430132680894,2.515074420561305
14.5,800,0.007,0.1,True,0.9949220549900947,2.7891183717622496
14.5,800,0.007,0.1,False,0.9950430132680894,2.515074420561305
14.5,800,0.008,0.0001,True,0.9947938520913436,2.7242132254251885
14.5,800,0.008,0.0001,False,0.9949320816464396,4.601654680582541
14.5,800,0.008,0.001,True,0.9947938520913436,2.7242132254251885
14.5,800,0.008,0.001,False,0.9949320816464396,4.601654680582541
14.5,800,0.008,0.01,True,0.9947938520913436,2.7242132254251885
14.5,800,0.008,0.01,False,0.9949320816464396,4.601654680582541
14.5,800,0.008,0.1,True,0.9947938520913436,2.7242132254251885
14.5,800,0.008,0.1,False,0.9949320816464396,4.601654680582541
14.5,800,0.009000000000000001,0.0001,True,0.9946656576057066,4.041547306636751
14.5,800,0.009000000000000001,0.0001,False,0.9948211563186806,4.78194675374106
14.5,800,0.009000000000000001,0.001,True,0.9946656576057066,4.041547306636751
14.5,800,0.009000000000000001,0.001,False,0.9948211563186806,4.78194675374106
14.5,800,0.009000000000000001,0.01,True,0.9946656576057066,4.041547306636751
14.5,800,0.009000000000000001,0.01,False,0.9948211563186806,4.78194675374106
14.5,800,0.009000000000000001,0.1,True,0.9946656576057066,4.041547306636751
14.5,800,0.009000000000000001,0.1,False,0.9948211563186806,4.78194675374106
14.5,800,0.01,0.0001,True,0.9945374715331321,4.188184859472344
14.5,800,0.01,0.0001,False,0.9947102372848218,7.971914501492414
14.5,800,0.01,0.001,True,0.9945374715331321,4.188184859472344
14.5,800,0.01,0.001,False,0.9947102372848218,7.971914501492414
14.5,800,0.01,0.01,True,0.9945374715331321,4.188184859472344
14.5,800,0.01,0.01,False,0.9947102372848218,7.971914501492414
14.5,800,0.01,0.1,True,0.9945374715331321,4.188184859472344
14.5,800,0.01,0.1,False,0.9947102372848218,7.971914501492414
14.5,800,0.01,0.0001,True,0.9945374715331321,4.188184859472344
14.5,800,0.01,0.0001,False,0.9947102372848218,7.971914501492414
14.5,800,0.01,0.001,True,0.9945374715331321,4.188184859472344
14.5,800,0.01,0.001,False,0.9947102372848218,7.971914501492414
14.5,800,0.01,0.01,True,0.9945374715331321,4.188184859472344
14.5,800,0.01,0.01,False,0.9947102372848218,7.971914501492414
14.5,800,0.01,0.1,True,0.9945374715331321,4.188184859472344
14.5,800,0.01,0.1,False,0.9947102372848218,7.971914501492414
14.5,800,0.02,0.0001,True,108.87011085510069,39.93409323103427
14.5,800,0.02,0.0001,False,683.4233652959737,90.0
14.5,800,0.02,0.001,True,108.87011085510069,39.93409323103427
14.5,800,0.02,0.001,False,683.4233652959737,90.0
14.5,800,0.02,0.01,True,108.87011085510069,39.93409323103427
14.5,800,0.02,0.01,False,683.4233652959737,90.0
14.5,800,0.02,0.1,True,108.87011085510069,39.93409323103427
14.5,800,0.02,0.1,False,683.4233652959737,90.0
14.5,800,0.03,0.0001,True,1000.0,90.0
14.5,800,0.03,0.0001,False,1000.0,90.0
14.5,800,0.03,0.001,True,1000.0,90.0
14.5,800,0.03,0.001,False,1000.0,90.0
14.5,800,0.03,0.01,True,1000.0,90.0
14.5,800,0.03,0.01,False,1000.0,90.0
14.5,800,0.03,0.1,True,1000.0,90.0
14.5,800,0.03,0.1,False,1000.0,90.0
14.5,800,0.04,0.0001,True,1000.0,90.0
14.5,800,0.04,0.0001,False,1000.0,90.0
14.5,800,0.04,0.001,True,1000.0,90.0
14.5,800,0.04,0.001,False,1000.0,90.0
14.5,800,0.04,0.01,True,1000.0,90.0
14.5,800,0.04,0.01,False,1000.0,90.0
14.5,800,0.04,0.1,True,1000.0,90.0
14.5,800,0.04,0.1,False,1000.0,90.0
14.5,800,0.05,0.0001,True,1000.0,90.0
14.5,800,0.05,0.0001,False,1000.0,90.0
14.5,800,0.05,0.001,True,1000.0,90.0
14.5,800,0.05,0.001,False,1000.0,90.0
14.5,800,0.05,0.01,True,1000.0,90.0
14.5,800,0.05,0.01,False,1000.0,90.0
14.5,800,0.05,0.1,True,1000.0,90.0
14.5,800,0.05,0.1,False,1000.0,90.0
14.5,800,0.06,0.0001,True,1000.0,89.93990264228049
14.5,800,0.06,0.0001,False,1000.0,90.0
14.5,800,0.06,0.001,True,1000.0,89.93990264228049
14.5,800,0.06,0.001,False,1000.0,90.0
14.5,800,0.06,0.01,True,1000.0,89.93990264228049
14.5,800,0.06,0.01,False,1000.0,90.0
14.5,800,0.06,0.1,True,1000.0,89.93990264228049
14.5,800,0.06,0.1,False,1000.0,90.0
14.5,800,0.07,0.0001,True,1000.0,90.0
14.5,800,0.07,0.0001,False,1000.0,90.0
14.5,800,0.07,0.001,True,1000.0,90.0
14.5,800,0.07,0.001,False,1000.0,90.0
14.5,800,0.07,0.01,True,1000.0,90.0
14.5,800,0.07,0.01,False,1000.0,90.0
14.5,800,0.07,0.1,True,1000.0,90.0
14.5,800,0.07,0.1,False,1000.0,90.0
14.5,800,0.08,0.0001,True,1000.0,90.0
14.5,800,0.08,0.0001,False,1000.0,90.0
14.5,800,0.08,0.001,True,1000.0,90.0
14.5,800,0.08,0.001,False,1000.0,90.0
14.5,800,0.08,0.01,True,1000.0,90.0
14.5,800,0.08,0.01,False,1000.0,90.0
14.5,800,0.08,0.1,True,1000.0,90.0
14.5,800,0.08,0.1,False,1000.0,90.0
14.5,800,0.09,0.0001,True,1000.0,90.0
14.5,800,0.09,0.0001,False,1000.0,90.0
14.5,800,0.09,0.001,True,1000.0,90.0
14.5,800,0.09,0.001,False,1000.0,90.0
14.5,800,0.09,0.01,True,1000.0,90.0
14.5,800,0.09,0.01,False,1000.0,90.0
14.5,800,0.09,0.1,True,1000.0,90.0
14.5,800,0.09,0.1,False,1000.0,90.0
14.5,800,0.1,0.0001,True,1000.0,32.12143672749854
14.5,800,0.1,0.0001,False,1000.0,90.0
14.5,800,0.1,0.001,True,1000.0,32.12143672749854
14.5,800,0.1,0.001,False,1000.0,90.0
14.5,800,0.1,0.01,True,1000.0,32.12143672749854
14.5,800,0.1,0.01,False,1000.0,90.0
14.5,800,0.1,0.1,True,1000.0,32.12143672749854
14.5,800,0.1,0.1,False,1000.0,90.0
14.5,1000,0.001,0.0001,True,0.9976258383041512,5.392535908171233
14.5,1000,0.001,0.0001,False,0.9978749681001263,7.152186542198358
14.5,1000,0.001,0.001,True,0.9976258383041512,5.392535908171233
14.5,1000,0.001,0.001,False,0.9978749681001263,7.152186542198358
14.5,1000,0.001,0.01,True,0.9976258383041512,5.392535908171233
14.5,1000,0.001,0.01,False,0.9978749681001263,7.152186542198358
14.5,1000,0.001,0.1,True,0.9976258383041512,5.392535908171233
14.5,1000,0.001,0.1,False,0.9978749681001263,7.152186542198358
14.5,1000,0.002,0.0001,True,0.9955631939105278,2.6713275506320215
14.5,1000,0.002,0.0001,False,0.9958570456456179,3.9117370139626146
14.5,1000,0.002,0.001,True,0.9955631939105278,2.6713275506320215
14.5,1000,0.002,0.001,False,0.9958570456456179,3.9117370139626146
14.5,1000,0.002,0.01,True,0.9955631939105278,2.6713275506320215
14.5,1000,0.002,0.01,False,0.9958570456456179,3.9117370139626146
14.5,1000,0.002,0.1,True,0.9955631939105278,2.6713275506320215
14.5,1000,0.002,0.1,False,0.9958570456456179,3.9117370139626146
14.5,1000,0.003,0.0001,True,0.9954349480613962,1.8491956970291845
14.5,1000,0.003,0.0001,False,0.9954740904014283,2.1544902742442744
14.5,1000,0.003,0.001,True,0.9954349480613962,1.8491956970291845
14.5,1000,0.003,0.001,False,0.9954740904014283,2.1544902742442744
14.5,1000,0.003,0.01,True,0.9954349480613962,1.8491956970291845
14.5,1000,0.003,0.01,False,0.9954740904014283,2.1544902742442744
14.5,1000,0.003,0.1,True,0.9954349480613962,1.8491956970291845
14.5,1000,0.003,0.1,False,0.9954740904014283,2.1544902742442744
14.5,1000,0.004,0.0001,True,0.9953067106262685,1.5390933311965362
14.5,1000,0.004,0.0001,False,0.9953588971629784,1.6761153067970085
14.5,1000,0.004,0.001,True,0.9953067106262685,1.5390933311965362
14.5,1000,0.004,0.001,False,0.9953588971629784,1.6761153067970085
14.5,1000,0.004,0.01,True,0.9953067106262685,1.5390933311965362
14.5,1000,0.004,0.01,False,0.9953588971629784,1.6761153067970085
14.5,1000,0.004,0.1,True,0.9953067106262685,1.5390933311965362
14.5,1000,0.004,0.1,False,0.9953588971629784,1.6761153067970085
14.5,1000,0.005,0.0001,True,0.9951784816051544,2.8876780384222442
14.5,1000,0.005,0.0001,False,0.9952437107135238,1.4381297702277678
14.5,1000,0.005,0.001,True,0.9951784816051544,2.8876780384222442
14.5,1000,0.005,0.001,False,0.9952437107135238,1.4381297702277678
14.5,1000,0.005,0.01,True,0.9951784816051544,2.8876780384222442
14.5,1000,0.005,0.01,False,0.9952437107135238,1.4381297702277678
14.5,1000,0.005,0.1,True,0.9951784816051544,2.8876780384222442
14.5,1000,0.005,0.1,False,0.9952437107135238,1.4381297702277678
14.5,1000,0.006,0.0001,True,0.9950502609980357,2.8564274124080953
14.5,1000,0.006,0.0001,False,0.9951285310530211,2.6184418758388546
14.5,1000,0.006,0.001,True,0.9950502609980357,2.8564274124080953
14.5,1000,0.006,0.001,False,0.9951285310530211,2.6184418758388546
14.5,1000,0.006,0.01,True,0.9950502609980357,2.8564274124080953
14.5,1000,0.006,0.01,False,0.9951285310530211,2.6184418758388546
14.5,1000,0.006,0.1,True,0.9950502609980357,2.8564274124080953
14.5,1000,0.006,0.1,False,0.9951285310530211,2.6184418758388546
14.5,1000,0.007,0.0001,True,0.9949220488048375,2.791522266071034
14.5,1000,0.007,0.0001,False,0.9950133581815158,4.947815461046893
14.5,1000,0.007,0.001,True,0.9949220488048375,2.791522266071034
14.5,1000,0.007,0.001,False,0.9950133581815158,4.947815461046893
14.5,1000,0.007,0.01,True,0.9949220488048375,2.791522266071034
14.5,1000,0.007,0.01,False,0.9950133581815158,4.947815461046893
14.5,1000,0.007,0.1,True,0.9949220488048375,2.791522266071034
14.5,1000,0.007,0.1,False,0.9950133581815158,4.947815461046893
14.5,1000,0.008,0.0001,True,0.9947938450255638,4.356457461086961
14.5,1000,0.008,0.0001,False,0.9948981920989585,7.214687794226641
14.5,1000,0.008,0.001,True,0.9947938450255638,4.356457461086961
14.5,1000,0.008,0.001,False,0.9948981920989585,7.214687794226641
14.5,1000,0.008,0.01,True,0.9947938450255638,4.356457461086961
14.5,1000,0.008,0.01,False,0.9948981920989585,7.214687794226641
14.5,1000,0.008,0.1,True,0.9947938450255638,4.356457461086961
14.5,1000,0.008,0.1,False,0.9948981920989585,7.214687794226641
14.5,1000,0.009000000000000001,0.0001,True,0.9946656496601458,5.810813517898993
14.5,1000,0.009000000000000001,0.0001,False,0.9947830328052713,15.878322883070574
14.5,1000,0.009000000000000001,0.001,True,0.9946656496601458,5.810813517898993
14.5,1000,0.009000000000000001,0.001,False,0.9947830328052713,15.878322883070574
14.5,1000,0.009000000000000001,0.01,True,0.9946656496601458,5.810813517898993
14.5,1000,0.009000000000000001,0.01,False,0.9947830328052713,15.878322883070574
14.5,1000,0.009000000000000001,0.1,True,0.9946656496601458,5.810813517898993
14.5,1000,0.009000000000000001,0.1,False,0.9947830328052713,15.878322883070574
14.5,1000,0.01,0.0001,True,0.9945374627086438,7.5127706885153955
14.5,1000,0.01,0.0001,False,0.9946678803005458,40.93651715779562
14.5,1000,0.01,0.001,True,0.9945374627086438,7.5127706885153955
14.5,1000,0.01,0.001,False,0.9946678803005458,40.93651715779562
14.5,1000,0.01,0.01,True,0.9945374627086438,7.5127706885153955
14.5,1000,0.01,0.01,False,0.9946678803005458,40.93651715779562
14.5,1000,0.01,0.1,True,0.9945374627086438,7.5127706885153955
14.5,1000,0.01,0.1,False,0.9946678803005458,40.93651715779562
14.5,1000,0.01,0.0001,True,0.9945374627086438,7.5127706885153955
14.5,1000,0.01,0.0001,False,0.9946678803005458,40.93651715779562
14.5,1000,0.01,0.001,True,0.9945374627086438,7.5127706885153955
14.5,1000,0.01,0.001,False,0.9946678803005458,40.93651715779562
14.5,1000,0.01,0.01,True,0.9945374627086438,7.5127706885153955
14.5,1000,0.01,0.01,False,0.9946678803005458,40.93651715779562
14.5,1000,0.01,0.1,True,0.9945374627086438,7.5127706885153955
14.5,1000,0.01,0.1,False,0.9946678803005458,40.93651715779562
14.5,1000,0.02,0.0001,True,26.899819469707026,40.72978224724052
14.5,1000,0.02,0.0001,False,1000.0,90.0
14.5,1000,0.02,0.001,True,26.899819469707026,40.72978224724052
14.5,1000,0.02,0.001,False,1000.0,90.0
14.5,1000,0.02,0.01,True,26.899819469707026,40.72978224724052
14.5,1000,0.02,0.01,False,1000.0,90.0
14.5,1000,0.02,0.1,True,26.899819469707026,40.72978224724052
14.5,1000,0.02,0.1,False,1000.0,90.0
14.5,1000,0.03,0.0001,True,115.77694686946562,90.0
14.5,1000,0.03,0.0001,False,1000.0,90.0
14.5,1000,0.03,0.001,True,115.77694686946562,90.0
14.5,1000,0.03,0.001,False,1000.0,90.0
14.5,1000,0.03,0.01,True,115.77694686946562,90.0
14.5,1000,0.03,0.01,False,1000.0,90.0
14.5,1000,0.03,0.1,True,115.77694686946562,90.0
14.5,1000,0.03,0.1,False,1000.0,90.0
14.5,1000,0.04,0.0001,True,1000.0,90.0
14.5,1000,0.04,0.0001,False,1000.0,90.0
14.5,1000,0.04,0.001,True,1000.0,90.0
14.5,1000,0.04,0.001,False,1000.0,90.0
14.5,1000,0.04,0.01,True,1000.0,90.0
14.5,1000,0.04,0.01,False,1000.0,90.0
14.5,1000,0.04,0.1,True,1000.0,90.0
14.5,1000,0.04,0.1,False,1000.0,90.0
14.5,1000,0.05,0.0001,True,457.51121749273847,75.01893066768163
14.5,1000,0.05,0.0001,False,1000.0,90.0
14.5,1000,0.05,0.001,True,457.51121749273847,75.01893066768163
14.5,1000,0.05,0.001,False,1000.0,90.0
14.5,1000,0.05,0.01,True,457.51121749273847,75.01893066768163
14.5,1000,0.05,0.01,False,1000.0,90.0
14.5,1000,0.05,0.1,True,457.51121749273847,75.01893066768163
14.5,1000,0.05,0.1,False,1000.0,90.0
14.5,1000,0.06,0.0001,True,564.827689459692,51.595384522927134
14.5,1000,0.06,0.0001,False,1000.0,90.0
14.5,1000,0.06,0.001,True,564.827689459692,51.595384522927134
14.5,1000,0.06,0.001,False,1000.0,90.0
14.5,1000,0.06,0.01,True,564.827689459692,51.595384522927134
14.5,1000,0.06,0.01,False,1000.0,90.0
14.5,1000,0.06,0.1,True,564.827689459692,51.595384522927134
14.5,1000,0.06,0.1,False,1000.0,90.0
14.5,1000,0.07,0.0001,True,1000.0,89.99759610569122
14.5,1000,0.07,0.0001,False,1000.0,90.0
14.5,1000,0.07,0.001,True,1000.0,89.99759610569122
14.5,1000,0.07,0.001,False,1000.0,90.0
14.5,1000,0.07,0.01,True,1000.0,89.99759610569122
14.5,1000,0.07,0.01,False,1000.0,90.0
14.5,1000,0.07,0.1,True,1000.0,89.99759610569122
14.5,1000,0.07,0.1,False,1000.0,90.0
14.5,1000,0.08,0.0001,True,1000.0,70.71355596065625
14.5,1000,0.08,0.0001,False,1000.0,90.0
14.5,1000,0.08,0.001,True,1000.0,70.71355596065625
14.5,1000,0.08,0.001,False,1000.0,90.0
14.5,1000,0.08,0.01,True,1000.0,70.71355596065625
14.5,1000,0.08,0.01,False,1000.0,90.0
14.5,1000,0.08,0.1,True,1000.0,70.71355596065625
14.5,1000,0.08,0.1,False,1000.0,90.0
14.5,1000,0.09,0.0001,True,1000.0,65.8096115707446
14.5,1000,0.09,0.0001,False,1000.0,90.0
14.5,1000,0.09,0.001,True,1000.0,65.8096115707446
14.5,1000,0.09,0.001,False,1000.0,90.0
14.5,1000,0.09,0.01,True,1000.0,65.8096115707446
14.5,1000,0.09,0.01,False,1000.0,90.0
14.5,1000,0.09,0.1,True,1000.0,65.8096115707446
14.5,1000,0.09,0.1,False,1000.0,90.0
14.5,1000,0.1,0.0001,True,1000.0,90.0
14.5,1000,0.1,0.0001,False,1000.0,90.0
14.5,1000,0.1,0.001,True,1000.0,90.0
14.5,1000,0.1,0.001,False,1000.0,90.0
14.5,1000,0.1,0.01,True,1000.0,90.0
14.5,1000,0.1,0.01,False,1000.0,90.0
14.5,1000,0.1,0.1,True,1000.0,90.0
14.5,1000,0.1,0.1,False,1000.0,90.0
15.0,200,0.001,0.0001,True,0.9974761851585251,59.576313628077486
15.0,200,0.001,0.0001,False,0.9976437380449263,90.0
15.0,200,0.001,0.001,True,0.9974761851585251,59.576313628077486
15.0,200,0.001,0.001,False,0.9976437380449263,90.0
15.0,200,0.001,0.01,True,0.9974761851585251,59.576313628077486
15.0,200,0.001,0.01,False,0.9976437380449263,90.0
15.0,200,0.001,0.1,True,0.9974761851585251,59.576313628077486
15.0,200,0.001,0.1,False,0.9976437380449263,90.0
15.0,200,0.002,0.0001,True,0.9970365282037206,28.520403052945767
15.0,200,0.002,0.0001,False,0.9973715862566758,49.580921092169305
15.0,200,0.002,0.001,True,0.9970365282037206,28.520403052945767
15.0,200,0.002,0.001,False,0.9973715862566758,49.580921092169305
15.0,200,0.002,0.01,True,0.9970365282037206,28.520403052945767
15.0,200,0.002,0.01,False,0.9973715862566758,49.580921092169305
15.0,200,0.002,0.1,True,0.9970365282037206,28.520403052945767
15.0,200,0.002,0.1,False,0.9973715862566758,49.580921092169305
15.0,200,0.003,0.0001,True,0.9965969478897343,18.78463110238586
15.0,200,0.003,0.0001,False,0.9970994633794059,31.982010857589287
15.0,200,0.003,0.001,True,0.9965969478897343,18.78463110238586
15.0,200,0.003,0.001,False,0.9970994633794059,31.982010857589287
15.0,200,0.003,0.01,True,0.9965969478897343,18.78463110238586
15.0,200,0.003,0.01,False,0.9970994633794059,31.982010857589287
15.0,200,0.003,0.1,True,0.9965969478897343,18.78463110238586
15.0,200,0.003,0.1,False,0.9970994633794059,31.982010857589287
15.0,200,0.004,0.0001,True,0.9961574442300382,14.058574891323943
15.0,200,0.004,0.0001,False,0.9968273694165173,23.57078467116729
15.0,200,0.004,0.001,True,0.9961574442300382,14.058574891323943
15.0,200,0.004,0.001,False,0.9968273694165173,23.57078467116729
15.0,200,0.004,0.01,True,0.9961574442300382,14.058574891323943
15.0,200,0.004,0.01,False,0.9968273694165173,23.57078467116729
15.0,200,0.004,0.1,True,0.9961574442300382,14.058574891323943
15.0,200,0.004,0.1,False,0.9968273694165173,23.57078467116729
15.0,200,0.005,0.0001,True,0.9957180172380379,11.50083134678178
15.0,200,0.005,0.0001,False,0.9965553043713347,18.65962859832929
15.0,200,0.005,0.001,True,0.9957180172380379,11.50083134678178
15.0,200,0.005,0.001,False,0.9965553043713347,18.65962859832929
15.0,200,0.005,0.01,True,0.9957180172380379,11.50083134678178
15.0,200,0.005,0.01,False,0.9965553043713347,18.65962859832929
15.0,200,0.005,0.1,True,0.9957180172380379,11.50083134678178
15.0,200,0.005,0.1,False,0.9965553043713347,18.65962859832929
15.0,200,0.006,0.0001,True,0.995278666927169,20.020232777098897
15.0,200,0.006,0.0001,False,0.996283268247237,15.407159598549647
15.0,200,0.006,0.001,True,0.995278666927169,20.020232777098897
15.0,200,0.006,0.001,False,0.996283268247237,15.407159598549647
15.0,200,0.006,0.01,True,0.995278666927169,20.020232777098897
15.0,200,0.006,0.01,False,0.996283268247237,15.407159598549647
15.0,200,0.006,0.1,True,0.995278666927169,20.020232777098897
15.0,200,0.006,0.1,False,0.996283268247237,15.407159598549647
15.0,200,0.007,0.0001,True,0.9948393933108161,16.118712313948592
15.0,200,0.007,0.0001,False,0.9960112610475643,13.17874957431038
15.0,200,0.007,0.001,True,0.9948393933108161,16.118712313948592
15.0,200,0.007,0.001,False,0.9960112610475643,13.17874957431038
15.0,200,0.007,0.01,True,0.9948393933108161,16.118712313948592
15.0,200,0.007,0.01,False,0.9960112610475643,13.17874957431038
15.0,200,0.007,0.1,True,0.9948393933108161,16.118712313948592
15.0,200,0.007,0.1,False,0.9960112610475643,13.17874957431038
15.0,200,0.008,0.0001,True,0.9944001964024165,13.104228850738195
15.0,200,0.008,0.0001,False,0.9957392827756794,11.55131312726617
15.0,200,0.008,0.001,True,0.9944001964024165,13.104228850738195
15.0,200,0.008,0.001,False,0.9957392827756794,11.55131312726617
15.0,200,0.008,0.01,True,0.9944001964024165,13.104228850738195
15.0,200,0.008,0.01,False,0.9957392827756794,11.55131312726617
15.0,200,0.008,0.1,True,0.9944001964024165,13.104228850738195
15.0,200,0.008,0.1,False,0.9957392827756794,11.55131312726617
15.0,200,0.009000000000000001,0.0001,True,0.9939610762153561,11.346982111019848
15.0,200,0.009000000000000001,0.0001,False,1.0656642316623097,10.346962078567273
15.0,200,0.009000000000000001,0.001,True,0.9939610762153561,11.346982111019848
15.0,200,0.009000000000000001,0.001,False,1.0656642316623097,10.346962078567273
15.0,200,0.009000000000000001,0.01,True,0.9939610762153561,11.346982111019848
15.0,200,0.009000000000000001,0.01,False,1.0656642316623097,10.346962078567273
15.0,200,0.009000000000000001,0.1,True,0.9939610762153561,11.346982111019848
15.0,200,0.009000000000000001,0.1,False,1.0656642316623097,10.346962078567273
15.0,200,0.01,0.0001,True,1.0815063473185516,9.856567639576113
15.0,200,0.01,0.0001,False,1.2208835266440923,9.60175484284541
15.0,200,0.01,0.001,True,1.0815063473185516,9.856567639576113
15.0,200,0.01,0.001,False,1.2208835266440923,9.60175484284541
15.0,200,0.01,0.01,True,1.0815063473185516,9.856567639576113
15.0,200,0.01,0.01,False,1.2208835266440923,9.60175484284541
15.0,200,0.01,0.1,True,1.0815063473185516,9.856567639576113
15.0,200,0.01,0.1,False,1.2208835266440923,9.60175484284541
15.0,200,0.01,0.0001,True,1.0815063473185516,9.856567639576113
15.0,200,0.01,0.0001,False,1.2208835266440923,9.60175484284541
15.0,200,0.01,0.001,True,1.0815063473185516,9.856567639576113
15.0,200,0.01,0.001,False,1.2208835266440923,9.60175484284541
15.0,200,0.01,0.01,True,1.0815063473185516,9.856567639576113
15.0,200,0.01,0.01,False,1.2208835266440923,9.60175484284541
15.0,200,0.01,0.1,True,1.0815063473185516,9.856567639576113
15.0,200,0.01,0.1,False,1.2208835266440923,9.60175484284541
15.0,200,0.02,0.0001,True,3.4045965090913692,7.527194054368074
15.0,200,0.02,0.0001,False,44.17148348967811,18.097117330074717
15.0,200,0.02,0.001,True,3.4045965090913692,7.527194054368074
15.0,200,0.02,0.001,False,44.17148348967811,18.097117330074717
15.0,200,0.02,0.01,True,3.4045965090913692,7.527194054368074
15.0,200,0.02,0.01,False,44.17148348967811,18.097117330074717
15.0,200,0.02,0.1,True,3.4045965090913692,7.527194054368074
15.0,200,0.02,0.1,False,44.17148348967811,18.097117330074717
15.0,200,0.03,0.0001,True,1000.0,25.296780784871487
15.0,200,0.03,0.0001,False,1000.0,90.0
15.0,200,0.03,0.001,True,1000.0,25.296780784871487
15.0,200,0.03,0.001,False,1000.0,90.0
15.0,200,0.03,0.01,True,1000.0,25.296780784871487
15.0,200,0.03,0.01,False,1000.0,90.0
15.0,200,0.03,0.1,True,1000.0,25.296780784871487
15.0,200,0.03,0.1,False,1000.0,90.0
15.0,200,0.04,0.0001,True,1000.0,90.0
15.0,200,0.04,0.0001,False,1000.0,90.0
15.0,200,0.04,0.001,True,1000.0,90.0
15.0,200,0.04,0.001,False,1000.0,90.0
15.0,200,0.04,0.01,True,1000.0,90.0
15.0,200,0.04,0.01,False,1000.0,90.0
15.0,200,0.04,0.1,True,1000.0,90.0
15.0,200,0.04,0.1,False,1000.0,90.0
15.0,200,0.05,0.0001,True,1000.0,90.0
15.0,200,0.05,0.0001,False,1000.0,90.0
15.0,200,0.05,0.001,True,1000.0,90.0
15.0,200,0.05,0.001,False,1000.0,90.0
15.0,200,0.05,0.01,True,1000.0,90.0
15.0,200,0.05,0.01,False,1000.0,90.0
15.0,200,0.05,0.1,True,1000.0,90.0
15.0,200,0.05,0.1,False,1000.0,90.0
15.0,200,0.06,0.0001,True,1000.0,90.0
15.0,200,0.06,0.0001,False,1000.0,90.0
15.0,200,0.06,0.001,True,1000.0,90.0
15.0,200,0.06,0.001,False,1000.0,90.0
15.0,200,0.06,0.01,True,1000.0,90.0
15.0,200,0.06,0.01,False,1000.0,90.0
15.0,200,0.06,0.1,True,1000.0,90.0
15.0,200,0.06,0.1,False,1000.0,90.0
15.0,200,0.07,0.0001,True,1000.0,90.0
15.0,200,0.07,0.0001,False,1000.0,90.0
15.0,200,0.07,0.001,True,1000.0,90.0
15.0,200,0.07,0.001,False,1000.0,90.0
15.0,200,0.07,0.01,True,1000.0,90.0
15.0,200,0.07,0.01,False,1000.0,90.0
15.0,200,0.07,0.1,True,1000.0,90.0
15.0,200,0.07,0.1,False,1000.0,90.0
15.0,200,0.08,0.0001,True,1000.0,90.0
15.0,200,0.08,0.0001,False,1000.0,90.0
15.0,200,0.08,0.001,True,1000.0,90.0
15.0,200,0.08,0.001,False,1000.0,90.0
15.0,200,0.08,0.01,True,1000.0,90.0
15.0,200,0.08,0.01,False,1000.0,90.0
15.0,200,0.08,0.1,True,1000.0,90.0
15.0,200,0.08,0.1,False,1000.0,90.0
15.0,200,0.09,0.0001,True,1000.0,90.0
15.0,200,0.09,0.0001,False,1000.0,90.0
15.0,200,0.09,0.001,True,1000.0,90.0
15.0,200,0.09,0.001,False,1000.0,90.0
15.0,200,0.09,0.01,True,1000.0,90.0
15.0,200,0.09,0.01,False,1000.0,90.0
15.0,200,0.09,0.1,True,1000.0,90.0
15.0,200,0.09,0.1,False,1000.0,90.0
15.0,200,0.1,0.0001,True,1000.0,90.0
15.0,200,0.1,0.0001,False,1000.0,90.0
15.0,200,0.1,0.001,True,1000.0,90.0
15.0,200,0.1,0.001,False,1000.0,90.0
15.0,200,0.1,0.01,True,1000.0,90.0
15.0,200,0.1,0.01,False,1000.0,90.0
15.0,200,0.1,0.1,True,1000.0,90.0
15.0,200,0.1,0.1,False,1000.0,90.0
15.0,400,0.001,0.0001,True,0.9976351124531209,6.3156313227428384
15.0,400,0.001,0.0001,False,0.9976715874711276,7.719505599070494
15.0,400,0.001,0.001,True,0.9976351124531209,6.3156313227428384
15.0,400,0.001,0.001,False,0.9976715874711276,7.719505599070494
15.0,400,0.001,0.01,True,0.9976351124531209,6.3156313227428384
15.0,400,0.001,0.01,False,0.9976715874711276,7.719505599070494
15.0,400,0.001,0.1,True,0.9976351124531209,6.3156313227428384
15.0,400,0.001,0.1,False,0.9976715874711276,7.719505599070494
15.0,400,0.002,0.0001,True,0.9973543369727492,3.082393477433442
15.0,400,0.002,0.0001,False,0.9974272789382568,3.519902241631442
15.0,400,0.002,0.001,True,0.9973543369727492,3.082393477433442
15.0,400,0.002,0.001,False,0.9974272789382568,3.519902241631442
15.0,400,0.002,0.01,True,0.9973543369727492,3.082393477433442
15.0,400,0.002,0.01,False,0.9974272789382568,3.519902241631442
15.0,400,0.002,0.1,True,0.9973543369727492,3.082393477433442
15.0,400,0.002,0.1,False,0.9974272789382568,3.519902241631442
15.0,400,0.003,0.0001,True,0.9970735923035136,2.015064404335021
15.0,400,0.003,0.0001,False,0.9971829931448662,2.1592980628618363
15.0,400,0.003,0.001,True,0.9970735923035136,2.015064404335021
15.0,400,0.003,0.001,False,0.9971829931448662,2.1592980628618363
15.0,400,0.003,0.01,True,0.9970735923035136,2.015064404335021
15.0,400,0.003,0.01,False,0.9971829931448662,2.1592980628618363
15.0,400,0.003,0.1,True,0.9970735923035136,2.015064404335021
15.0,400,0.003,0.1,False,0.9971829931448662,2.1592980628618363
15.0,400,0.004,0.0001,True,0.9967928784490534,1.652076363709206
15.0,400,0.004,0.0001,False,0.996938730093607,14.741280875017523
15.0,400,0.004,0.001,True,0.9967928784490534,1.652076363709206
15.0,400,0.004,0.001,False,0.996938730093607,14.741280875017523
15.0,400,0.004,0.01,True,0.9967928784490534,1.652076363709206
15.0,400,0.004,0.01,False,0.996938730093607,14.741280875017523
15.0,400,0.004,0.1,True,0.9967928784490534,1.652076363709206
15.0,400,0.004,0.1,False,0.996938730093607,14.741280875017523
15.0,400,0.005,0.0001,True,0.996512195412993,3.414130892045108
15.0,400,0.005,0.0001,False,0.9966944897870273,11.794106452452972
15.0,400,0.005,0.001,True,0.996512195412993,3.414130892045108
15.0,400,0.005,0.001,False,0.9966944897870273,11.794106452452972
15.0,400,0.005,0.01,True,0.996512195412993,3.414130892045108
15.0,400,0.005,0.01,False,0.9966944897870273,11.794106452452972
15.0,400,0.005,0.1,True,0.996512195412993,3.414130892045108
15.0,400,0.005,0.1,False,0.9966944897870273,11.794106452452972
15.0,400,0.006,0.0001,True,0.9962315431990834,3.3468218513992625
15.0,400,0.006,0.0001,False,0.9964502722278689,10.803701997235521
15.0,400,0.006,0.001,True,0.9962315431990834,3.3468218513992625
15.0,400,0.006,0.001,False,0.9964502722278689,10.803701997235521
15.0,400,0.006,0.01,True,0.9962315431990834,3.3468218513992625
15.0,400,0.006,0.01,False,0.9964502722278689,10.803701997235521
15.0,400,0.006,0.1,True,0.9962315431990834,3.3468218513992625
15.0,400,0.006,0.1,False,0.9964502722278689,10.803701997235521
15.0,400,0.007,0.0001,True,0.9959509218109646,3.2771089164446394
15.0,400,0.007,0.0001,False,0.9962060774187023,25.34005088242953
15.0,400,0.007,0.001,True,0.9959509218109646,3.2771089164446394
15.0,400,0.007,0.001,False,0.9962060774187023,25.34005088242953
15.0,400,0.007,0.01,True,0.9959509218109646,3.2771089164446394
15.0,400,0.007,0.01,False,0.9962060774187023,25.34005088242953
15.0,400,0.007,0.1,True,0.9959509218109646,3.2771089164446394
15.0,400,0.007,0.1,False,0.9962060774187023,25.34005088242953
15.0,400,0.008,0.0001,True,0.9956703312523058,3.9958733147699235
15.0,400,0.008,0.0001,False,0.9959619053621648,45.79719145014924
15.0,400,0.008,0.001,True,0.9956703312523058,3.9958733147699235
15.0,400,0.008,0.001,False,0.9959619053621648,45.79719145014924
15.0,400,0.008,0.01,True,0.9956703312523058,3.9958733147699235
15.0,400,0.008,0.01,False,0.9959619053621648,45.79719145014924
15.0,400,0.008,0.1,True,0.9956703312523058,3.9958733147699235
15.0,400,0.008,0.1,False,0.9959619053621648,45.79719145014924
15.0,400,0.009000000000000001,0.0001,True,0.9953897715267914,6.7146777780003575
15.0,400,0.009000000000000001,0.0001,False,1.8211959844073822,49.69871191329953
15.0,400,0.009000000000000001,0.001,True,0.9953897715267914,6.7146777780003575
15.0,400,0.009000000000000001,0.001,False,1.8211959844073822,49.69871191329953
15.0,400,0.009000000000000001,0.01,True,0.9953897715267914,6.7146777780003575
15.0,400,0.009000000000000001,0.01,False,1.8211959844073822,49.69871191329953
15.0,400,0.009000000000000001,0.1,True,0.9953897715267914,6.7146777780003575
15.0,400,0.009000000000000001,0.1,False,1.8211959844073822,49.69871191329953
15.0,400,0.01,0.0001,True,0.9951092426381358,33.970031450950536
15.0,400,0.01,0.0001,False,4.382369845044817,29.30166870329934
15.0,400,0.01,0.001,True,0.9951092426381358,33.970031450950536
15.0,400,0.01,0.001,False,4.382369845044817,29.30166870329934
15.0,400,0.01,0.01,True,0.9951092426381358,33.970031450950536
15.0,400,0.01,0.01,False,4.382369845044817,29.30166870329934
15.0,400,0.01,0.1,True,0.9951092426381358,33.970031450950536
15.0,400,0.01,0.1,False,4.382369845044817,29.30166870329934
15.0,400,0.01,0.0001,True,0.9951092426381358,33.970031450950536
15.0,400,0.01,0.0001,False,4.382369845044817,29.30166870329934
15.0,400,0.01,0.001,True,0.9951092426381358,33.970031450950536
15.0,400,0.01,0.001,False,4.382369845044817,29.30166870329934
15.0,400,0.01,0.01,True,0.9951092426381358,33.970031450950536
15.0,400,0.01,0.01,False,4.382369845044817,29.30166870329934
15.0,400,0.01,0.1,True,0.9951092426381358,33.970031450950536
15.0,400,0.01,0.1,False,4.382369845044817,29.30166870329934
15.0,400,0.02,0.0001,True,1000.0,90.0
15.0,400,0.02,0.0001,False,1000.0,90.0
15.0,400,0.02,0.001,True,1000.0,90.0
15.0,400,0.02,0.001,False,1000.0,90.0
15.0,400,0.02,0.01,True,1000.0,90.0
15.0,400,0.02,0.01,False,1000.0,90.0
15.0,400,0.02,0.1,True,1000.0,90.0
15.0,400,0.02,0.1,False,1000.0,90.0
15.0,400,0.03,0.0001,True,1000.0,90.0
15.0,400,0.03,0.0001,False,1000.0,90.0
15.0,400,0.03,0.001,True,1000.0,90.0
15.0,400,0.03,0.001,False,1000.0,90.0
15.0,400,0.03,0.01,True,1000.0,90.0
15.0,400,0.03,0.01,False,1000.0,90.0
15.0,400,0.03,0.1,True,1000.0,90.0
15.0,400,0.03,0.1,False,1000.0,90.0
15.0,400,0.04,0.0001,True,1000.0,90.0
15.0,400,0.04,0.0001,False,1000.0,90.0
15.0,400,0.04,0.001,True,1000.0,90.0
15.0,400,0.04,0.001,False,1000.0,90.0
15.0,400,0.04,0.01,True,1000.0,90.0
15.0,400,0.04,0.01,False,1000.0,90.0
15.0,400,0.04,0.1,True,1000.0,90.0
15.0,400,0.04,0.1,False,1000.0,90.0
15.0,400,0.05,0.0001,True,1000.0,90.0
15.0,400,0.05,0.0001,False,1000.0,90.0
15.0,400,0.05,0.001,True,1000.0,90.0
15.0,400,0.05,0.001,False,1000.0,90.0
15.0,400,0.05,0.01,True,1000.0,90.0
15.0,400,0.05,0.01,False,1000.0,90.0
15.0,400,0.05,0.1,True,1000.0,90.0
15.0,400,0.05,0.1,False,1000.0,90.0
15.0,400,0.06,0.0001,True,1000.0,90.0
15.0,400,0.06,0.0001,False,1000.0,90.0
15.0,400,0.06,0.001,True,1000.0,90.0
15.0,400,0.06,0.001,False,1000.0,90.0
15.0,400,0.06,0.01,True,1000.0,90.0
15.0,400,0.06,0.01,False,1000.0,90.0
15.0,400,0.06,0.1,True,1000.0,90.0
15.0,400,0.06,0.1,False,1000.0,90.0
15.0,400,0.07,0.0001,True,1000.0,90.0
15.0,400,0.07,0.0001,False,1000.0,90.0
15.0,400,0.07,0.001,True,1000.0,90.0
15.0,400,0.07,0.001,False,1000.0,90.0
15.0,400,0.07,0.01,True,1000.0,90.0
15.0,400,0.07,0.01,False,1000.0,90.0
15.0,400,0.07,0.1,True,1000.0,90.0
15.0,400,0.07,0.1,False,1000.0,90.0
15.0,400,0.08,0.0001,True,1000.0,90.0
15.0,400,0.08,0.0001,False,1000.0,90.0
15.0,400,0.08,0.001,True,1000.0,90.0
15.0,400,0.08,0.001,False,1000.0,90.0
15.0,400,0.08,0.01,True,1000.0,90.0
15.0,400,0.08,0.01,False,1000.0,90.0
15.0,400,0.08,0.1,True,1000.0,90.0
15.0,400,0.08,0.1,False,1000.0,90.0
15.0,400,0.09,0.0001,True,1000.0,90.0
15.0,400,0.09,0.0001,False,1000.0,90.0
15.0,400,0.09,0.001,True,1000.0,90.0
15.0,400,0.09,0.001,False,1000.0,90.0
15.0,400,0.09,0.01,True,1000.0,90.0
15.0,400,0.09,0.01,False,1000.0,90.0
15.0,400,0.09,0.1,True,1000.0,90.0
15.0,400,0.09,0.1,False,1000.0,90.0
15.0,400,0.1,0.0001,True,1000.0,90.0
15.0,400,0.1,0.0001,False,1000.0,90.0
15.0,400,0.1,0.001,True,1000.0,90.0
15.0,400,0.1,0.001,False,1000.0,90.0
15.0,400,0.1,0.01,True,1000.0,90.0
15.0,400,0.1,0.01,False,1000.0,90.0
15.0,400,0.1,0.1,True,1000.0,90.0
15.0,400,0.1,0.1,False,1000.0,90.0
15.0,600,0.001,0.0001,True,0.997561572832111,5.784370680502413
15.0,600,0.001,0.0001,False,0.9974266581699464,6.45024940403453
15.0,600,0.001,0.001,True,0.997561572832111,5.784370680502413
15.0,600,0.001,0.001,False,0.9974266581699464,6.45024940403453
15.0,600,0.001,0.01,True,0.997561572832111,5.784370680502413
15.0,600,0.001,0.01,False,0.9974266581699464,6.45024940403453
15.0,600,0.001,0.1,True,0.997561572832111,5.784370680502413
15.0,600,0.001,0.1,False,0.9974266581699464,6.45024940403453
15.0,600,0.002,0.0001,True,0.9972072755231016,2.950179290450528
15.0,600,0.002,0.0001,False,0.9969374904372851,3.1857609327109913
15.0,600,0.002,0.001,True,0.9972072755231016,2.950179290450528
15.0,600,0.002,0.001,False,0.9969374904372851,3.1857609327109913
15.0,600,0.002,0.01,True,0.9972072755231016,2.950179290450528
15.0,600,0.002,0.01,False,0.9969374904372851,3.1857609327109913
15.0,600,0.002,0.1,True,0.9972072755231016,2.950179290450528
15.0,600,0.002,0.1,False,0.9969374904372851,3.1857609327109913
15.0,600,0.003,0.0001,True,0.9968530268214898,1.8876580059696693
15.0,600,0.003,0.0001,False,0.9964484155628208,1.7890983393096782
15.0,600,0.003,0.001,True,0.9968530268214898,1.8876580059696693
15.0,600,0.003,0.001,False,0.9964484155628208,1.7890983393096782
15.0,600,0.003,0.01,True,0.9968530268214898,1.8876580059696693
15.0,600,0.003,0.01,False,0.9964484155628208,1.7890983393096782
15.0,600,0.003,0.1,True,0.9968530268214898,1.8876580059696693
15.0,600,0.003,0.1,False,0.9964484155628208,1.7890983393096782
15.0,600,0.004,0.0001,True,0.9964988267348116,1.654480258017987
15.0,600,0.004,0.0001,False,0.9959594335665122,2.7867144774534722
15.0,600,0.004,0.001,True,0.9964988267348116,1.654480258017987
15.0,600,0.004,0.001,False,0.9959594335665122,2.7867144774534722
15.0,600,0.004,0.01,True,0.9964988267348116,1.654480258017987
15.0,600,0.004,0.01,False,0.9959594335665122,2.7867144774534722
15.0,600,0.004,0.1,True,0.9964988267348116,1.654480258017987
15.0,600,0.004,0.1,False,0.9959594335665122,2.7867144774534722
15.0,600,0.005,0.0001,True,0.9961446752708267,1.5511128027404375
15.0,600,0.005,0.0001,False,0.9954705444683413,80.67289008193272
15.0,600,0.005,0.001,True,0.9961446752708267,1.5511128027404375
15.0,600,0.005,0.001,False,0.9954705444683413,80.67289008193272
15.0,600,0.005,0.01,True,0.9961446752708267,1.5511128027404375
15.0,600,0.005,0.01,False,0.9954705444683413,80.67289008193272
15.0,600,0.005,0.1,True,0.9961446752708267,1.5511128027404375
15.0,600,0.005,0.1,False,0.9954705444683413,80.67289008193272
15.0,600,0.006,0.0001,True,0.9957905724370568,2.327570664476447
15.0,600,0.006,0.0001,False,0.9949817482882164,49.99679480758829
15.0,600,0.006,0.001,True,0.9957905724370568,2.327570664476447
15.0,600,0.006,0.001,False,0.9949817482882164,49.99679480758829
15.0,600,0.006,0.01,True,0.9957905724370568,2.327570664476447
15.0,600,0.006,0.01,False,0.9949817482882164,49.99679480758829
15.0,600,0.006,0.1,True,0.9957905724370568,2.327570664476447
15.0,600,0.006,0.1,False,0.9949817482882164,49.99679480758829
15.0,600,0.007,0.0001,True,0.9954365182411952,3.41893868066267
15.0,600,0.007,0.0001,False,3.9998053626487695,89.99759610569122
15.0,600,0.007,0.001,True,0.9954365182411952,3.41893868066267
15.0,600,0.007,0.001,False,3.9998053626487695,89.99759610569122
15.0,600,0.007,0.01,True,0.9954365182411952,3.41893868066267
15.0,600,0.007,0.01,False,3.9998053626487695,89.99759610569122
15.0,600,0.007,0.1,True,0.9954365182411952,3.41893868066267
15.0,600,0.007,0.1,False,3.9998053626487695,89.99759610569122
15.0,600,0.008,0.0001,True,0.9950825126908394,4.123279713135275
15.0,600,0.008,0.0001,False,25.075265179947834,90.0
15.0,600,0.008,0.001,True,0.9950825126908394,4.123279713135275
15.0,600,0.008,0.001,False,25.075265179947834,90.0
15.0,600,0.008,0.01,True,0.9950825126908394,4.123279713135275
15.0,600,0.008,0.01,False,25.075265179947834,90.0
15.0,600,0.008,0.1,True,0.9950825126908394,4.123279713135275
15.0,600,0.008,0.1,False,25.075265179947834,90.0
15.0,600,0.009000000000000001,0.0001,True,0.9947285557936157,4.402131452953782
15.0,600,0.009000000000000001,0.0001,False,1000.0,89.99519221138243
15.0,600,0.009000000000000001,0.001,True,0.9947285557936157,4.402131452953782
15.0,600,0.009000000000000001,0.001,False,1000.0,89.99519221138243
15.0,600,0.009000000000000001,0.01,True,0.9947285557936157,4.402131452953782
15.0,600,0.009000000000000001,0.01,False,1000.0,89.99519221138243
15.0,600,0.009000000000000001,0.1,True,0.9947285557936157,4.402131452953782
15.0,600,0.009000000000000001,0.1,False,1000.0,89.99519221138243
15.0,600,0.01,0.0001,True,0.9943746475572116,4.642520883831807
15.0,600,0.01,0.0001,False,149.02271852408285,90.0
15.0,600,0.01,0.001,True,0.9943746475572116,4.642520883831807
15.0,600,0.01,0.001,False,149.02271852408285,90.0
15.0,600,0.01,0.01,True,0.9943746475572116,4.642520883831807
15.0,600,0.01,0.01,False,149.02271852408285,90.0
15.0,600,0.01,0.1,True,0.9943746475572116,4.642520883831807
15.0,600,0.01,0.1,False,149.02271852408285,90.0
15.0,600,0.01,0.0001,True,0.9943746475572116,4.642520883831807
15.0,600,0.01,0.0001,False,149.02271852408285,90.0
15.0,600,0.01,0.001,True,0.9943746475572116,4.642520883831807
15.0,600,0.01,0.001,False,149.02271852408285,90.0
15.0,600,0.01,0.01,True,0.9943746475572116,4.642520883831807
15.0,600,0.01,0.01,False,149.02271852408285,90.0
15.0,600,0.01,0.1,True,0.9943746475572116,4.642520883831807
15.0,600,0.01,0.1,False,149.02271852408285,90.0
15.0,600,0.02,0.0001,True,2.2337269105146667,22.580380215949837
15.0,600,0.02,0.0001,False,1000.0,90.0
15.0,600,0.02,0.001,True,2.2337269105146667,22.580380215949837
15.0,600,0.02,0.001,False,1000.0,90.0
15.0,600,0.02,0.01,True,2.2337269105146667,22.580380215949837
15.0,600,0.02,0.01,False,1000.0,90.0
15.0,600,0.02,0.1,True,2.2337269105146667,22.580380215949837
15.0,600,0.02,0.1,False,1000.0,90.0
15.0,600,0.03,0.0001,True,10.993436967734194,16.688435265129506
15.0,600,0.03,0.0001,False,1000.0,90.0
15.0,600,0.03,0.001,True,10.993436967734194,16.688435265129506
15.0,600,0.03,0.001,False,1000.0,90.0
15.0,600,0.03,0.01,True,10.993436967734194,16.688435265129506
15.0,600,0.03,0.01,False,1000.0,90.0
15.0,600,0.03,0.1,True,10.993436967734194,16.688435265129506
15.0,600,0.03,0.1,False,1000.0,90.0
15.0,600,0.04,0.0001,True,30.582244409446268,22.16691039483964
15.0,600,0.04,0.0001,False,1000.0,90.0
15.0,600,0.04,0.001,True,30.582244409446268,22.16691039483964
15.0,600,0.04,0.001,False,1000.0,90.0
15.0,600,0.04,0.01,True,30.582244409446268,22.16691039483964
15.0,600,0.04,0.01,False,1000.0,90.0
15.0,600,0.04,0.1,True,30.582244409446268,22.16691039483964
15.0,600,0.04,0.1,False,1000.0,90.0
15.0,600,0.05,0.0001,True,203.6743692962496,25.52034295558805
15.0,600,0.05,0.0001,False,1000.0,90.0
15.0,600,0.05,0.001,True,203.6743692962496,25.52034295558805
15.0,600,0.05,0.001,False,1000.0,90.0
15.0,600,0.05,0.01,True,203.6743692962496,25.52034295558805
15.0,600,0.05,0.01,False,1000.0,90.0
15.0,600,0.05,0.1,True,203.6743692962496,25.52034295558805
15.0,600,0.05,0.1,False,1000.0,90.0
15.0,600,0.06,0.0001,True,739.6960281469217,51.7203870269837
15.0,600,0.06,0.0001,False,1000.0,90.0
15.0,600,0.06,0.001,True,739.6960281469217,51.7203870269837
15.0,600,0.06,0.001,False,1000.0,90.0
15.0,600,0.06,0.01,True,739.6960281469217,51.7203870269837
15.0,600,0.06,0.01,False,1000.0,90.0
15.0,600,0.06,0.1,True,739.6960281469217,51.7203870269837
15.0,600,0.06,0.1,False,1000.0,90.0
15.0,600,0.07,0.0001,True,622.4798082262355,71.18952703379475
15.0,600,0.07,0.0001,False,1000.0,90.0
15.0,600,0.07,0.001,True,622.4798082262355,71.18952703379475
15.0,600,0.07,0.001,False,1000.0,90.0
15.0,600,0.07,0.01,True,622.4798082262355,71.18952703379475
15.0,600,0.07,0.01,False,1000.0,90.0
15.0,600,0.07,0.1,True,622.4798082262355,71.18952703379475
15.0,600,0.07,0.1,False,1000.0,90.0
15.0,600,0.08,0.0001,True,1000.0,81.36521164286142
15.0,600,0.08,0.0001,False,1000.0,90.0
15.0,600,0.08,0.001,True,1000.0,81.36521164286142
15.0,600,0.08,0.001,False,1000.0,90.0
15.0,600,0.08,0.01,True,1000.0,81.36521164286142
15.0,600,0.08,0.01,False,1000.0,90.0
15.0,600,0.08,0.1,True,1000.0,81.36521164286142
15.0,600,0.08,0.1,False,1000.0,90.0
15.0,600,0.09,0.0001,True,407.8296530057067,28.328091508243347
15.0,600,0.09,0.0001,False,1000.0,90.0
15.0,600,0.09,0.001,True,407.8296530057067,28.328091508243347
15.0,600,0.09,0.001,False,1000.0,90.0
15.0,600,0.09,0.01,True,407.8296530057067,28.328091508243347
15.0,600,0.09,0.01,False,1000.0,90.0
15.0,600,0.09,0.1,True,407.8296530057067,28.328091508243347
15.0,600,0.09,0.1,False,1000.0,90.0
15.0,600,0.1,0.0001,True,1000.0,89.99519221138243
15.0,600,0.1,0.0001,False,1000.0,90.0
15.0,600,0.1,0.001,True,1000.0,89.99519221138243
15.0,600,0.1,0.001,False,1000.0,90.0
15.0,600,0.1,0.01,True,1000.0,89.99519221138243
15.0,600,0.1,0.01,False,1000.0,90.0
15.0,600,0.1,0.1,True,1000.0,89.99519221138243
15.0,600,0.1,0.1,False,1000.0,90.0
15.0,800,0.001,0.0001,True,0.9975559366897191,5.717061639856567
15.0,800,0.001,0.0001,False,0.9975852458956089,7.382960395841259
15.0,800,0.001,0.001,True,0.9975559366897191,5.717061639856567
15.0,800,0.001,0.001,False,0.9975852458956089,7.382960395841259
15.0,800,0.001,0.01,True,0.9975559366897191,5.717061639856567
15.0,800,0.001,0.01,False,0.9975852458956089,7.382960395841259
15.0,800,0.001,0.1,True,0.9975559366897191,5.717061639856567
15.0,800,0.001,0.1,False,0.9975852458956089,7.382960395841259
15.0,800,0.002,0.0001,True,0.997196004759804,2.8828702498046823
15.0,800,0.002,0.0001,False,0.9972546154631489,3.8155812416114046
15.0,800,0.002,0.001,True,0.997196004759804,2.8828702498046823
15.0,800,0.002,0.001,False,0.9972546154631489,3.8155812416114046
15.0,800,0.002,0.01,True,0.997196004759804,2.8828702498046823
15.0,800,0.002,0.01,False,0.9972546154631489,3.8155812416114046
15.0,800,0.002,0.1,True,0.997196004759804,2.8828702498046823
15.0,800,0.002,0.1,False,0.9972546154631489,3.8155812416114046
15.0,800,0.003,0.0001,True,0.9968361229591168,1.952563152306734
15.0,800,0.003,0.0001,False,0.9969240274497146,2.817965103467614
15.0,800,0.003,0.001,True,0.9968361229591168,1.952563152306734
15.0,800,0.003,0.001,False,0.9969240274497146,2.817965103467614
15.0,800,0.003,0.01,True,0.9968361229591168,1.952563152306734
15.0,800,0.003,0.01,False,0.9969240274497146,2.817965103467614
15.0,800,0.003,0.1,True,0.9968361229591168,1.952563152306734
15.0,800,0.003,0.1,False,0.9969240274497146,2.817965103467614
15.0,800,0.004,0.0001,True,0.9964762912957482,1.7193854043550516
15.0,800,0.004,0.0001,False,0.9965934818613674,1.8876580059696693
15.0,800,0.004,0.001,True,0.9964762912957482,1.7193854043550516
15.0,800,0.004,0.001,False,0.9965934818613674,1.8876580059696693
15.0,800,0.004,0.01,True,0.9964762912957482,1.7193854043550516
15.0,800,0.004,0.01,False,0.9965934818613674,1.8876580059696693
15.0,800,0.004,0.1,True,0.9964762912957482,1.7193854043550516
15.0,800,0.004,0.1,False,0.9965934818613674,1.8876580059696693
15.0,800,0.005,0.0001,True,0.9961165097776695,1.5871712173721413
15.0,800,0.005,0.0001,False,0.9962629787042876,1.7217892986638326
15.0,800,0.005,0.001,True,0.9961165097776695,1.5871712173721413
15.0,800,0.005,0.001,False,0.9962629787042876,1.7217892986638326
15.0,800,0.005,0.01,True,0.9961165097776695,1.5871712173721413
15.0,800,0.005,0.01,False,0.9962629787042876,1.7217892986638326
15.0,800,0.005,0.1,True,0.9961165097776695,1.5871712173721413
15.0,800,0.005,0.1,False,0.9962629787042876,1.7217892986638326
15.0,800,0.006,0.0001,True,0.9957567784128297,1.5198621767262956
15.0,800,0.006,0.0001,False,0.9959325179846855,1.656884152326768
15.0,800,0.006,0.001,True,0.9957567784128297,1.5198621767262956
15.0,800,0.006,0.001,False,0.9959325179846855,1.656884152326768
15.0,800,0.006,0.01,True,0.9957567784128297,1.5198621767262956
15.0,800,0.006,0.01,False,0.9959325179846855,1.656884152326768
15.0,800,0.006,0.1,True,0.9957567784128297,1.5198621767262956
15.0,800,0.006,0.1,False,0.9959325179846855,1.656884152326768
15.0,800,0.007,0.0001,True,0.9953970972093722,2.3636290791081507
15.0,800,0.007,0.0001,False,0.9956020997086522,21.11160079328512
15.0,800,0.007,0.001,True,0.9953970972093722,2.3636290791081507
15.0,800,0.007,0.001,False,0.9956020997086522,21.11160079328512
15.0,800,0.007,0.01,True,0.9953970972093722,2.3636290791081507
15.0,800,0.007,0.01,False,0.9956020997086522,21.11160079328512
15.0,800,0.007,0.1,True,0.9953970972093722,2.3636290791081507
15.0,800,0.007,0.1,False,0.9956020997086522,21.11160079328512
15.0,800,0.008,0.0001,True,0.9950374661753063,3.2843205993709788
15.0,800,0.008,0.0001,False,0.995271723882347,48.09771830365192
15.0,800,0.008,0.001,True,0.9950374661753063,3.2843205993709788
15.0,800,0.008,0.001,False,0.995271723882347,48.09771830365192
15.0,800,0.008,0.01,True,0.9950374661753063,3.2843205993709788
15.0,800,0.008,0.01,False,0.995271723882347,48.09771830365192
15.0,800,0.008,0.1,True,0.9950374661753063,3.2843205993709788
15.0,800,0.008,0.1,False,0.995271723882347,48.09771830365192
15.0,800,0.009000000000000001,0.0001,True,0.994677885318575,3.3900919489573056
15.0,800,0.009000000000000001,0.0001,False,1.4779078051772803,57.480117790821126
15.0,800,0.009000000000000001,0.001,True,0.994677885318575,3.3900919489573056
15.0,800,0.009000000000000001,0.001,False,1.4779078051772803,57.480117790821126
15.0,800,0.009000000000000001,0.01,True,0.994677885318575,3.3900919489573056
15.0,800,0.009000000000000001,0.01,False,1.4779078051772803,57.480117790821126
15.0,800,0.009000000000000001,0.1,True,0.994677885318575,3.3900919489573056
15.0,800,0.009000000000000001,0.1,False,1.4779078051772803,57.480117790821126
15.0,800,0.01,0.0001,True,0.9943183546473076,3.4598048839119357
15.0,800,0.01,0.0001,False,2.711113239092574,90.0
15.0,800,0.01,0.001,True,0.9943183546473076,3.4598048839119357
15.0,800,0.01,0.001,False,2.711113239092574,90.0
15.0,800,0.01,0.01,True,0.9943183546473076,3.4598048839119357
15.0,800,0.01,0.01,False,2.711113239092574,90.0
15.0,800,0.01,0.1,True,0.9943183546473076,3.4598048839119357
15.0,800,0.01,0.1,False,2.711113239092574,90.0
15.0,800,0.01,0.0001,True,0.9943183546473076,3.4598048839119357
15.0,800,0.01,0.0001,False,2.711113239092574,90.0
15.0,800,0.01,0.001,True,0.9943183546473076,3.4598048839119357
15.0,800,0.01,0.001,False,2.711113239092574,90.0
15.0,800,0.01,0.01,True,0.9943183546473076,3.4598048839119357
15.0,800,0.01,0.01,False,2.711113239092574,90.0
15.0,800,0.01,0.1,True,0.9943183546473076,3.4598048839119357
15.0,800,0.01,0.1,False,2.711113239092574,90.0
15.0,800,0.02,0.0001,True,3.986633944079989,45.79959534445801
15.0,800,0.02,0.0001,False,673.286730870699,90.0
15.0,800,0.02,0.001,True,3.986633944079989,45.79959534445801
15.0,800,0.02,0.001,False,673.286730870699,90.0
15.0,800,0.02,0.01,True,3.986633944079989,45.79959534445801
15.0,800,0.02,0.01,False,673.286730870699,90.0
15.0,800,0.02,0.1,True,3.986633944079989,45.79959534445801
15.0,800,0.02,0.1,False,673.286730870699,90.0
15.0,800,0.03,0.0001,True,13.416306665078613,18.914441395059995
15.0,800,0.03,0.0001,False,1000.0,90.0
15.0,800,0.03,0.001,True,13.416306665078613,18.914441395059995
15.0,800,0.03,0.001,False,1000.0,90.0
15.0,800,0.03,0.01,True,13.416306665078613,18.914441395059995
15.0,800,0.03,0.01,False,1000.0,90.0
15.0,800,0.03,0.1,True,13.416306665078613,18.914441395059995
15.0,800,0.03,0.1,False,1000.0,90.0
15.0,800,0.04,0.0001,True,49.21733969582559,29.796870930908064
15.0,800,0.04,0.0001,False,1000.0,90.0
15.0,800,0.04,0.001,True,49.21733969582559,29.796870930908064
15.0,800,0.04,0.001,False,1000.0,90.0
15.0,800,0.04,0.01,True,49.21733969582559,29.796870930908064
15.0,800,0.04,0.01,False,1000.0,90.0
15.0,800,0.04,0.1,True,49.21733969582559,29.796870930908064
15.0,800,0.04,0.1,False,1000.0,90.0
15.0,800,0.05,0.0001,True,140.29621416770937,83.11043891103587
15.0,800,0.05,0.0001,False,1000.0,90.0
15.0,800,0.05,0.001,True,140.29621416770937,83.11043891103587
15.0,800,0.05,0.001,False,1000.0,90.0
15.0,800,0.05,0.01,True,140.29621416770937,83.11043891103587
15.0,800,0.05,0.01,False,1000.0,90.0
15.0,800,0.05,0.1,True,140.29621416770937,83.11043891103587
15.0,800,0.05,0.1,False,1000.0,90.0
15.0,800,0.06,0.0001,True,310.9266602130113,40.75622508463711
15.0,800,0.06,0.0001,False,1000.0,90.0
15.0,800,0.06,0.001,True,310.9266602130113,40.75622508463711
15.0,800,0.06,0.001,False,1000.0,90.0
15.0,800,0.06,0.01,True,310.9266602130113,40.75622508463711
15.0,800,0.06,0.01,False,1000.0,90.0
15.0,800,0.06,0.1,True,310.9266602130113,40.75622508463711
15.0,800,0.06,0.1,False,1000.0,90.0
15.0,800,0.07,0.0001,True,990.9755531319959,32.972415312806746
15.0,800,0.07,0.0001,False,1000.0,90.0
15.0,800,0.07,0.001,True,990.9755531319959,32.972415312806746
15.0,800,0.07,0.001,False,1000.0,90.0
15.0,800,0.07,0.01,True,990.9755531319959,32.972415312806746
15.0,800,0.07,0.01,False,1000.0,90.0
15.0,800,0.07,0.1,True,990.9755531319959,32.972415312806746
15.0,800,0.07,0.1,False,1000.0,90.0
15.0,800,0.08,0.0001,True,1000.0,77.84110258618962
15.0,800,0.08,0.0001,False,1000.0,90.0
15.0,800,0.08,0.001,True,1000.0,77.84110258618962
15.0,800,0.08,0.001,False,1000.0,90.0
15.0,800,0.08,0.01,True,1000.0,77.84110258618962
15.0,800,0.08,0.01,False,1000.0,90.0
15.0,800,0.08,0.1,True,1000.0,77.84110258618962
15.0,800,0.08,0.1,False,1000.0,90.0
15.0,800,0.09,0.0001,True,1000.0,42.35241090566717
15.0,800,0.09,0.0001,False,1000.0,90.0
15.0,800,0.09,0.001,True,1000.0,42.35241090566717
15.0,800,0.09,0.001,False,1000.0,90.0
15.0,800,0.09,0.01,True,1000.0,42.35241090566717
15.0,800,0.09,0.01,False,1000.0,90.0
15.0,800,0.09,0.1,True,1000.0,42.35241090566717
15.0,800,0.09,0.1,False,1000.0,90.0
15.0,800,0.1,0.0001,True,1000.0,38.85474468639195
15.0,800,0.1,0.0001,False,1000.0,90.0
15.0,800,0.1,0.001,True,1000.0,38.85474468639195
15.0,800,0.1,0.001,False,1000.0,90.0
15.0,800,0.1,0.01,True,1000.0,38.85474468639195
15.0,800,0.1,0.01,False,1000.0,90.0
15.0,800,0.1,0.1,True,1000.0,38.85474468639195
15.0,800,0.1,0.1,False,1000.0,90.0
15.0,1000,0.001,0.0001,True,0.9975551349525101,5.683407119533641
15.0,1000,0.001,0.0001,False,0.9975798578391438,7.152186542198358
15.0,1000,0.001,0.001,True,0.9975551349525101,5.683407119533641
15.0,1000,0.001,0.001,False,0.9975798578391438,7.152186542198358
15.0,1000,0.001,0.01,True,0.9975551349525101,5.683407119533641
15.0,1000,0.001,0.01,False,0.9975798578391438,7.152186542198358
15.0,1000,0.001,0.1,True,0.9975551349525101,5.683407119533641
15.0,1000,0.001,0.1,False,0.9975798578391438,7.152186542198358
15.0,1000,0.002,0.0001,True,0.997194401553714,2.950179290450528
15.0,1000,0.002,0.0001,False,0.9972438404661397,3.4525932009855964
15.0,1000,0.002,0.001,True,0.997194401553714,2.950179290450528
15.0,1000,0.002,0.001,False,0.9972438404661397,3.4525932009855964
15.0,1000,0.002,0.01,True,0.997194401553714,2.950179290450528
15.0,1000,0.002,0.01,False,0.9972438404661397,3.4525932009855964
15.0,1000,0.002,0.1,True,0.997194401553714,2.950179290450528
15.0,1000,0.002,0.1,False,0.9972438404661397,3.4525932009855964
15.0,1000,0.003,0.0001,True,0.9968337185525115,1.9862176726296568
15.0,1000,0.003,0.0001,False,0.9969078666284551,2.1544902742442744
15.0,1000,0.003,0.001,True,0.9968337185525115,1.9862176726296568
15.0,1000,0.003,0.001,False,0.9969078666284551,2.1544902742442744
15.0,1000,0.003,0.01,True,0.9968337185525115,1.9862176726296568
15.0,1000,0.003,0.01,False,0.9969078666284551,2.1544902742442744
15.0,1000,0.003,0.1,True,0.9968337185525115,1.9862176726296568
15.0,1000,0.003,0.1,False,0.9969078666284551,2.1544902742442744
15.0,1000,0.004,0.0001,True,0.9964730859570073,1.7530399246779744
15.0,1000,0.004,0.0001,False,0.9965719363326562,1.8924657945872276
15.0,1000,0.004,0.001,True,0.9964730859570073,1.7530399246779744
15.0,1000,0.004,0.001,False,0.9965719363326562,1.8924657945872276
15.0,1000,0.004,0.01,True,0.9964730859570073,1.7530399246779744
15.0,1000,0.004,0.01,False,0.9965719363326562,1.8924657945872276
15.0,1000,0.004,0.1,True,0.9964730859570073,1.7530399246779744
15.0,1000,0.004,0.1,False,0.9965719363326562,1.8924657945872276
15.0,1000,0.005,0.0001,True,0.9961125037751876,1.620825737695064
15.0,1000,0.005,0.0001,False,0.9962360495853927,1.827560648250163
15.0,1000,0.005,0.001,True,0.9961125037751876,1.620825737695064
15.0,1000,0.005,0.001,False,0.9962360495853927,1.827560648250163
15.0,1000,0.005,0.01,True,0.9961125037751876,1.620825737695064
15.0,1000,0.005,0.01,False,0.9962360495853927,1.827560648250163
15.0,1000,0.005,0.1,True,0.9961125037751876,1.620825737695064
15.0,1000,0.005,0.1,False,0.9962360495853927,1.827560648250163
15.0,1000,0.006,0.0001,True,0.9957519720151272,3.2819167050622013
15.0,1000,0.006,0.0001,False,0.9959002063932763,9.844548168032212
15.0,1000,0.006,0.001,True,0.9957519720151272,3.2819167050622013
15.0,1000,0.006,0.001,False,0.9959002063932763,9.844548168032212
15.0,1000,0.006,0.01,True,0.9957519720151272,3.2819167050622013
15.0,1000,0.006,0.01,False,0.9959002063932763,9.844548168032212
15.0,1000,0.006,0.1,True,0.9957519720151272,3.2819167050622013
15.0,1000,0.006,0.1,False,0.9959002063932763,9.844548168032212
15.0,1000,0.007,0.0001,True,0.9953914906849097,3.4910555099260776
15.0,1000,0.007,0.0001,False,0.9955644067628675,14.673971834371677
15.0,1000,0.007,0.001,True,0.9953914906849097,3.4910555099260776
15.0,1000,0.007,0.001,False,0.9955644067628675,14.673971834371677
15.0,1000,0.007,0.01,True,0.9953914906849097,3.4910555099260776
15.0,1000,0.007,0.01,False,0.9955644067628675,14.673971834371677
15.0,1000,0.007,0.1,True,0.9953914906849097,3.4910555099260776
15.0,1000,0.007,0.1,False,0.9955644067628675,14.673971834371677
15.0,1000,0.008,0.0001,True,0.9950310597925741,4.481459965143529
15.0,1000,0.008,0.0001,False,0.9952286507007637,18.32548728940884
15.0,1000,0.008,0.001,True,0.9950310597925741,4.481459965143529
15.0,1000,0.008,0.001,False,0.9952286507007637,18.32548728940884
15.0,1000,0.008,0.01,True,0.9950310597925741,4.481459965143529
15.0,1000,0.008,0.01,False,0.9952286507007637,18.32548728940884
15.0,1000,0.008,0.1,True,0.9950310597925741,4.481459965143529
15.0,1000,0.008,0.1,False,0.9952286507007637,18.32548728940884
15.0,1000,0.009000000000000001,0.0001,True,0.994670679346137,4.546365111480597
15.0,1000,0.009000000000000001,0.0001,False,0.9948929382135777,29.147819467537403
15.0,1000,0.009000000000000001,0.001,True,0.994670679346137,4.546365111480597
15.0,1000,0.009000000000000001,0.001,False,0.9948929382135777,29.147819467537403
15.0,1000,0.009000000000000001,0.01,True,0.994670679346137,4.546365111480597
15.0,1000,0.009000000000000001,0.01,False,0.9948929382135777,29.147819467537403
15.0,1000,0.009000000000000001,0.1,True,0.994670679346137,4.546365111480597
15.0,1000,0.009000000000000001,0.1,False,0.9948929382135777,29.147819467537403
15.0,1000,0.01,0.0001,True,0.9943103493536903,5.897353713015079
15.0,1000,0.01,0.0001,False,1.356335239421464,46.38133776718283
15.0,1000,0.01,0.001,True,0.9943103493536903,5.897353713015079
15.0,1000,0.01,0.001,False,1.356335239421464,46.38133776718283
15.0,1000,0.01,0.01,True,0.9943103493536903,5.897353713015079
15.0,1000,0.01,0.01,False,1.356335239421464,46.38133776718283
15.0,1000,0.01,0.1,True,0.9943103493536903,5.897353713015079
15.0,1000,0.01,0.1,False,1.356335239421464,46.38133776718283
15.0,1000,0.01,0.0001,True,0.9943103493536903,5.897353713015079
15.0,1000,0.01,0.0001,False,1.356335239421464,46.38133776718283
15.0,1000,0.01,0.001,True,0.9943103493536903,5.897353713015079
15.0,1000,0.01,0.001,False,1.356335239421464,46.38133776718283
15.0,1000,0.01,0.01,True,0.9943103493536903,5.897353713015079
15.0,1000,0.01,0.01,False,1.356335239421464,46.38133776718283
15.0,1000,0.01,0.1,True,0.9943103493536903,5.897353713015079
15.0,1000,0.01,0.1,False,1.356335239421464,46.38133776718283
15.0,1000,0.02,0.0001,True,4.939841728134535,6.147358721128228
15.0,1000,0.02,0.0001,False,23.01628035811902,89.97596105691218
15.0,1000,0.02,0.001,True,4.939841728134535,6.147358721128228
15.0,1000,0.02,0.001,False,23.01628035811902,89.97596105691218
15.0,1000,0.02,0.01,True,4.939841728134535,6.147358721128228
15.0,1000,0.02,0.01,False,23.01628035811902,89.97596105691218
15.0,1000,0.02,0.1,True,4.939841728134535,6.147358721128228
15.0,1000,0.02,0.1,False,23.01628035811902,89.97596105691218
15.0,1000,0.03,0.0001,True,17.000344187919225,28.08770207736533
15.0,1000,0.03,0.0001,False,103.69805059706115,89.99038442276488
15.0,1000,0.03,0.001,True,17.000344187919225,28.08770207736533
15.0,1000,0.03,0.001,False,103.69805059706115,89.99038442276488
15.0,1000,0.03,0.01,True,17.000344187919225,28.08770207736533
15.0,1000,0.03,0.01,False,103.69805059706115,89.99038442276488
15.0,1000,0.03,0.1,True,17.000344187919225,28.08770207736533
15.0,1000,0.03,0.1,False,103.69805059706115,89.99038442276488
15.0,1000,0.04,0.0001,True,89.75261021943109,22.89529037040004
15.0,1000,0.04,0.0001,False,755.3134312430226,90.0
15.0,1000,0.04,0.001,True,89.75261021943109,22.89529037040004
15.0,1000,0.04,0.001,False,755.3134312430226,90.0
15.0,1000,0.04,0.01,True,89.75261021943109,22.89529037040004
15.0,1000,0.04,0.01,False,755.3134312430226,90.0
15.0,1000,0.04,0.1,True,89.75261021943109,22.89529037040004
15.0,1000,0.04,0.1,False,755.3134312430226,90.0
15.0,1000,0.05,0.0001,True,149.2574523936348,17.969710931709365
15.0,1000,0.05,0.0001,False,1000.0,90.0
15.0,1000,0.05,0.001,True,149.2574523936348,17.969710931709365
15.0,1000,0.05,0.001,False,1000.0,90.0
15.0,1000,0.05,0.01,True,149.2574523936348,17.969710931709365
15.0,1000,0.05,0.01,False,1000.0,90.0
15.0,1000,0.05,0.1,True,149.2574523936348,17.969710931709365
15.0,1000,0.05,0.1,False,1000.0,90.0
15.0,1000,0.06,0.0001,True,173.92896067112702,36.306616719084914
15.0,1000,0.06,0.0001,False,1000.0,90.0
15.0,1000,0.06,0.001,True,173.92896067112702,36.306616719084914
15.0,1000,0.06,0.001,False,1000.0,90.0
15.0,1000,0.06,0.01,True,173.92896067112702,36.306616719084914
15.0,1000,0.06,0.01,False,1000.0,90.0
15.0,1000,0.06,0.1,True,173.92896067112702,36.306616719084914
15.0,1000,0.06,0.1,False,1000.0,90.0
15.0,1000,0.07,0.0001,True,1000.0,90.0
15.0,1000,0.07,0.0001,False,1000.0,90.0
15.0,1000,0.07,0.001,True,1000.0,90.0
15.0,1000,0.07,0.001,False,1000.0,90.0
15.0,1000,0.07,0.01,True,1000.0,90.0
15.0,1000,0.07,0.01,False,1000.0,90.0
15.0,1000,0.07,0.1,True,1000.0,90.0
15.0,1000,0.07,0.1,False,1000.0,90.0
15.0,1000,0.08,0.0001,True,1000.0,41.66970492197359
15.0,1000,0.08,0.0001,False,1000.0,90.0
15.0,1000,0.08,0.001,True,1000.0,41.66970492197359
15.0,1000,0.08,0.001,False,1000.0,90.0
15.0,1000,0.08,0.01,True,1000.0,41.66970492197359
15.0,1000,0.08,0.01,False,1000.0,90.0
15.0,1000,0.08,0.1,True,1000.0,41.66970492197359
15.0,1000,0.08,0.1,False,1000.0,90.0
15.0,1000,0.09,0.0001,True,1000.0,51.032873254672566
15.0,1000,0.09,0.0001,False,1000.0,90.0
15.0,1000,0.09,0.001,True,1000.0,51.032873254672566
15.0,1000,0.09,0.001,False,1000.0,90.0
15.0,1000,0.09,0.01,True,1000.0,51.032873254672566
15.0,1000,0.09,0.01,False,1000.0,90.0
15.0,1000,0.09,0.1,True,1000.0,51.032873254672566
15.0,1000,0.09,0.1,False,1000.0,90.0
15.0,1000,0.1,0.0001,True,1000.0,36.96047597107314
15.0,1000,0.1,0.0001,False,1000.0,90.0
15.0,1000,0.1,0.001,True,1000.0,36.96047597107314
15.0,1000,0.1,0.001,False,1000.0,90.0
15.0,1000,0.1,0.01,True,1000.0,36.96047597107314
15.0,1000,0.1,0.01,False,1000.0,90.0
15.0,1000,0.1,0.1,True,1000.0,36.96047597107314
15.0,1000,0.1,0.1,False,1000.0,90.0
15.5,200,0.001,0.0001,True,0.9992577594387663,42.304333019491565
15.5,200,0.001,0.0001,False,1.6452521325220915,29.255994711432514
15.5,200,0.001,0.001,True,0.9992577594387663,42.304333019491565
15.5,200,0.001,0.001,False,1.6452521325220915,29.255994711432514
15.5,200,0.001,0.01,True,0.9992577594387663,42.304333019491565
15.5,200,0.001,0.01,False,1.6452521325220915,29.255994711432514
15.5,200,0.001,0.1,True,0.9992577594387663,42.304333019491565
15.5,200,0.001,0.1,False,1.6452521325220915,29.255994711432514
15.5,200,0.002,0.0001,True,0.9987823226856579,25.972275085638728
15.5,200,0.002,0.0001,False,1.0961741037259887,17.77980328131573
15.5,200,0.002,0.001,True,0.9987823226856579,25.972275085638728
15.5,200,0.002,0.001,False,1.0961741037259887,17.77980328131573
15.5,200,0.002,0.01,True,0.9987823226856579,25.972275085638728
15.5,200,0.002,0.01,False,1.0961741037259887,17.77980328131573
15.5,200,0.002,0.1,True,0.9987823226856579,25.972275085638728
15.5,200,0.002,0.1,False,1.0961741037259887,17.77980328131573
15.5,200,0.003,0.0001,True,0.9983069509174791,19.037040004807785
15.5,200,0.003,0.0001,False,0.998796786132016,13.5777960295679
15.5,200,0.003,0.001,True,0.9983069509174791,19.037040004807785
15.5,200,0.003,0.001,False,0.998796786132016,13.5777960295679
15.5,200,0.003,0.01,True,0.9983069509174791,19.037040004807785
15.5,200,0.003,0.01,False,0.998796786132016,13.5777960295679
15.5,200,0.003,0.1,True,0.9983069509174791,19.037040004807785
15.5,200,0.003,0.1,False,0.998796786132016,13.5777960295679
15.5,200,0.004,0.0001,True,0.9978316441686966,15.024940403453591
15.5,200,0.004,0.0001,False,0.9984846855572063,11.12582383461207
15.5,200,0.004,0.001,True,0.9978316441686966,15.024940403453591
15.5,200,0.004,0.001,False,0.9984846855572063,11.12582383461207
15.5,200,0.004,0.01,True,0.9978316441686966,15.024940403453591
15.5,200,0.004,0.01,False,0.9984846855572063,11.12582383461207
15.5,200,0.004,0.1,True,0.9978316441686966,15.024940403453591
15.5,200,0.004,0.1,False,0.9984846855572063,11.12582383461207
15.5,200,0.005,0.0001,True,0.9973564024737175,12.41911897273583
15.5,200,0.005,0.0001,False,0.9981726138789153,9.512810753420538
15.5,200,0.005,0.001,True,0.9973564024737175,12.41911897273583
15.5,200,0.005,0.001,False,0.9981726138789153,9.512810753420538
15.5,200,0.005,0.01,True,0.9973564024737175,12.41911897273583
15.5,200,0.005,0.01,False,0.9981726138789153,9.512810753420538
15.5,200,0.005,0.1,True,0.9973564024737175,12.41911897273583
15.5,200,0.005,0.1,False,0.9981726138789153,9.512810753420538
15.5,200,0.006,0.0001,True,0.9968812258670221,11.01043690779062
15.5,200,0.006,0.0001,False,1.0096413020943815,8.394999899837735
15.5,200,0.006,0.001,True,0.9968812258670221,11.01043690779062
15.5,200,0.006,0.001,False,1.0096413020943815,8.394999899837735
15.5,200,0.006,0.01,True,0.9968812258670221,11.01043690779062
15.5,200,0.006,0.01,False,1.0096413020943815,8.394999899837735
15.5,200,0.006,0.1,True,0.9968812258670221,11.01043690779062
15.5,200,0.006,0.1,False,1.0096413020943815,8.394999899837735
15.5,200,0.007,0.0001,True,0.996406114383047,10.832548728940878
15.5,200,0.007,0.0001,False,1.0832902211359419,7.519982371441735
15.5,200,0.007,0.001,True,0.996406114383047,10.832548728940878
15.5,200,0.007,0.001,False,1.0832902211359419,7.519982371441735
15.5,200,0.007,0.01,True,0.996406114383047,10.832548728940878
15.5,200,0.007,0.01,False,1.0832902211359419,7.519982371441735
15.5,200,0.007,0.1,True,0.996406114383047,10.832548728940878
15.5,200,0.007,0.1,False,1.0832902211359419,7.519982371441735
15.5,200,0.008,0.0001,True,0.9959310680562498,19.81830565516136
15.5,200,0.008,0.0001,False,1.2585259269897262,8.157014363268495
15.5,200,0.008,0.001,True,0.9959310680562498,19.81830565516136
15.5,200,0.008,0.001,False,1.2585259269897262,8.157014363268495
15.5,200,0.008,0.01,True,0.9959310680562498,19.81830565516136
15.5,200,0.008,0.01,False,1.2585259269897262,8.157014363268495
15.5,200,0.008,0.1,True,0.9959310680562498,19.81830565516136
15.5,200,0.008,0.1,False,1.2585259269897262,8.157014363268495
15.5,200,0.009000000000000001,0.0001,True,0.9954560869210451,16.661992427732926
15.5,200,0.009000000000000001,0.0001,False,1.3719106311509102,13.17874957431038
15.5,200,0.009000000000000001,0.001,True,0.9954560869210451,16.661992427732926
15.5,200,0.009000000000000001,0.001,False,1.3719106311509102,13.17874957431038
15.5,200,0.009000000000000001,0.01,True,0.9954560869210451,16.661992427732926
15.5,200,0.009000000000000001,0.01,False,1.3719106311509102,13.17874957431038
15.5,200,0.009000000000000001,0.1,True,0.9954560869210451,16.661992427732926
15.5,200,0.009000000000000001,0.1,False,1.3719106311509102,13.17874957431038
15.5,200,0.01,0.0001,True,0.9949811710119325,14.2340591758649
15.5,200,0.01,0.0001,False,1.5576423622352997,11.611410484985676
15.5,200,0.01,0.001,True,0.9949811710119325,14.2340591758649
15.5,200,0.01,0.001,False,1.5576423622352997,11.611410484985676
15.5,200,0.01,0.01,True,0.9949811710119325,14.2340591758649
15.5,200,0.01,0.01,False,1.5576423622352997,11.611410484985676
15.5,200,0.01,0.1,True,0.9949811710119325,14.2340591758649
15.5,200,0.01,0.1,False,1.5576423622352997,11.611410484985676
15.5,200,0.01,0.0001,True,0.9949811710119325,14.2340591758649
15.5,200,0.01,0.0001,False,1.5576423622352997,11.611410484985676
15.5,200,0.01,0.001,True,0.9949811710119325,14.2340591758649
15.5,200,0.01,0.001,False,1.5576423622352997,11.611410484985676
15.5,200,0.01,0.01,True,0.9949811710119325,14.2340591758649
15.5,200,0.01,0.01,False,1.5576423622352997,11.611410484985676
15.5,200,0.01,0.1,True,0.9949811710119325,14.2340591758649
15.5,200,0.01,0.1,False,1.5576423622352997,11.611410484985676
15.5,200,0.02,0.0001,True,5.993606452622576,24.498687874356456
15.5,200,0.02,0.0001,False,145.91246137011584,26.59488371161281
15.5,200,0.02,0.001,True,5.993606452622576,24.498687874356456
15.5,200,0.02,0.001,False,145.91246137011584,26.59488371161281
15.5,200,0.02,0.01,True,5.993606452622576,24.498687874356456
15.5,200,0.02,0.01,False,145.91246137011584,26.59488371161281
15.5,200,0.02,0.1,True,5.993606452622576,24.498687874356456
15.5,200,0.02,0.1,False,145.91246137011584,26.59488371161281
15.5,200,0.03,0.0001,True,559.3064805438272,24.395320419078907
15.5,200,0.03,0.0001,False,1000.0,90.0
15.5,200,0.03,0.001,True,559.3064805438272,24.395320419078907
15.5,200,0.03,0.001,False,1000.0,90.0
15.5,200,0.03,0.01,True,559.3064805438272,24.395320419078907
15.5,200,0.03,0.01,False,1000.0,90.0
15.5,200,0.03,0.1,True,559.3064805438272,24.395320419078907
15.5,200,0.03,0.1,False,1000.0,90.0
15.5,200,0.04,0.0001,True,1000.0,90.0
15.5,200,0.04,0.0001,False,1000.0,90.0
15.5,200,0.04,0.001,True,1000.0,90.0
15.5,200,0.04,0.001,False,1000.0,90.0
15.5,200,0.04,0.01,True,1000.0,90.0
15.5,200,0.04,0.01,False,1000.0,90.0
15.5,200,0.04,0.1,True,1000.0,90.0
15.5,200,0.04,0.1,False,1000.0,90.0
15.5,200,0.05,0.0001,True,1000.0,90.0
15.5,200,0.05,0.0001,False,1000.0,90.0
15.5,200,0.05,0.001,True,1000.0,90.0
15.5,200,0.05,0.001,False,1000.0,90.0
15.5,200,0.05,0.01,True,1000.0,90.0
15.5,200,0.05,0.01,False,1000.0,90.0
15.5,200,0.05,0.1,True,1000.0,90.0
15.5,200,0.05,0.1,False,1000.0,90.0
15.5,200,0.06,0.0001,True,1000.0,90.0
15.5,200,0.06,0.0001,False,1000.0,90.0
15.5,200,0.06,0.001,True,1000.0,90.0
15.5,200,0.06,0.001,False,1000.0,90.0
15.5,200,0.06,0.01,True,1000.0,90.0
15.5,200,0.06,0.01,False,1000.0,90.0
15.5,200,0.06,0.1,True,1000.0,90.0
15.5,200,0.06,0.1,False,1000.0,90.0
15.5,200,0.07,0.0001,True,1000.0,90.0
15.5,200,0.07,0.0001,False,1000.0,90.0
15.5,200,0.07,0.001,True,1000.0,90.0
15.5,200,0.07,0.001,False,1000.0,90.0
15.5,200,0.07,0.01,True,1000.0,90.0
15.5,200,0.07,0.01,False,1000.0,90.0
15.5,200,0.07,0.1,True,1000.0,90.0
15.5,200,0.07,0.1,False,1000.0,90.0
15.5,200,0.08,0.0001,True,1000.0,90.0
15.5,200,0.08,0.0001,False,1000.0,90.0
15.5,200,0.08,0.001,True,1000.0,90.0
15.5,200,0.08,0.001,False,1000.0,90.0
15.5,200,0.08,0.01,True,1000.0,90.0
15.5,200,0.08,0.01,False,1000.0,90.0
15.5,200,0.08,0.1,True,1000.0,90.0
15.5,200,0.08,0.1,False,1000.0,90.0
15.5,200,0.09,0.0001,True,1000.0,90.0
15.5,200,0.09,0.0001,False,1000.0,90.0
15.5,200,0.09,0.001,True,1000.0,90.0
15.5,200,0.09,0.001,False,1000.0,90.0
15.5,200,0.09,0.01,True,1000.0,90.0
15.5,200,0.09,0.01,False,1000.0,90.0
15.5,200,0.09,0.1,True,1000.0,90.0
15.5,200,0.09,0.1,False,1000.0,90.0
15.5,200,0.1,0.0001,True,1000.0,90.0
15.5,200,0.1,0.0001,False,1000.0,90.0
15.5,200,0.1,0.001,True,1000.0,90.0
15.5,200,0.1,0.001,False,1000.0,90.0
15.5,200,0.1,0.01,True,1000.0,90.0
15.5,200,0.1,0.01,False,1000.0,90.0
15.5,200,0.1,0.1,True,1000.0,90.0
15.5,200,0.1,0.1,False,1000.0,90.0
15.5,400,0.001,0.0001,True,0.9993990272474744,6.630541477193049
15.5,400,0.001,0.0001,False,0.9990613402793106,7.015164566597889
15.5,400,0.001,0.001,True,0.9993990272474744,6.630541477193049
15.5,400,0.001,0.001,False,0.9990613402793106,7.015164566597889
15.5,400,0.001,0.01,True,0.9993990272474744,6.630541477193049
15.5,400,0.001,0.01,False,0.9990613402793106,7.015164566597889
15.5,400,0.001,0.1,True,0.9993990272474744,6.630541477193049
15.5,400,0.001,0.1,False,0.9990613402793106,7.015164566597889
15.5,400,0.002,0.0001,True,0.999064826296632,3.178549249784652
15.5,400,0.002,0.0001,False,0.9983895495310264,3.339610168472923
15.5,400,0.002,0.001,True,0.999064826296632,3.178549249784652
15.5,400,0.002,0.001,False,0.9983895495310264,3.339610168472923
15.5,400,0.002,0.01,True,0.999064826296632,3.178549249784652
15.5,400,0.002,0.01,False,0.9983895495310264,3.339610168472923
15.5,400,0.002,0.1,True,0.999064826296632,3.178549249784652
15.5,400,0.002,0.1,False,0.9983895495310264,3.339610168472923
15.5,400,0.003,0.0001,True,0.9987306583014437,2.0847773392896443
15.5,400,0.003,0.0001,False,0.9977178889941165,2.015064404335021
15.5,400,0.003,0.001,True,0.9987306583014437,2.0847773392896443
15.5,400,0.003,0.001,False,0.9977178889941165,2.015064404335021
15.5,400,0.003,0.01,True,0.9987306583014437,2.0847773392896443
15.5,400,0.003,0.01,False,0.9977178889941165,2.015064404335021
15.5,400,0.003,0.1,True,0.9987306583014437,2.0847773392896443
15.5,400,0.003,0.1,False,0.9977178889941165,2.015064404335021
15.5,400,0.004,0.0001,True,0.9983965232733826,1.695346461267249
15.5,400,0.004,0.0001,False,0.9970463587651472,1.7265970872813945
15.5,400,0.004,0.001,True,0.9983965232733826,1.695346461267249
15.5,400,0.004,0.001,False,0.9970463587651472,1.7265970872813945
15.5,400,0.004,0.01,True,0.9983965232733826,1.695346461267249
15.5,400,0.004,0.01,False,0.9970463587651472,1.7265970872813945
15.5,400,0.004,0.1,True,0.9983965232733826,1.695346461267249
15.5,400,0.004,0.1,False,0.9970463587651472,1.7265970872813945
15.5,400,0.005,0.0001,True,0.998062421223982,3.0535467457280774
15.5,400,0.005,0.0001,False,0.9963749589407411,1.5967867946072616
15.5,400,0.005,0.001,True,0.998062421223982,3.0535467457280774
15.5,400,0.005,0.001,False,0.9963749589407411,1.5967867946072616
15.5,400,0.005,0.01,True,0.998062421223982,3.0535467457280774
15.5,400,0.005,0.01,False,0.9963749589407411,1.5967867946072616
15.5,400,0.005,0.1,True,0.998062421223982,3.0535467457280774
15.5,400,0.005,0.1,False,0.9963749589407411,1.5967867946072616
15.5,400,0.006,0.0001,True,0.9977283521646986,3.0872012660509967
15.5,400,0.006,0.0001,False,0.9957036896174506,3.120855786373923
15.5,400,0.006,0.001,True,0.9977283521646986,3.0872012660509967
15.5,400,0.006,0.001,False,0.9957036896174506,3.120855786373923
15.5,400,0.006,0.01,True,0.9977283521646986,3.0872012660509967
15.5,400,0.006,0.01,False,0.9957036896174506,3.120855786373923
15.5,400,0.006,0.1,True,0.9977283521646986,3.0872012660509967
15.5,400,0.006,0.1,False,0.9957036896174506,3.120855786373923
15.5,400,0.007,0.0001,True,0.9973943161071083,3.055950640036855
15.5,400,0.007,0.0001,False,0.995032550891896,6.132935355275542
15.5,400,0.007,0.001,True,0.9973943161071083,3.055950640036855
15.5,400,0.007,0.001,False,0.995032550891896,6.132935355275542
15.5,400,0.007,0.01,True,0.9973943161071083,3.055950640036855
15.5,400,0.007,0.01,False,0.995032550891896,6.132935355275542
15.5,400,0.007,0.1,True,0.9973943161071083,3.055950640036855
15.5,400,0.007,0.1,False,0.995032550891896,6.132935355275542
15.5,400,0.008,0.0001,True,0.9970603130626877,3.055950640036855
15.5,400,0.008,0.0001,False,0.9943615428607172,21.33035517538412
15.5,400,0.008,0.001,True,0.9970603130626877,3.055950640036855
15.5,400,0.008,0.001,False,0.9943615428607172,21.33035517538412
15.5,400,0.008,0.01,True,0.9970603130626877,3.055950640036855
15.5,400,0.008,0.01,False,0.9943615428607172,21.33035517538412
15.5,400,0.008,0.1,True,0.9970603130626877,3.055950640036855
15.5,400,0.008,0.1,False,0.9943615428607172,21.33035517538412
15.5,400,0.009000000000000001,0.0001,True,0.9967263430429253,16.38314068791442
15.5,400,0.009000000000000001,0.0001,False,0.9936906656205325,47.809250986598286
15.5,400,0.009000000000000001,0.001,True,0.9967263430429253,16.38314068791442
15.5,400,0.009000000000000001,0.001,False,0.9936906656205325,47.809250986598286
15.5,400,0.009000000000000001,0.01,True,0.9967263430429253,16.38314068791442
15.5,400,0.009000000000000001,0.01,False,0.9936906656205325,47.809250986598286
15.5,400,0.009000000000000001,0.1,True,0.9967263430429253,16.38314068791442
15.5,400,0.009000000000000001,0.1,False,0.9936906656205325,47.809250986598286
15.5,400,0.01,0.0001,True,0.9963924060593701,13.676355696227887
15.5,400,0.01,0.0001,False,1.438126458192437,80.08874376489914
15.5,400,0.01,0.001,True,0.9963924060593701,13.676355696227887
15.5,400,0.01,0.001,False,1.438126458192437,80.08874376489914
15.5,400,0.01,0.01,True,0.9963924060593701,13.676355696227887
15.5,400,0.01,0.01,False,1.438126458192437,80.08874376489914
15.5,400,0.01,0.1,True,0.9963924060593701,13.676355696227887
15.5,400,0.01,0.1,False,1.438126458192437,80.08874376489914
15.5,400,0.01,0.0001,True,0.9963924060593701,13.676355696227887
15.5,400,0.01,0.0001,False,1.438126458192437,80.08874376489914
15.5,400,0.01,0.001,True,0.9963924060593701,13.676355696227887
15.5,400,0.01,0.001,False,1.438126458192437,80.08874376489914
15.5,400,0.01,0.01,True,0.9963924060593701,13.676355696227887
15.5,400,0.01,0.01,False,1.438126458192437,80.08874376489914
15.5,400,0.01,0.1,True,0.9963924060593701,13.676355696227887
15.5,400,0.01,0.1,False,1.438126458192437,80.08874376489914
15.5,400,0.02,0.0001,True,1000.0,90.0
15.5,400,0.02,0.0001,False,1000.0,90.0
15.5,400,0.02,0.001,True,1000.0,90.0
15.5,400,0.02,0.001,False,1000.0,90.0
15.5,400,0.02,0.01,True,1000.0,90.0
15.5,400,0.02,0.01,False,1000.0,90.0
15.5,400,0.02,0.1,True,1000.0,90.0
15.5,400,0.02,0.1,False,1000.0,90.0
15.5,400,0.03,0.0001,True,1000.0,90.0
15.5,400,0.03,0.0001,False,1000.0,90.0
15.5,400,0.03,0.001,True,1000.0,90.0
15.5,400,0.03,0.001,False,1000.0,90.0
15.5,400,0.03,0.01,True,1000.0,90.0
15.5,400,0.03,0.01,False,1000.0,90.0
15.5,400,0.03,0.1,True,1000.0,90.0
15.5,400,0.03,0.1,False,1000.0,90.0
15.5,400,0.04,0.0001,True,1000.0,90.0
15.5,400,0.04,0.0001,False,1000.0,90.0
15.5,400,0.04,0.001,True,1000.0,90.0
15.5,400,0.04,0.001,False,1000.0,90.0
15.5,400,0.04,0.01,True,1000.0,90.0
15.5,400,0.04,0.01,False,1000.0,90.0
15.5,400,0.04,0.1,True,1000.0,90.0
15.5,400,0.04,0.1,False,1000.0,90.0
15.5,400,0.05,0.0001,True,1000.0,90.0
15.5,400,0.05,0.0001,False,1000.0,90.0
15.5,400,0.05,0.001,True,1000.0,90.0
15.5,400,0.05,0.001,False,1000.0,90.0
15.5,400,0.05,0.01,True,1000.0,90.0
15.5,400,0.05,0.01,False,1000.0,90.0
15.5,400,0.05,0.1,True,1000.0,90.0
15.5,400,0.05,0.1,False,1000.0,90.0
15.5,400,0.06,0.0001,True,1000.0,90.0
15.5,400,0.06,0.0001,False,1000.0,90.0
15.5,400,0.06,0.001,True,1000.0,90.0
15.5,400,0.06,0.001,False,1000.0,90.0
15.5,400,0.06,0.01,True,1000.0,90.0
15.5,400,0.06,0.01,False,1000.0,90.0
15.5,400,0.06,0.1,True,1000.0,90.0
15.5,400,0.06,0.1,False,1000.0,90.0
15.5,400,0.07,0.0001,True,1000.0,90.0
15.5,400,0.07,0.0001,False,1000.0,90.0
15.5,400,0.07,0.001,True,1000.0,90.0
15.5,400,0.07,0.001,False,1000.0,90.0
15.5,400,0.07,0.01,True,1000.0,90.0
15.5,400,0.07,0.01,False,1000.0,90.0
15.5,400,0.07,0.1,True,1000.0,90.0
15.5,400,0.07,0.1,False,1000.0,90.0
15.5,400,0.08,0.0001,True,1000.0,90.0
15.5,400,0.08,0.0001,False,1000.0,90.0
15.5,400,0.08,0.001,True,1000.0,90.0
15.5,400,0.08,0.001,False,1000.0,90.0
15.5,400,0.08,0.01,True,1000.0,90.0
15.5,400,0.08,0.01,False,1000.0,90.0
15.5,400,0.08,0.1,True,1000.0,90.0
15.5,400,0.08,0.1,False,1000.0,90.0
15.5,400,0.09,0.0001,True,1000.0,90.0
15.5,400,0.09,0.0001,False,1000.0,90.0
15.5,400,0.09,0.001,True,1000.0,90.0
15.5,400,0.09,0.001,False,1000.0,90.0
15.5,400,0.09,0.01,True,1000.0,90.0
15.5,400,0.09,0.01,False,1000.0,90.0
15.5,400,0.09,0.1,True,1000.0,90.0
15.5,400,0.09,0.1,False,1000.0,90.0
15.5,400,0.1,0.0001,True,1000.0,90.0
15.5,400,0.1,0.0001,False,1000.0,90.0
15.5,400,0.1,0.001,True,1000.0,90.0
15.5,400,0.1,0.001,False,1000.0,90.0
15.5,400,0.1,0.01,True,1000.0,90.0
15.5,400,0.1,0.01,False,1000.0,90.0
15.5,400,0.1,0.1,True,1000.0,90.0
15.5,400,0.1,0.1,False,1000.0,90.0
15.5,600,0.001,0.0001,True,0.9991944877647708,5.76033173741461
15.5,600,0.001,0.0001,False,0.99927754249291,7.212283899917864
15.5,600,0.001,0.001,True,0.9991944877647708,5.76033173741461
15.5,600,0.001,0.001,False,0.99927754249291,7.212283899917864
15.5,600,0.001,0.01,True,0.9991944877647708,5.76033173741461
15.5,600,0.001,0.01,False,0.99927754249291,7.212283899917864
15.5,600,0.001,0.1,True,0.9991944877647708,5.76033173741461
15.5,600,0.001,0.1,False,0.99927754249291,7.212283899917864
15.5,600,0.002,0.0001,True,0.9986557998533631,2.791522266071034
15.5,600,0.002,0.0001,False,0.9988218856814085,3.6016346481299664
15.5,600,0.002,0.001,True,0.9986557998533631,2.791522266071034
15.5,600,0.002,0.001,False,0.9988218856814085,3.6016346481299664
15.5,600,0.002,0.01,True,0.9986557998533631,2.791522266071034
15.5,600,0.002,0.01,False,0.9988218856814085,3.6016346481299664
15.5,600,0.002,0.1,True,0.9986557998533631,2.791522266071034
15.5,600,0.002,0.1,False,0.9988218856814085,3.6016346481299664
15.5,600,0.003,0.0001,True,0.9981171974565131,1.8924657945872276
15.5,600,0.003,0.0001,False,0.9983662907366672,2.6328652416915403
15.5,600,0.003,0.001,True,0.9981171974565131,1.8924657945872276
15.5,600,0.003,0.001,False,0.9983662907366672,2.6328652416915403
15.5,600,0.003,0.01,True,0.9981171974565131,1.8924657945872276
15.5,600,0.003,0.01,False,0.9983662907366672,2.6328652416915403
15.5,600,0.003,0.1,True,0.9981171974565131,1.8924657945872276
15.5,600,0.003,0.1,False,0.9983662907366672,2.6328652416915403
15.5,600,0.004,0.0001,True,0.9975786806225648,1.3107233718624158
15.5,600,0.004,0.0001,False,0.9979107576874623,1.9621787295418542
15.5,600,0.004,0.001,True,0.9975786806225648,1.3107233718624158
15.5,600,0.004,0.001,False,0.9979107576874623,1.9621787295418542
15.5,600,0.004,0.01,True,0.9975786806225648,1.3107233718624158
15.5,600,0.004,0.01,False,0.9979107576874623,1.9621787295418542
15.5,600,0.004,0.1,True,0.9975786806225648,1.3107233718624158
15.5,600,0.004,0.1,False,0.9979107576874623,1.9621787295418542
15.5,600,0.005,0.0001,True,0.9970402493998558,1.1520663474829185
15.5,600,0.005,0.0001,False,0.997455286562531,1.8996774775135705
15.5,600,0.005,0.001,True,0.9970402493998558,1.1520663474829185
15.5,600,0.005,0.001,False,0.997455286562531,1.8996774775135705
15.5,600,0.005,0.01,True,0.9970402493998558,1.1520663474829185
15.5,600,0.005,0.01,False,0.997455286562531,1.8996774775135705
15.5,600,0.005,0.1,True,0.9970402493998558,1.1520663474829185
15.5,600,0.005,0.1,False,0.997455286562531,1.8996774775135705
15.5,600,0.006,0.0001,True,0.9965019038367106,1.0895650954546348
15.5,600,0.006,0.0001,False,0.9969998773906721,5.721869428474129
15.5,600,0.006,0.001,True,0.9965019038367106,1.0895650954546348
15.5,600,0.006,0.001,False,0.9969998773906721,5.721869428474129
15.5,600,0.006,0.01,True,0.9965019038367106,1.0895650954546348
15.5,600,0.006,0.01,False,0.9969998773906721,5.721869428474129
15.5,600,0.006,0.1,True,0.9965019038367106,1.0895650954546348
15.5,600,0.006,0.1,False,0.9969998773906721,5.721869428474129
15.5,600,0.007,0.0001,True,0.9959636439815011,1.058314469440493
15.5,600,0.007,0.0001,False,0.9965445302006462,12.854223842625046
15.5,600,0.007,0.001,True,0.9959636439815011,1.058314469440493
15.5,600,0.007,0.001,False,0.9965445302006462,12.854223842625046
15.5,600,0.007,0.01,True,0.9959636439815011,1.058314469440493
15.5,600,0.007,0.01,False,0.9965445302006462,12.854223842625046
15.5,600,0.007,0.1,True,0.9959636439815011,1.058314469440493
15.5,600,0.007,0.1,False,0.9965445302006462,12.854223842625046
15.5,600,0.008,0.0001,True,0.9954254698826276,2.7891183717622496
15.5,600,0.008,0.0001,False,0.9960892450212517,18.30144834632104
15.5,600,0.008,0.001,True,0.9954254698826276,2.7891183717622496
15.5,600,0.008,0.001,False,0.9960892450212517,18.30144834632104
15.5,600,0.008,0.01,True,0.9954254698826276,2.7891183717622496
15.5,600,0.008,0.01,False,0.9960892450212517,18.30144834632104
15.5,600,0.008,0.1,True,0.9954254698826276,2.7891183717622496
15.5,600,0.008,0.1,False,0.9960892450212517,18.30144834632104
15.5,600,0.009000000000000001,0.0001,True,0.9948873815883844,2.8948897213485836
15.5,600,0.009000000000000001,0.0001,False,0.9956340218812425,57.66521765259721
15.5,600,0.009000000000000001,0.001,True,0.9948873815883844,2.8948897213485836
15.5,600,0.009000000000000001,0.001,False,0.9956340218812425,57.66521765259721
15.5,600,0.009000000000000001,0.01,True,0.9948873815883844,2.8948897213485836
15.5,600,0.009000000000000001,0.01,False,0.9956340218812425,57.66521765259721
15.5,600,0.009000000000000001,0.1,True,0.9948873815883844,2.8948897213485836
15.5,600,0.009000000000000001,0.1,False,0.9956340218812425,57.66521765259721
15.5,600,0.01,0.0001,True,0.9943493791472006,2.8948897213485836
15.5,600,0.01,0.0001,False,3.2563744630949465,80.87962499248782
15.5,600,0.01,0.001,True,0.9943493791472006,2.8948897213485836
15.5,600,0.01,0.001,False,3.2563744630949465,80.87962499248782
15.5,600,0.01,0.01,True,0.9943493791472006,2.8948897213485836
15.5,600,0.01,0.01,False,3.2563744630949465,80.87962499248782
15.5,600,0.01,0.1,True,0.9943493791472006,2.8948897213485836
15.5,600,0.01,0.1,False,3.2563744630949465,80.87962499248782
15.5,600,0.01,0.0001,True,0.9943493791472006,2.8948897213485836
15.5,600,0.01,0.0001,False,3.2563744630949465,80.87962499248782
15.5,600,0.01,0.001,True,0.9943493791472006,2.8948897213485836
15.5,600,0.01,0.001,False,3.2563744630949465,80.87962499248782
15.5,600,0.01,0.01,True,0.9943493791472006,2.8948897213485836
15.5,600,0.01,0.01,False,3.2563744630949465,80.87962499248782
15.5,600,0.01,0.1,True,0.9943493791472006,2.8948897213485836
15.5,600,0.01,0.1,False,3.2563744630949465,80.87962499248782
15.5,600,0.02,0.0001,True,1.3244568179598695,3.4646126725294977
15.5,600,0.02,0.0001,False,1000.0,90.0
15.5,600,0.02,0.001,True,1.3244568179598695,3.4646126725294977
15.5,600,0.02,0.001,False,1000.0,90.0
15.5,600,0.02,0.01,True,1.3244568179598695,3.4646126725294977
15.5,600,0.02,0.01,False,1000.0,90.0
15.5,600,0.02,0.1,True,1.3244568179598695,3.4646126725294977
15.5,600,0.02,0.1,False,1000.0,90.0
15.5,600,0.03,0.0001,True,3.773939544832842,3.471824355455837
15.5,600,0.03,0.0001,False,1000.0,90.0
15.5,600,0.03,0.001,True,3.773939544832842,3.471824355455837
15.5,600,0.03,0.001,False,1000.0,90.0
15.5,600,0.03,0.01,True,3.773939544832842,3.471824355455837
15.5,600,0.03,0.01,False,1000.0,90.0
15.5,600,0.03,0.1,True,3.773939544832842,3.471824355455837
15.5,600,0.03,0.1,False,1000.0,90.0
15.5,600,0.04,0.0001,True,12.671577635457158,11.361405476872534
15.5,600,0.04,0.0001,False,1000.0,90.0
15.5,600,0.04,0.001,True,12.671577635457158,11.361405476872534
15.5,600,0.04,0.001,False,1000.0,90.0
15.5,600,0.04,0.01,True,12.671577635457158,11.361405476872534
15.5,600,0.04,0.01,False,1000.0,90.0
15.5,600,0.04,0.1,True,12.671577635457158,11.361405476872534
15.5,600,0.04,0.1,False,1000.0,90.0
15.5,600,0.05,0.0001,True,28.54240410118025,22.265470061499627
15.5,600,0.05,0.0001,False,1000.0,90.0
15.5,600,0.05,0.001,True,28.54240410118025,22.265470061499627
15.5,600,0.05,0.001,False,1000.0,90.0
15.5,600,0.05,0.01,True,28.54240410118025,22.265470061499627
15.5,600,0.05,0.01,False,1000.0,90.0
15.5,600,0.05,0.1,True,28.54240410118025,22.265470061499627
15.5,600,0.05,0.1,False,1000.0,90.0
15.5,600,0.06,0.0001,True,48.73351580929776,46.62413109236964
15.5,600,0.06,0.0001,False,1000.0,90.0
15.5,600,0.06,0.001,True,48.73351580929776,46.62413109236964
15.5,600,0.06,0.001,False,1000.0,90.0
15.5,600,0.06,0.01,True,48.73351580929776,46.62413109236964
15.5,600,0.06,0.01,False,1000.0,90.0
15.5,600,0.06,0.1,True,48.73351580929776,46.62413109236964
15.5,600,0.06,0.1,False,1000.0,90.0
15.5,600,0.07,0.0001,True,71.16367498367825,15.178789639215523
15.5,600,0.07,0.0001,False,1000.0,90.0
15.5,600,0.07,0.001,True,71.16367498367825,15.178789639215523
15.5,600,0.07,0.001,False,1000.0,90.0
15.5,600,0.07,0.01,True,71.16367498367825,15.178789639215523
15.5,600,0.07,0.01,False,1000.0,90.0
15.5,600,0.07,0.1,True,71.16367498367825,15.178789639215523
15.5,600,0.07,0.1,False,1000.0,90.0
15.5,600,0.08,0.0001,True,221.8860654322374,48.07127546625533
15.5,600,0.08,0.0001,False,1000.0,90.0
15.5,600,0.08,0.001,True,221.8860654322374,48.07127546625533
15.5,600,0.08,0.001,False,1000.0,90.0
15.5,600,0.08,0.01,True,221.8860654322374,48.07127546625533
15.5,600,0.08,0.01,False,1000.0,90.0
15.5,600,0.08,0.1,True,221.8860654322374,48.07127546625533
15.5,600,0.08,0.1,False,1000.0,90.0
15.5,600,0.09,0.0001,True,328.3584740620511,60.20373004266912
15.5,600,0.09,0.0001,False,1000.0,90.0
15.5,600,0.09,0.001,True,328.3584740620511,60.20373004266912
15.5,600,0.09,0.001,False,1000.0,90.0
15.5,600,0.09,0.01,True,328.3584740620511,60.20373004266912
15.5,600,0.09,0.01,False,1000.0,90.0
15.5,600,0.09,0.1,True,328.3584740620511,60.20373004266912
15.5,600,0.09,0.1,False,1000.0,90.0
15.5,600,0.1,0.0001,True,224.2444290020985,37.14317193854043
15.5,600,0.1,0.0001,False,1000.0,90.0
15.5,600,0.1,0.001,True,224.2444290020985,37.14317193854043
15.5,600,0.1,0.001,False,1000.0,90.0
15.5,600,0.1,0.01,True,224.2444290020985,37.14317193854043
15.5,600,0.1,0.01,False,1000.0,90.0
15.5,600,0.1,0.1,True,224.2444290020985,37.14317193854043
15.5,600,0.1,0.1,False,1000.0,90.0
15.5,800,0.001,0.0001,True,0.999198758619087,5.726677217091684
15.5,800,0.001,0.0001,False,0.9992248240090208,7.339690298283216
15.5,800,0.001,0.001,True,0.999198758619087,5.726677217091684
15.5,800,0.001,0.001,False,0.9992248240090208,7.339690298283216
15.5,800,0.001,0.01,True,0.999198758619087,5.726677217091684
15.5,800,0.001,0.01,False,0.9992248240090208,7.339690298283216
15.5,800,0.001,0.1,True,0.999198758619087,5.726677217091684
15.5,800,0.001,0.1,False,0.9992248240090208,7.339690298283216
15.5,800,0.002,0.0001,True,0.9986643401862341,2.8564274124080953
15.5,800,0.002,0.0001,False,0.9987164624485072,3.695386526172399
15.5,800,0.002,0.001,True,0.9986643401862341,2.8564274124080953
15.5,800,0.002,0.001,False,0.9987164624485072,3.695386526172399
15.5,800,0.002,0.01,True,0.9986643401862341,2.8564274124080953
15.5,800,0.002,0.01,False,0.9987164624485072,3.695386526172399
15.5,800,0.002,0.1,True,0.9986643401862341,2.8564274124080953
15.5,800,0.002,0.1,False,0.9987164624485072,3.695386526172399
15.5,800,0.003,0.0001,True,0.9981300058910463,1.954967046615515
15.5,800,0.003,0.0001,False,0.9982081765019196,2.630461347382756
15.5,800,0.003,0.001,True,0.9981300058910463,1.954967046615515
15.5,800,0.003,0.001,False,0.9982081765019196,2.630461347382756
15.5,800,0.003,0.01,True,0.9981300058910463,1.954967046615515
15.5,800,0.003,0.01,False,0.9982081765019196,2.630461347382756
15.5,800,0.003,0.1,True,0.9981300058910463,1.954967046615515
15.5,800,0.003,0.1,False,0.9982081765019196,2.630461347382756
15.5,800,0.004,0.0001,True,0.9975957557807295,1.695346461267249
15.5,800,0.004,0.0001,False,0.9976999662102486,1.921312526292592
15.5,800,0.004,0.001,True,0.9975957557807295,1.695346461267249
15.5,800,0.004,0.001,False,0.9976999662102486,1.921312526292592
15.5,800,0.004,0.01,True,0.9975957557807295,1.695346461267249
15.5,800,0.004,0.01,False,0.9976999662102486,1.921312526292592
15.5,800,0.004,0.1,True,0.9975957557807295,1.695346461267249
15.5,800,0.004,0.1,False,0.9976999662102486,1.921312526292592
15.5,800,0.005,0.0001,True,0.9970615899025477,1.1833169734970639
15.5,800,0.005,0.0001,False,0.9971918316145414,1.7915022336184592
15.5,800,0.005,0.001,True,0.9970615899025477,1.1833169734970639
15.5,800,0.005,0.001,False,0.9971918316145414,1.7915022336184592
15.5,800,0.005,0.01,True,0.9970615899025477,1.1833169734970639
15.5,800,0.005,0.01,False,0.9971918316145414,1.7915022336184592
15.5,800,0.005,0.1,True,0.9970615899025477,1.1833169734970639
15.5,800,0.005,0.1,False,0.9971918316145414,1.7915022336184592
15.5,800,0.006,0.0001,True,0.9965275083037232,1.1184118271599957
15.5,800,0.006,0.0001,False,0.9966837727558506,1.695346461267249
15.5,800,0.006,0.001,True,0.9965275083037232,1.1184118271599957
15.5,800,0.006,0.001,False,0.9966837727558506,1.695346461267249
15.5,800,0.006,0.01,True,0.9965275083037232,1.1184118271599957
15.5,800,0.006,0.01,False,0.9966837727558506,1.695346461267249
15.5,800,0.006,0.1,True,0.9965275083037232,1.1184118271599957
15.5,800,0.006,0.1,False,0.9966837727558506,1.695346461267249
15.5,800,0.007,0.0001,True,0.9959935110314422,1.058314469440493
15.5,800,0.007,0.0001,False,0.9961757896751726,1.6640958352531072
15.5,800,0.007,0.001,True,0.9959935110314422,1.058314469440493
15.5,800,0.007,0.001,False,0.9961757896751726,1.6640958352531072
15.5,800,0.007,0.01,True,0.9959935110314422,1.058314469440493
15.5,800,0.007,0.01,False,0.9961757896751726,1.6640958352531072
15.5,800,0.007,0.1,True,0.9959935110314422,1.058314469440493
15.5,800,0.007,0.1,False,0.9961757896751726,1.6640958352531072
15.5,800,0.008,0.0001,True,0.9954595981330139,2.7867144774534722
15.5,800,0.008,0.0001,False,0.9956678824135395,28.8329093130872
15.5,800,0.008,0.001,True,0.9954595981330139,2.7867144774534722
15.5,800,0.008,0.001,False,0.9956678824135395,28.8329093130872
15.5,800,0.008,0.01,True,0.9954595981330139,2.7867144774534722
15.5,800,0.008,0.01,False,0.9956678824135395,28.8329093130872
15.5,800,0.008,0.1,True,0.9954595981330139,2.7867144774534722
15.5,800,0.008,0.1,False,0.9956678824135395,28.8329093130872
15.5,800,0.009000000000000001,0.0001,True,0.994925769655623,2.85883130671688
15.5,800,0.009000000000000001,0.0001,False,0.995160051012034,51.87904405136321
15.5,800,0.009000000000000001,0.001,True,0.994925769655623,2.85883130671688
15.5,800,0.009000000000000001,0.001,False,0.995160051012034,51.87904405136321
15.5,800,0.009000000000000001,0.01,True,0.994925769655623,2.85883130671688
15.5,800,0.009000000000000001,0.01,False,0.995160051012034,51.87904405136321
15.5,800,0.009000000000000001,0.1,True,0.994925769655623,2.85883130671688
15.5,800,0.009000000000000001,0.1,False,0.995160051012034,51.87904405136321
15.5,800,0.01,0.0001,True,0.9943920256465362,2.892485827039799
15.5,800,0.01,0.0001,False,0.9946522955116893,70.65105470862797
15.5,800,0.01,0.001,True,0.9943920256465362,2.892485827039799
15.5,800,0.01,0.001,False,0.9946522955116893,70.65105470862797
15.5,800,0.01,0.01,True,0.9943920256465362,2.892485827039799
15.5,800,0.01,0.01,False,0.9946522955116893,70.65105470862797
15.5,800,0.01,0.1,True,0.9943920256465362,2.892485827039799
15.5,800,0.01,0.1,False,0.9946522955116893,70.65105470862797
15.5,800,0.01,0.0001,True,0.9943920256465362,2.892485827039799
15.5,800,0.01,0.0001,False,0.9946522955116893,70.65105470862797
15.5,800,0.01,0.001,True,0.9943920256465362,2.892485827039799
15.5,800,0.01,0.001,False,0.9946522955116893,70.65105470862797
15.5,800,0.01,0.01,True,0.9943920256465362,2.892485827039799
15.5,800,0.01,0.01,False,0.9946522955116893,70.65105470862797
15.5,800,0.01,0.1,True,0.9943920256465362,2.892485827039799
15.5,800,0.01,0.1,False,0.9946522955116893,70.65105470862797
15.5,800,0.02,0.0001,True,1.4555693945246146,3.668943688775812
15.5,800,0.02,0.0001,False,46.26482335570601,90.0
15.5,800,0.02,0.001,True,1.4555693945246146,3.668943688775812
15.5,800,0.02,0.001,False,46.26482335570601,90.0
15.5,800,0.02,0.01,True,1.4555693945246146,3.668943688775812
15.5,800,0.02,0.01,False,46.26482335570601,90.0
15.5,800,0.02,0.1,True,1.4555693945246146,3.668943688775812
15.5,800,0.02,0.1,False,46.26482335570601,90.0
15.5,800,0.03,0.0001,True,6.197733880847515,3.8997175424187134
15.5,800,0.03,0.0001,False,1000.0,90.0
15.5,800,0.03,0.001,True,6.197733880847515,3.8997175424187134
15.5,800,0.03,0.001,False,1000.0,90.0
15.5,800,0.03,0.01,True,6.197733880847515,3.8997175424187134
15.5,800,0.03,0.01,False,1000.0,90.0
15.5,800,0.03,0.1,True,6.197733880847515,3.8997175424187134
15.5,800,0.03,0.1,False,1000.0,90.0
15.5,800,0.04,0.0001,True,15.4443145546076,17.62595404555379
15.5,800,0.04,0.0001,False,1000.0,90.0
15.5,800,0.04,0.001,True,15.4443145546076,17.62595404555379
15.5,800,0.04,0.001,False,1000.0,90.0
15.5,800,0.04,0.01,True,15.4443145546076,17.62595404555379
15.5,800,0.04,0.01,False,1000.0,90.0
15.5,800,0.04,0.1,True,15.4443145546076,17.62595404555379
15.5,800,0.04,0.1,False,1000.0,90.0
15.5,800,0.05,0.0001,True,33.40006583554313,13.565776558023998
15.5,800,0.05,0.0001,False,1000.0,90.0
15.5,800,0.05,0.001,True,33.40006583554313,13.565776558023998
15.5,800,0.05,0.001,False,1000.0,90.0
15.5,800,0.05,0.01,True,33.40006583554313,13.565776558023998
15.5,800,0.05,0.01,False,1000.0,90.0
15.5,800,0.05,0.1,True,33.40006583554313,13.565776558023998
15.5,800,0.05,0.1,False,1000.0,90.0
15.5,800,0.06,0.0001,True,58.43607700824713,22.585188004567392
15.5,800,0.06,0.0001,False,1000.0,90.0
15.5,800,0.06,0.001,True,58.43607700824713,22.585188004567392
15.5,800,0.06,0.001,False,1000.0,90.0
15.5,800,0.06,0.01,True,58.43607700824713,22.585188004567392
15.5,800,0.06,0.01,False,1000.0,90.0
15.5,800,0.06,0.1,True,58.43607700824713,22.585188004567392
15.5,800,0.06,0.1,False,1000.0,90.0
15.5,800,0.07,0.0001,True,87.5168670023991,15.440814118872574
15.5,800,0.07,0.0001,False,1000.0,90.0
15.5,800,0.07,0.001,True,87.5168670023991,15.440814118872574
15.5,800,0.07,0.001,False,1000.0,90.0
15.5,800,0.07,0.01,True,87.5168670023991,15.440814118872574
15.5,800,0.07,0.01,False,1000.0,90.0
15.5,800,0.07,0.1,True,87.5168670023991,15.440814118872574
15.5,800,0.07,0.1,False,1000.0,90.0
15.5,800,0.08,0.0001,True,247.48794802565504,15.55379715138524
15.5,800,0.08,0.0001,False,1000.0,90.0
15.5,800,0.08,0.001,True,247.48794802565504,15.55379715138524
15.5,800,0.08,0.001,False,1000.0,90.0
15.5,800,0.08,0.01,True,247.48794802565504,15.55379715138524
15.5,800,0.08,0.01,False,1000.0,90.0
15.5,800,0.08,0.1,True,247.48794802565504,15.55379715138524
15.5,800,0.08,0.1,False,1000.0,90.0
15.5,800,0.09,0.0001,True,326.65248674139025,17.698070874817198
15.5,800,0.09,0.0001,False,1000.0,90.0
15.5,800,0.09,0.001,True,326.65248674139025,17.698070874817198
15.5,800,0.09,0.001,False,1000.0,90.0
15.5,800,0.09,0.01,True,326.65248674139025,17.698070874817198
15.5,800,0.09,0.01,False,1000.0,90.0
15.5,800,0.09,0.1,True,326.65248674139025,17.698070874817198
15.5,800,0.09,0.1,False,1000.0,90.0
15.5,800,0.1,0.0001,True,1000.0,25.164566597888573
15.5,800,0.1,0.0001,False,1000.0,90.0
15.5,800,0.1,0.001,True,1000.0,25.164566597888573
15.5,800,0.1,0.001,False,1000.0,90.0
15.5,800,0.1,0.01,True,1000.0,25.164566597888573
15.5,800,0.1,0.01,False,1000.0,90.0
15.5,800,0.1,0.1,True,1000.0,25.164566597888573
15.5,800,0.1,0.1,False,1000.0,90.0
15.5,1000,0.001,0.0001,True,0.9991985176785623,5.695426591077542
15.5,1000,0.001,0.0001,False,0.9991550470387206,6.921412688555456
15.5,1000,0.001,0.001,True,0.9991985176785623,5.695426591077542
15.5,1000,0.001,0.001,False,0.9991550470387206,6.921412688555456
15.5,1000,0.001,0.01,True,0.9991985176785623,5.695426591077542
15.5,1000,0.001,0.01,False,0.9991550470387206,6.921412688555456
15.5,1000,0.001,0.1,True,0.9991985176785623,5.695426591077542
15.5,1000,0.001,0.1,False,0.9991550470387206,6.921412688555456
15.5,1000,0.002,0.0001,True,0.9986638584497349,2.8564274124080953
15.5,1000,0.002,0.0001,False,0.9985769316140638,3.3083595424587813
15.5,1000,0.002,0.001,True,0.9986638584497349,2.8564274124080953
15.5,1000,0.002,0.001,False,0.9985769316140638,3.3083595424587813
15.5,1000,0.002,0.01,True,0.9986638584497349,2.8564274124080953
15.5,1000,0.002,0.01,False,0.9985769316140638,3.3083595424587813
15.5,1000,0.002,0.1,True,0.9986638584497349,2.8564274124080953
15.5,1000,0.002,0.1,False,0.9985769316140638,3.3083595424587813
15.5,1000,0.003,0.0001,True,0.9981292835032025,1.9886215669384377
15.5,1000,0.003,0.0001,False,0.9979989149280399,2.0222760872613605
15.5,1000,0.003,0.001,True,0.9981292835032025,1.9886215669384377
15.5,1000,0.003,0.001,False,0.9979989149280399,2.0222760872613605
15.5,1000,0.003,0.01,True,0.9981292835032025,1.9886215669384377
15.5,1000,0.003,0.01,False,0.9979989149280399,2.0222760872613605
15.5,1000,0.003,0.1,True,0.9981292835032025,1.9886215669384377
15.5,1000,0.003,0.1,False,0.9979989149280399,2.0222760872613605
15.5,1000,0.004,0.0001,True,0.9975947928861624,1.7602516076043173
15.5,1000,0.004,0.0001,False,0.997420997040179,1.8588112742643048
15.5,1000,0.004,0.001,True,0.9975947928861624,1.7602516076043173
15.5,1000,0.004,0.001,False,0.997420997040179,1.8588112742643048
15.5,1000,0.004,0.01,True,0.9975947928861624,1.7602516076043173
15.5,1000,0.004,0.01,False,0.997420997040179,1.8588112742643048
15.5,1000,0.004,0.1,True,0.9975947928861624,1.7602516076043173
15.5,1000,0.004,0.1,False,0.997420997040179,1.8588112742643048
15.5,1000,0.005,0.0001,True,0.9970603866458393,1.1833169734970639
15.5,1000,0.005,0.0001,False,0.9968431780099826,1.796310022236021
15.5,1000,0.005,0.001,True,0.9970603866458393,1.1833169734970639
15.5,1000,0.005,0.001,False,0.9968431780099826,1.796310022236021
15.5,1000,0.005,0.01,True,0.9970603866458393,1.1833169734970639
15.5,1000,0.005,0.01,False,0.9968431780099826,1.796310022236021
15.5,1000,0.005,0.1,True,0.9970603866458393,1.1833169734970639
15.5,1000,0.005,0.1,False,0.9968431780099826,1.796310022236021
15.5,1000,0.006,0.0001,True,0.9965260648295122,1.1208157214687766
15.5,1000,0.006,0.0001,False,0.9962654578970302,4.926180412267868
15.5,1000,0.006,0.001,True,0.9965260648295122,1.1208157214687766
15.5,1000,0.006,0.001,False,0.9962654578970302,4.926180412267868
15.5,1000,0.006,0.01,True,0.9965260648295122,1.1208157214687766
15.5,1000,0.006,0.01,False,0.9962654578970302,4.926180412267868
15.5,1000,0.006,0.1,True,0.9965260648295122,1.1208157214687766
15.5,1000,0.006,0.1,False,0.9962654578970302,4.926180412267868
15.5,1000,0.007,0.0001,True,0.9959918274843929,2.8900819327310217
15.5,1000,0.007,0.0001,False,0.9956878367608498,9.827720907870749
15.5,1000,0.007,0.001,True,0.9959918274843929,2.8900819327310217
15.5,1000,0.007,0.001,False,0.9956878367608498,9.827720907870749
15.5,1000,0.007,0.01,True,0.9959918274843929,2.8900819327310217
15.5,1000,0.007,0.01,False,0.9956878367608498,9.827720907870749
15.5,1000,0.007,0.1,True,0.9959918274843929,2.8900819327310217
15.5,1000,0.007,0.1,False,0.9956878367608498,9.827720907870749
15.5,1000,0.008,0.0001,True,0.9954576746577345,3.5607684448807078
15.5,1000,0.008,0.0001,False,0.9951103146610407,8.385384322602611
15.5,1000,0.008,0.001,True,0.9954576746577345,3.5607684448807078
15.5,1000,0.008,0.001,False,0.9951103146610407,8.385384322602611
15.5,1000,0.008,0.01,True,0.9954576746577345,3.5607684448807078
15.5,1000,0.008,0.01,False,0.9951103146610407,8.385384322602611
15.5,1000,0.008,0.1,True,0.9954576746577345,3.5607684448807078
15.5,1000,0.008,0.1,False,0.9951103146610407,8.385384322602611
15.5,1000,0.009000000000000001,0.0001,True,0.9949236063967781,3.594422965203627
15.5,1000,0.009000000000000001,0.0001,False,0.9945328916571744,12.87105110278651
15.5,1000,0.009000000000000001,0.001,True,0.9949236063967781,3.594422965203627
15.5,1000,0.009000000000000001,0.001,False,0.9945328916571744,12.87105110278651
15.5,1000,0.009000000000000001,0.01,True,0.9949236063967781,3.594422965203627
15.5,1000,0.009000000000000001,0.01,False,0.9945328916571744,12.87105110278651
15.5,1000,0.009000000000000001,0.1,True,0.9949236063967781,3.594422965203627
15.5,1000,0.009000000000000001,0.1,False,0.9945328916571744,12.87105110278651
15.5,1000,0.01,0.0001,True,0.9943896227488281,3.0319116969490523
15.5,1000,0.01,0.0001,False,0.9939555678088118,21.99383000460746
15.5,1000,0.01,0.001,True,0.9943896227488281,3.0319116969490523
15.5,1000,0.01,0.001,False,0.9939555678088118,21.99383000460746
15.5,1000,0.01,0.01,True,0.9943896227488281,3.0319116969490523
15.5,1000,0.01,0.01,False,0.9939555678088118,21.99383000460746
15.5,1000,0.01,0.1,True,0.9943896227488281,3.0319116969490523
15.5,1000,0.01,0.1,False,0.9939555678088118,21.99383000460746
15.5,1000,0.01,0.0001,True,0.9943896227488281,3.0319116969490523
15.5,1000,0.01,0.0001,False,0.9939555678088118,21.99383000460746
15.5,1000,0.01,0.001,True,0.9943896227488281,3.0319116969490523
15.5,1000,0.01,0.001,False,0.9939555678088118,21.99383000460746
15.5,1000,0.01,0.01,True,0.9943896227488281,3.0319116969490523
15.5,1000,0.01,0.01,False,0.9939555678088118,21.99383000460746
15.5,1000,0.01,0.1,True,0.9943896227488281,3.0319116969490523
15.5,1000,0.01,0.1,False,0.9939555678088118,21.99383000460746
15.5,1000,0.02,0.0001,True,1.68457649710077,3.914140908271399
15.5,1000,0.02,0.0001,False,10.777704125197744,67.4154129690098
15.5,1000,0.02,0.001,True,1.68457649710077,3.914140908271399
15.5,1000,0.02,0.001,False,10.777704125197744,67.4154129690098
15.5,1000,0.02,0.01,True,1.68457649710077,3.914140908271399
15.5,1000,0.02,0.01,False,10.777704125197744,67.4154129690098
15.5,1000,0.02,0.1,True,1.68457649710077,3.914140908271399
15.5,1000,0.02,0.1,False,10.777704125197744,67.4154129690098
15.5,1000,0.03,0.0001,True,8.027267826275809,4.387708087101103
15.5,1000,0.03,0.0001,False,50.11968607913425,76.19924277329272
15.5,1000,0.03,0.001,True,8.027267826275809,4.387708087101103
15.5,1000,0.03,0.001,False,50.11968607913425,76.19924277329272
15.5,1000,0.03,0.01,True,8.027267826275809,4.387708087101103
15.5,1000,0.03,0.01,False,50.11968607913425,76.19924277329272
15.5,1000,0.03,0.1,True,8.027267826275809,4.387708087101103
15.5,1000,0.03,0.1,False,50.11968607913425,76.19924277329272
15.5,1000,0.04,0.0001,True,19.462290968224572,22.789519020813714
15.5,1000,0.04,0.0001,False,117.28986526494295,90.0
15.5,1000,0.04,0.001,True,19.462290968224572,22.789519020813714
15.5,1000,0.04,0.001,False,117.28986526494295,90.0
15.5,1000,0.04,0.01,True,19.462290968224572,22.789519020813714
15.5,1000,0.04,0.01,False,117.28986526494295,90.0
15.5,1000,0.04,0.1,True,19.462290968224572,22.789519020813714
15.5,1000,0.04,0.1,False,117.28986526494295,90.0
15.5,1000,0.05,0.0001,True,39.28826501598132,16.34467837897393
15.5,1000,0.05,0.0001,False,228.63227728380738,85.50231374827219
15.5,1000,0.05,0.001,True,39.28826501598132,16.34467837897393
15.5,1000,0.05,0.001,False,228.63227728380738,85.50231374827219
15.5,1000,0.05,0.01,True,39.28826501598132,16.34467837897393
15.5,1000,0.05,0.01,False,228.63227728380738,85.50231374827219
15.5,1000,0.05,0.1,True,39.28826501598132,16.34467837897393
15.5,1000,0.05,0.1,False,228.63227728380738,85.50231374827219
15.5,1000,0.06,0.0001,True,67.91767957333632,13.770107574270313
15.5,1000,0.06,0.0001,False,1000.0,90.0
15.5,1000,0.06,0.001,True,67.91767957333632,13.770107574270313
15.5,1000,0.06,0.001,False,1000.0,90.0
15.5,1000,0.06,0.01,True,67.91767957333632,13.770107574270313
15.5,1000,0.06,0.01,False,1000.0,90.0
15.5,1000,0.06,0.1,True,67.91767957333632,13.770107574270313
15.5,1000,0.06,0.1,False,1000.0,90.0
15.5,1000,0.07,0.0001,True,101.47491757511173,23.981850597968702
15.5,1000,0.07,0.0001,False,1000.0,90.0
15.5,1000,0.07,0.001,True,101.47491757511173,23.981850597968702
15.5,1000,0.07,0.001,False,1000.0,90.0
15.5,1000,0.07,0.01,True,101.47491757511173,23.981850597968702
15.5,1000,0.07,0.01,False,1000.0,90.0
15.5,1000,0.07,0.1,True,101.47491757511173,23.981850597968702
15.5,1000,0.07,0.1,False,1000.0,90.0
15.5,1000,0.08,0.0001,True,191.56809147625933,17.753360443919142
15.5,1000,0.08,0.0001,False,1000.0,90.0
15.5,1000,0.08,0.001,True,191.56809147625933,17.753360443919142
15.5,1000,0.08,0.001,False,1000.0,90.0
15.5,1000,0.08,0.01,True,191.56809147625933,17.753360443919142
15.5,1000,0.08,0.01,False,1000.0,90.0
15.5,1000,0.08,0.1,True,191.56809147625933,17.753360443919142
15.5,1000,0.08,0.1,False,1000.0,90.0
15.5,1000,0.09,0.0001,True,624.9436771599712,52.58338508383581
15.5,1000,0.09,0.0001,False,1000.0,90.0
15.5,1000,0.09,0.001,True,624.9436771599712,52.58338508383581
15.5,1000,0.09,0.001,False,1000.0,90.0
15.5,1000,0.09,0.01,True,624.9436771599712,52.58338508383581
15.5,1000,0.09,0.01,False,1000.0,90.0
15.5,1000,0.09,0.1,True,624.9436771599712,52.58338508383581
15.5,1000,0.09,0.1,False,1000.0,90.0
15.5,1000,0.1,0.0001,True,1000.0,49.04244876700254
15.5,1000,0.1,0.0001,False,1000.0,90.0
15.5,1000,0.1,0.001,True,1000.0,49.04244876700254
15.5,1000,0.1,0.001,False,1000.0,90.0
15.5,1000,0.1,0.01,True,1000.0,49.04244876700254
15.5,1000,0.1,0.01,False,1000.0,90.0
15.5,1000,0.1,0.1,True,1000.0,49.04244876700254
15.5,1000,0.1,0.1,False,1000.0,90.0
