Perturb Freq,Filter Size,Mu,Psi,Is SVD,Overshoot,Convergence Time
13.0,200,0.004,0.0001,False,12.090351112783724,52.40068911636851
13.0,200,0.003,0.01,False,8.294467834028792,81.5623309761814
13.0,200,0.003,0.1,False,8.294467834028792,81.5623309761814
13.0,200,0.002,0.1,False,3.140427351019761,64.47304633506279
13.0,200,0.002,0.01,False,3.140427351019761,64.47304633506279
13.0,200,0.003,0.0001,False,8.294467834028792,81.5623309761814
13.0,200,0.001,0.1,False,3.259105017422025,16.36390953344418
13.0,200,0.004,0.01,False,12.090351112783724,52.40068911636851
13.0,200,0.002,0.0001,False,3.140427351019761,64.47304633506279
13.0,200,0.003,0.001,False,8.294467834028792,81.5623309761814
13.0,200,0.001,0.0001,False,3.259105017422025,16.36390953344418
13.0,200,0.001,0.001,False,3.259105017422025,16.36390953344418
13.0,200,0.002,0.001,False,3.140427351019761,64.47304633506279
13.0,200,0.004,0.001,False,12.090351112783724,52.40068911636851
13.0,200,0.001,0.01,False,3.259105017422025,16.36390953344418
13.0,200,0.003,0.1,True,41.553349832302715,90.0
13.0,200,0.004,0.01,True,208.331102268747,90.0
13.0,200,0.002,0.01,True,29.755630066129342,90.0
13.0,200,0.002,0.1,True,29.755630066129342,90.0
13.0,200,0.003,0.001,True,41.553349832302715,90.0
13.0,200,0.001,0.1,True,3.5435318044586728,90.0
13.0,200,0.001,0.001,True,3.5435318044586728,90.0
13.0,200,0.001,0.01,True,3.5435318044586728,90.0
13.0,200,0.002,0.001,True,29.755630066129342,90.0
13.0,200,0.004,0.0001,True,208.331102268747,90.0
13.0,200,0.004,0.001,True,208.331102268747,90.0
13.0,200,0.003,0.01,True,41.553349832302715,90.0
13.0,200,0.003,0.0001,True,41.553349832302715,90.0
13.0,200,0.002,0.0001,True,29.755630066129342,90.0
13.0,200,0.001,0.0001,True,3.5435318044586728,90.0
13.0,200,0.005,0.001,False,11.756264572516148,35.15995913379675
13.0,200,0.004,0.1,False,12.090351112783724,52.40068911636851
13.0,200,0.006,0.001,False,18.237854826157626,27.659808890402445
13.0,200,0.006,0.0001,False,18.237854826157626,27.659808890402445
13.0,200,0.005,0.1,False,11.756264572516148,35.15995913379675
13.0,200,0.005,0.0001,False,11.756264572516148,35.15995913379675
13.0,200,0.005,0.01,False,11.756264572516148,35.15995913379675
13.0,200,0.004,0.1,True,208.331102268747,90.0
13.0,200,0.006,0.01,False,18.237854826157626,27.659808890402445
13.0,200,0.007,0.001,False,26.34045619804512,33.03732045914381
13.0,200,0.006,0.001,True,1000.0,90.0
13.0,200,0.005,0.01,True,1000.0,90.0
13.0,200,0.006,0.1,False,18.237854826157626,27.659808890402445
13.0,200,0.008,0.0001,False,28.465933819302233,36.89557082473607
13.0,200,0.005,0.1,True,1000.0,90.0
13.0,200,0.005,0.001,True,1000.0,90.0
13.0,200,0.007,0.01,False,26.34045619804512,33.03732045914381
13.0,200,0.007,0.1,False,26.34045619804512,33.03732045914381
13.0,200,0.005,0.0001,True,1000.0,90.0
13.0,200,0.007,0.0001,False,26.34045619804512,33.03732045914381
13.0,200,0.008,0.001,False,28.465933819302233,36.89557082473607
13.0,200,0.006,0.0001,True,1000.0,90.0
13.0,200,0.008,0.0001,True,1000.0,90.0
13.0,200,0.006,0.01,True,1000.0,90.0
13.0,200,0.008,0.001,True,1000.0,90.0
13.0,200,0.006,0.1,True,1000.0,90.0
13.0,200,0.007,0.1,True,1000.0,90.0
13.0,200,0.007,0.01,True,1000.0,90.0
13.0,200,0.007,0.001,True,1000.0,90.0
13.0,200,0.007,0.0001,True,1000.0,90.0
13.0,200,0.009000000000000001,0.001,True,1000.0,90.0
13.0,200,0.009000000000000001,0.0001,True,1000.0,90.0
13.0,200,0.01,0.1,True,1000.0,90.0
13.0,200,0.01,0.0001,True,1000.0,90.0
13.0,200,0.009000000000000001,0.01,True,1000.0,90.0
13.0,200,0.01,0.01,True,1000.0,90.0
13.0,200,0.009000000000000001,0.0001,False,33.66849134934273,51.24922374246279
13.0,200,0.02,0.0001,True,1000.0,90.0
13.0,200,0.009000000000000001,0.1,True,1000.0,90.0
13.0,200,0.008,0.1,False,28.465933819302233,36.89557082473607
13.0,200,0.01,0.001,True,1000.0,90.0
13.0,200,0.01,0.001,True,1000.0,90.0
13.0,200,0.01,0.0001,True,1000.0,90.0
13.0,200,0.008,0.01,True,1000.0,90.0
13.0,200,0.008,0.01,False,28.465933819302233,36.89557082473607
13.0,200,0.008,0.1,True,1000.0,90.0
13.0,200,0.009000000000000001,0.001,False,33.66849134934273,51.24922374246279
13.0,200,0.01,0.01,True,1000.0,90.0
13.0,200,0.01,0.001,False,178.18971941911752,53.85985296179811
13.0,200,0.01,0.0001,False,178.18971941911752,53.85985296179811
13.0,200,0.009000000000000001,0.01,False,33.66849134934273,51.24922374246279
13.0,200,0.01,0.01,False,178.18971941911752,53.85985296179811
13.0,200,0.01,0.1,True,1000.0,90.0
13.0,200,0.02,0.001,True,1000.0,90.0
13.0,200,0.01,0.001,False,178.18971941911752,53.85985296179811
13.0,200,0.01,0.1,False,178.18971941911752,53.85985296179811
13.0,200,0.009000000000000001,0.1,False,33.66849134934273,51.24922374246279
13.0,200,0.01,0.0001,False,178.18971941911752,53.85985296179811
13.0,200,0.04,0.0001,False,1000.0,90.0
13.0,200,0.03,0.0001,True,1000.0,90.0
13.0,200,0.01,0.01,False,178.18971941911752,53.85985296179811
13.0,200,0.03,0.0001,False,1000.0,90.0
13.0,200,0.03,0.01,False,1000.0,90.0
13.0,200,0.03,0.001,False,1000.0,90.0
13.0,200,0.03,0.001,True,1000.0,90.0
13.0,200,0.03,0.1,False,1000.0,90.0
13.0,200,0.03,0.1,True,1000.0,90.0
13.0,200,0.02,0.01,True,1000.0,90.0
13.0,200,0.02,0.1,True,1000.0,90.0
13.0,200,0.03,0.01,True,1000.0,90.0
13.0,200,0.04,0.001,False,1000.0,90.0
13.0,200,0.04,0.0001,True,1000.0,90.0
13.0,200,0.04,0.01,False,1000.0,90.0
13.0,200,0.01,0.1,False,178.18971941911752,53.85985296179811
13.0,200,0.05,0.001,False,1000.0,90.0
13.0,200,0.05,0.0001,False,1000.0,90.0
13.0,200,0.04,0.1,False,1000.0,90.0
13.0,200,0.04,0.001,True,1000.0,90.0
13.0,200,0.05,0.01,False,1000.0,90.0
13.0,200,0.05,0.0001,True,1000.0,90.0
13.0,200,0.04,0.01,True,1000.0,90.0
13.0,200,0.02,0.0001,False,1000.0,90.0
13.0,200,0.04,0.1,True,1000.0,90.0
13.0,200,0.06,0.0001,False,1000.0,90.0
13.0,200,0.06,0.01,False,1000.0,90.0
13.0,200,0.05,0.001,True,1000.0,90.0
13.0,200,0.05,0.1,False,1000.0,90.0
13.0,200,0.06,0.001,False,1000.0,90.0
13.0,200,0.06,0.1,False,1000.0,90.0
13.0,200,0.07,0.001,False,1000.0,90.0
13.0,200,0.05,0.01,True,1000.0,90.0
13.0,200,0.07,0.0001,False,1000.0,90.0
13.0,200,0.06,0.0001,True,1000.0,90.0
13.0,200,0.05,0.1,True,1000.0,90.0
13.0,200,0.06,0.001,True,1000.0,90.0
13.0,200,0.02,0.001,False,1000.0,90.0
13.0,200,0.07,0.1,False,1000.0,90.0
13.0,200,0.06,0.01,True,1000.0,90.0
13.0,200,0.07,0.0001,True,1000.0,90.0
13.0,200,0.07,0.01,True,1000.0,90.0
13.0,200,0.07,0.01,False,1000.0,90.0
13.0,200,0.08,0.001,False,1000.0,90.0
13.0,200,0.06,0.1,True,1000.0,90.0
13.0,200,0.08,0.0001,False,1000.0,90.0
13.0,200,0.07,0.001,True,1000.0,90.0
13.0,200,0.08,0.01,False,1000.0,90.0
13.0,200,0.02,0.01,False,1000.0,90.0
13.0,200,0.07,0.1,True,1000.0,90.0
13.0,200,0.08,0.0001,True,1000.0,90.0
13.0,200,0.08,0.1,False,1000.0,90.0
13.0,200,0.02,0.1,False,1000.0,90.0
13.0,200,0.08,0.001,True,1000.0,90.0
13.0,200,0.08,0.1,True,1000.0,90.0
13.0,200,0.08,0.01,True,1000.0,90.0
13.0,200,0.09,0.001,False,1000.0,90.0
13.0,200,0.09,0.0001,False,1000.0,90.0
13.0,200,0.09,0.01,False,1000.0,90.0
13.0,200,0.09,0.001,True,1000.0,90.0
13.0,200,0.09,0.1,False,1000.0,90.0
13.0,200,0.09,0.0001,True,1000.0,90.0
13.0,200,0.1,0.001,False,1000.0,90.0
13.0,200,0.1,0.0001,False,1000.0,90.0
13.0,200,0.1,0.1,False,1000.0,90.0
13.0,200,0.09,0.01,True,1000.0,90.0
13.0,200,0.1,0.01,False,1000.0,90.0
13.0,200,0.1,0.0001,True,1000.0,90.0
13.0,200,0.1,0.001,True,1000.0,90.0
13.0,200,0.09,0.1,True,1000.0,90.0
13.0,200,0.1,0.0001,False,1000.0,90.0
13.0,200,0.1,0.01,True,1000.0,90.0
13.0,200,0.1,0.001,False,1000.0,90.0
13.0,200,0.1,0.01,False,1000.0,90.0
13.0,200,0.2,0.0001,False,1000.0,90.0
13.0,200,0.1,0.0001,True,1000.0,90.0
13.0,200,0.1,0.1,False,1000.0,90.0
13.0,200,0.2,0.001,False,1000.0,90.0
13.0,200,0.1,0.1,True,1000.0,90.0
13.0,200,0.2,0.1,False,1000.0,90.0
13.0,200,0.1,0.001,True,1000.0,90.0
13.0,200,0.2,0.01,False,1000.0,90.0
13.0,200,0.2,0.001,True,1000.0,90.0
13.0,200,0.2,0.0001,True,1000.0,90.0
13.0,200,0.1,0.01,True,1000.0,90.0
13.0,200,0.30000000000000004,0.0001,False,1000.0,90.0
13.0,200,0.1,0.1,True,1000.0,90.0
13.0,200,0.30000000000000004,0.001,False,1000.0,90.0
13.0,200,0.2,0.1,True,1000.0,90.0
13.0,200,0.30000000000000004,0.1,False,1000.0,90.0
13.0,200,0.2,0.01,True,1000.0,90.0
13.0,200,0.30000000000000004,0.01,False,1000.0,90.0
13.0,200,0.30000000000000004,0.0001,True,1000.0,90.0
13.0,200,0.4,0.0001,False,1000.0,90.0
13.0,200,0.30000000000000004,0.001,True,1000.0,90.0
13.0,200,0.30000000000000004,0.01,True,1000.0,90.0
13.0,200,0.4,0.01,False,1000.0,90.0
13.0,200,0.4,0.001,False,1000.0,90.0
13.0,200,0.4,0.1,False,1000.0,90.0
13.0,200,0.4,0.0001,True,1000.0,90.0
13.0,200,0.30000000000000004,0.1,True,1000.0,90.0
13.0,200,0.4,0.001,True,1000.0,90.0
13.0,200,0.4,0.1,True,1000.0,90.0
13.0,200,0.4,0.01,True,1000.0,90.0
13.0,400,0.001,0.0001,False,0.5599716942092857,13.837416614916158
13.0,400,0.001,0.1,False,0.5599716942092857,13.837416614916158
13.0,400,0.001,0.01,False,0.5599716942092857,13.837416614916158
13.0,400,0.002,0.001,False,0.5588264035882688,8.753180151845989
13.0,400,0.002,0.0001,False,0.5588264035882688,8.753180151845989
13.0,400,0.001,0.001,False,0.5599716942092857,13.837416614916158
13.0,400,0.002,0.01,False,0.5588264035882688,8.753180151845989
13.0,400,0.002,0.1,False,0.5588264035882688,8.753180151845989
13.0,400,0.003,0.001,False,0.5579733915594562,16.15717462288908
13.0,400,0.003,0.0001,False,0.5579733915594562,16.15717462288908
13.0,400,0.003,0.01,False,0.5579733915594562,16.15717462288908
13.0,400,0.004,0.0001,False,0.5571203043515479,16.661992427732926
13.0,400,0.004,0.001,False,0.5571203043515479,16.661992427732926
13.0,400,0.004,0.01,False,0.5571203043515479,16.661992427732926
13.0,400,0.003,0.1,False,0.5579733915594562,16.15717462288908
13.0,400,0.001,0.01,True,0.5628078902073048,27.296820849776637
13.0,400,0.002,0.0001,True,0.5621047137151571,89.73797552034294
13.0,400,0.002,0.01,True,0.5621047137151571,89.73797552034294
13.0,400,0.001,0.1,True,0.5628078902073048,27.296820849776637
13.0,400,0.002,0.001,True,0.5621047137151571,89.73797552034294
13.0,400,0.001,0.0001,True,0.5628078902073048,27.296820849776637
13.0,400,0.001,0.001,True,0.5628078902073048,27.296820849776637
13.0,400,0.003,0.0001,True,1000.0,90.0
13.0,400,0.002,0.1,True,0.5621047137151571,89.73797552034294
13.0,400,0.004,0.001,True,1000.0,90.0
13.0,400,0.003,0.001,True,1000.0,90.0
13.0,400,0.003,0.01,True,1000.0,90.0
13.0,400,0.004,0.0001,True,1000.0,90.0
13.0,400,0.004,0.01,True,1000.0,90.0
13.0,400,0.003,0.1,True,1000.0,90.0
13.0,400,0.004,0.1,False,0.5571203043515479,16.661992427732926
13.0,400,0.005,0.001,False,0.5626212700240086,19.654840842164305
13.0,400,0.005,0.0001,False,0.5626212700240086,19.654840842164305
13.0,400,0.005,0.01,False,0.5626212700240086,19.654840842164305
13.0,400,0.005,0.1,False,0.5626212700240086,19.654840842164305
13.0,400,0.006,0.0001,False,0.9016528582254959,52.114625693623665
13.0,400,0.006,0.001,False,0.9016528582254959,52.114625693623665
13.0,400,0.005,0.0001,True,1000.0,90.0
13.0,400,0.006,0.0001,True,1000.0,90.0
13.0,400,0.007,0.01,False,16.9772621296028,57.17482321360603
13.0,400,0.006,0.01,False,0.9016528582254959,52.114625693623665
13.0,400,0.005,0.001,True,1000.0,90.0
13.0,400,0.006,0.1,False,0.9016528582254959,52.114625693623665
13.0,400,0.004,0.1,True,1000.0,90.0
13.0,400,0.007,0.001,False,16.9772621296028,57.17482321360603
13.0,400,0.006,0.01,True,1000.0,90.0
13.0,400,0.007,0.0001,False,16.9772621296028,57.17482321360603
13.0,400,0.006,0.001,True,1000.0,90.0
13.0,400,0.006,0.1,True,1000.0,90.0
13.0,400,0.005,0.01,True,1000.0,90.0
13.0,400,0.005,0.1,True,1000.0,90.0
13.0,400,0.008,0.0001,False,1000.0,89.98076884552975
13.0,400,0.008,0.001,False,1000.0,89.98076884552975
13.0,400,0.007,0.1,False,16.9772621296028,57.17482321360603
13.0,400,0.007,0.01,True,1000.0,90.0
13.0,400,0.007,0.001,True,1000.0,90.0
13.0,400,0.007,0.0001,True,1000.0,90.0
13.0,400,0.008,0.01,False,1000.0,89.98076884552975
13.0,400,0.008,0.001,True,1000.0,90.0
13.0,400,0.007,0.1,True,1000.0,90.0
13.0,400,0.008,0.0001,True,1000.0,90.0
13.0,400,0.009000000000000001,0.0001,True,1000.0,90.0
13.0,400,0.008,0.1,False,1000.0,89.98076884552975
13.0,400,0.009000000000000001,0.0001,False,1000.0,90.0
13.0,400,0.009000000000000001,0.001,True,1000.0,90.0
13.0,400,0.009000000000000001,0.001,False,1000.0,90.0
13.0,400,0.009000000000000001,0.1,True,1000.0,90.0
13.0,400,0.009000000000000001,0.1,False,1000.0,90.0
13.0,400,0.008,0.01,True,1000.0,90.0
13.0,400,0.009000000000000001,0.01,True,1000.0,90.0
13.0,400,0.009000000000000001,0.01,False,1000.0,90.0
13.0,400,0.01,0.0001,False,1000.0,90.0
13.0,400,0.01,0.001,False,1000.0,90.0
13.0,400,0.02,0.0001,False,1000.0,90.0
13.0,400,0.008,0.1,True,1000.0,90.0
13.0,400,0.01,0.01,False,1000.0,90.0
13.0,400,0.02,0.001,False,1000.0,90.0
13.0,400,0.02,0.01,False,1000.0,90.0
13.0,400,0.01,0.1,False,1000.0,90.0
13.0,400,0.02,0.0001,True,1000.0,90.0
13.0,400,0.01,0.0001,False,1000.0,90.0
13.0,400,0.02,0.001,True,1000.0,90.0
13.0,400,0.03,0.001,False,1000.0,90.0
13.0,400,0.03,0.0001,False,1000.0,90.0
13.0,400,0.01,0.001,False,1000.0,90.0
13.0,400,0.01,0.0001,True,1000.0,90.0
13.0,400,0.02,0.01,True,1000.0,90.0
13.0,400,0.03,0.1,False,1000.0,90.0
13.0,400,0.02,0.1,False,1000.0,90.0
13.0,400,0.03,0.01,False,1000.0,90.0
13.0,400,0.01,0.001,True,1000.0,90.0
13.0,400,0.04,0.001,False,1000.0,90.0
13.0,400,0.01,0.1,True,1000.0,90.0
13.0,400,0.03,0.0001,True,1000.0,90.0
13.0,400,0.04,0.0001,False,1000.0,90.0
13.0,400,0.02,0.1,True,1000.0,90.0
13.0,400,0.01,0.01,False,1000.0,90.0
13.0,400,0.01,0.01,True,1000.0,90.0
13.0,400,0.04,0.01,False,1000.0,90.0
13.0,400,0.01,0.0001,True,1000.0,90.0
13.0,400,0.03,0.001,True,1000.0,90.0
13.0,400,0.05,0.0001,False,1000.0,90.0
13.0,400,0.01,0.1,False,1000.0,90.0
13.0,400,0.04,0.1,False,1000.0,90.0
13.0,400,0.05,0.01,False,1000.0,90.0
13.0,400,0.05,0.001,False,1000.0,90.0
13.0,400,0.03,0.01,True,1000.0,90.0
13.0,400,0.03,0.1,True,1000.0,90.0
13.0,400,0.04,0.0001,True,1000.0,90.0
13.0,400,0.05,0.1,False,1000.0,90.0
13.0,400,0.06,0.0001,False,1000.0,90.0
13.0,400,0.06,0.001,False,1000.0,90.0
13.0,400,0.04,0.001,True,1000.0,90.0
13.0,400,0.01,0.001,True,1000.0,90.0
13.0,400,0.04,0.01,True,1000.0,90.0
13.0,400,0.06,0.01,False,1000.0,90.0
13.0,400,0.04,0.1,True,1000.0,90.0
13.0,400,0.06,0.1,False,1000.0,90.0
13.0,400,0.01,0.01,True,1000.0,90.0
13.0,400,0.05,0.0001,True,1000.0,90.0
13.0,400,0.07,0.0001,False,1000.0,90.0
13.0,400,0.07,0.001,False,1000.0,90.0
13.0,400,0.05,0.01,True,1000.0,90.0
13.0,400,0.05,0.1,True,1000.0,90.0
13.0,400,0.07,0.01,False,1000.0,90.0
13.0,400,0.05,0.001,True,1000.0,90.0
13.0,400,0.06,0.0001,True,1000.0,90.0
13.0,400,0.06,0.01,True,1000.0,90.0
13.0,400,0.07,0.1,False,1000.0,90.0
13.0,400,0.06,0.001,True,1000.0,90.0
13.0,400,0.01,0.1,True,1000.0,90.0
13.0,400,0.06,0.1,True,1000.0,90.0
13.0,400,0.08,0.01,False,1000.0,90.0
13.0,400,0.07,0.0001,True,1000.0,90.0
13.0,400,0.08,0.0001,False,1000.0,90.0
13.0,400,0.08,0.001,False,1000.0,90.0
13.0,400,0.08,0.1,False,1000.0,90.0
13.0,400,0.07,0.001,True,1000.0,90.0
13.0,400,0.07,0.01,True,1000.0,90.0
13.0,400,0.07,0.1,True,1000.0,90.0
13.0,400,0.09,0.0001,False,1000.0,90.0
13.0,400,0.09,0.01,False,1000.0,90.0
13.0,400,0.09,0.001,False,1000.0,90.0
13.0,400,0.09,0.1,False,1000.0,90.0
13.0,400,0.08,0.0001,True,1000.0,90.0
13.0,400,0.1,0.0001,False,1000.0,90.0
13.0,400,0.08,0.01,True,1000.0,90.0
13.0,400,0.1,0.001,False,1000.0,90.0
13.0,400,0.08,0.001,True,1000.0,90.0
13.0,400,0.08,0.1,True,1000.0,90.0
13.0,400,0.1,0.01,False,1000.0,90.0
13.0,400,0.1,0.1,False,1000.0,90.0
13.0,400,0.09,0.01,True,1000.0,90.0
13.0,400,0.1,0.0001,True,1000.0,90.0
13.0,400,0.09,0.001,True,1000.0,90.0
13.0,400,0.09,0.0001,True,1000.0,90.0
13.0,400,0.1,0.01,False,1000.0,90.0
13.0,400,0.1,0.001,False,1000.0,90.0
13.0,400,0.1,0.1,False,1000.0,90.0
13.0,400,0.09,0.1,True,1000.0,90.0
13.0,400,0.2,0.0001,False,1000.0,90.0
13.0,400,0.1,0.0001,False,1000.0,90.0
13.0,400,0.2,0.001,False,1000.0,90.0
13.0,400,0.1,0.001,True,1000.0,90.0
13.0,400,0.1,0.1,True,1000.0,90.0
13.0,400,0.1,0.001,True,1000.0,90.0
13.0,400,0.2,0.1,False,1000.0,90.0
13.0,400,0.1,0.01,True,1000.0,90.0
13.0,400,0.2,0.01,False,1000.0,90.0
13.0,400,0.1,0.0001,True,1000.0,90.0
13.0,400,0.1,0.01,True,1000.0,90.0
13.0,400,0.2,0.0001,True,1000.0,90.0
13.0,400,0.30000000000000004,0.0001,False,1000.0,90.0
13.0,400,0.30000000000000004,0.01,False,1000.0,90.0
13.0,400,0.1,0.1,True,1000.0,90.0
13.0,400,0.30000000000000004,0.1,False,1000.0,90.0
13.0,400,0.30000000000000004,0.001,False,1000.0,90.0
13.0,400,0.2,0.001,True,1000.0,90.0
13.0,400,0.2,0.01,True,1000.0,90.0
13.0,400,0.4,0.0001,False,1000.0,90.0
13.0,400,0.2,0.1,True,1000.0,90.0
13.0,400,0.30000000000000004,0.0001,True,1000.0,90.0
13.0,400,0.4,0.1,False,1000.0,90.0
13.0,400,0.4,0.001,False,1000.0,90.0
13.0,400,0.4,0.01,False,1000.0,90.0
13.0,400,0.30000000000000004,0.001,True,1000.0,90.0
13.0,400,0.30000000000000004,0.1,True,1000.0,90.0
13.0,400,0.4,0.1,True,1000.0,90.0
13.0,400,0.4,0.0001,True,1000.0,90.0
13.0,400,0.30000000000000004,0.01,True,1000.0,90.0
13.0,400,0.4,0.01,True,1000.0,90.0
13.0,400,0.4,0.001,True,1000.0,90.0
13.0,600,0.002,0.0001,False,0.871200017979373,89.7067248943288
13.0,600,0.001,0.0001,False,0.9983587607161987,90.0
13.0,600,0.001,0.001,False,0.9983587607161987,90.0
13.0,600,0.001,0.01,False,0.9983587607161987,90.0
13.0,600,0.002,0.001,False,0.871200017979373,89.7067248943288
13.0,600,0.002,0.01,False,0.871200017979373,89.7067248943288
13.0,600,0.001,0.1,False,0.9983587607161987,90.0
13.0,600,0.002,0.1,False,0.871200017979373,89.7067248943288
13.0,600,0.003,0.01,False,1.1832947614620202,89.78605340651855
13.0,600,0.003,0.0001,False,1.1832947614620202,89.78605340651855
13.0,600,0.003,0.001,False,1.1832947614620202,89.78605340651855
13.0,600,0.003,0.1,False,1.1832947614620202,89.78605340651855
13.0,600,0.004,0.001,False,1000.0,90.0
13.0,600,0.004,0.0001,False,1000.0,90.0
13.0,600,0.004,0.01,False,1000.0,90.0
13.0,600,0.001,0.01,True,0.5632136853811918,89.99519221138243
13.0,600,0.001,0.0001,True,0.5632136853811918,89.99519221138243
13.0,600,0.001,0.1,True,0.5632136853811918,89.99519221138243
13.0,600,0.001,0.001,True,0.5632136853811918,89.99519221138243
13.0,600,0.003,0.001,True,512.2230877210837,90.0
13.0,600,0.002,0.01,True,65.45972303285832,90.0
13.0,600,0.002,0.0001,True,65.45972303285832,90.0
13.0,600,0.002,0.001,True,65.45972303285832,90.0
13.0,600,0.002,0.1,True,65.45972303285832,90.0
13.0,600,0.003,0.1,True,512.2230877210837,90.0
13.0,600,0.003,0.01,True,512.2230877210837,90.0
13.0,600,0.003,0.0001,True,512.2230877210837,90.0
13.0,600,0.004,0.0001,True,1000.0,90.0
13.0,600,0.004,0.01,True,1000.0,90.0
13.0,600,0.004,0.001,True,1000.0,90.0
13.0,600,0.005,0.0001,False,10.65144463589812,89.87018970732586
13.0,600,0.005,0.001,False,10.65144463589812,89.87018970732586
13.0,600,0.004,0.1,False,1000.0,90.0
13.0,600,0.005,0.01,False,10.65144463589812,89.87018970732586
13.0,600,0.005,0.1,False,10.65144463589812,89.87018970732586
13.0,600,0.006,0.001,False,1000.0,89.99759610569122
13.0,600,0.006,0.0001,False,1000.0,89.99759610569122
13.0,600,0.006,0.01,False,1000.0,89.99759610569122
13.0,600,0.006,0.1,False,1000.0,89.99759610569122
13.0,600,0.004,0.1,True,1000.0,90.0
13.0,600,0.005,0.1,True,1000.0,90.0
13.0,600,0.005,0.0001,True,1000.0,90.0
13.0,600,0.007,0.0001,False,1000.0,90.0
13.0,600,0.005,0.001,True,1000.0,90.0
13.0,600,0.005,0.01,True,1000.0,90.0
13.0,600,0.007,0.001,False,1000.0,90.0
13.0,600,0.006,0.0001,True,1000.0,90.0
13.0,600,0.007,0.01,False,1000.0,90.0
13.0,600,0.007,0.1,False,1000.0,90.0
13.0,600,0.006,0.001,True,1000.0,90.0
13.0,600,0.008,0.0001,False,1000.0,90.0
13.0,600,0.008,0.001,False,1000.0,90.0
13.0,600,0.008,0.001,True,1000.0,90.0
13.0,600,0.006,0.01,True,1000.0,90.0
13.0,600,0.007,0.001,True,1000.0,90.0
13.0,600,0.007,0.0001,True,1000.0,90.0
13.0,600,0.008,0.1,False,1000.0,90.0
13.0,600,0.008,0.0001,True,1000.0,90.0
13.0,600,0.008,0.01,False,1000.0,90.0
13.0,600,0.006,0.1,True,1000.0,90.0
13.0,600,0.007,0.1,True,1000.0,90.0
13.0,600,0.008,0.01,True,1000.0,90.0
13.0,600,0.007,0.01,True,1000.0,90.0
13.0,600,0.009000000000000001,0.0001,False,1000.0,90.0
13.0,600,0.009000000000000001,0.0001,True,1000.0,90.0
13.0,600,0.008,0.1,True,1000.0,90.0
13.0,600,0.009000000000000001,0.001,False,1000.0,90.0
13.0,600,0.009000000000000001,0.001,True,1000.0,90.0
13.0,600,0.01,0.0001,False,1000.0,90.0
13.0,600,0.009000000000000001,0.01,False,1000.0,90.0
13.0,600,0.02,0.0001,False,1000.0,90.0
13.0,600,0.009000000000000001,0.1,False,1000.0,90.0
13.0,600,0.009000000000000001,0.01,True,1000.0,90.0
13.0,600,0.02,0.01,False,1000.0,90.0
13.0,600,0.01,0.0001,True,1000.0,90.0
13.0,600,0.009000000000000001,0.1,True,1000.0,90.0
13.0,600,0.02,0.1,False,1000.0,90.0
13.0,600,0.02,0.001,False,1000.0,90.0
13.0,600,0.01,0.001,False,1000.0,90.0
13.0,600,0.01,0.01,True,1000.0,90.0
13.0,600,0.01,0.01,False,1000.0,90.0
13.0,600,0.01,0.001,True,1000.0,90.0
13.0,600,0.03,0.0001,False,1000.0,90.0
13.0,600,0.03,0.001,False,1000.0,90.0
13.0,600,0.01,0.1,False,1000.0,90.0
13.0,600,0.03,0.01,False,1000.0,90.0
13.0,600,0.04,0.0001,False,1000.0,90.0
13.0,600,0.03,0.1,False,1000.0,90.0
13.0,600,0.01,0.1,True,1000.0,90.0
13.0,600,0.02,0.0001,True,1000.0,90.0
13.0,600,0.01,0.0001,True,1000.0,90.0
13.0,600,0.04,0.001,False,1000.0,90.0
13.0,600,0.01,0.0001,False,1000.0,90.0
13.0,600,0.01,0.001,True,1000.0,90.0
13.0,600,0.01,0.01,False,1000.0,90.0
13.0,600,0.01,0.001,False,1000.0,90.0
13.0,600,0.04,0.01,False,1000.0,90.0
13.0,600,0.02,0.001,True,1000.0,90.0
13.0,600,0.04,0.1,False,1000.0,90.0
13.0,600,0.05,0.0001,False,1000.0,90.0
13.0,600,0.01,0.1,False,1000.0,90.0
13.0,600,0.03,0.0001,True,1000.0,90.0
13.0,600,0.02,0.01,True,1000.0,90.0
13.0,600,0.05,0.001,False,1000.0,90.0
13.0,600,0.02,0.1,True,1000.0,90.0
13.0,600,0.01,0.1,True,1000.0,90.0
13.0,600,0.03,0.01,True,1000.0,90.0
13.0,600,0.03,0.1,True,1000.0,90.0
13.0,600,0.04,0.0001,True,1000.0,90.0
13.0,600,0.03,0.001,True,1000.0,90.0
13.0,600,0.06,0.0001,False,1000.0,90.0
13.0,600,0.01,0.01,True,1000.0,90.0
13.0,600,0.05,0.01,False,1000.0,90.0
13.0,600,0.05,0.1,False,1000.0,90.0
13.0,600,0.06,0.01,False,1000.0,90.0
13.0,600,0.06,0.001,False,1000.0,90.0
13.0,600,0.04,0.001,True,1000.0,90.0
13.0,600,0.05,0.0001,True,1000.0,90.0
13.0,600,0.05,0.001,True,1000.0,90.0
13.0,600,0.06,0.1,False,1000.0,90.0
13.0,600,0.07,0.0001,False,1000.0,90.0
13.0,600,0.04,0.01,True,1000.0,90.0
13.0,600,0.07,0.01,False,1000.0,90.0
13.0,600,0.04,0.1,True,1000.0,90.0
13.0,600,0.07,0.001,False,1000.0,90.0
13.0,600,0.07,0.1,False,1000.0,90.0
13.0,600,0.05,0.01,True,1000.0,90.0
13.0,600,0.05,0.1,True,1000.0,90.0
13.0,600,0.08,0.01,False,1000.0,90.0
13.0,600,0.08,0.1,False,1000.0,90.0
13.0,600,0.06,0.001,True,1000.0,90.0
13.0,600,0.06,0.0001,True,1000.0,90.0
13.0,600,0.08,0.0001,False,1000.0,90.0
13.0,600,0.08,0.001,False,1000.0,90.0
13.0,600,0.06,0.01,True,1000.0,90.0
13.0,600,0.09,0.1,False,1000.0,90.0
13.0,600,0.09,0.0001,False,1000.0,90.0
13.0,600,0.1,0.0001,False,1000.0,90.0
13.0,600,0.06,0.1,True,1000.0,90.0
13.0,600,0.07,0.001,True,1000.0,90.0
13.0,600,0.07,0.0001,True,1000.0,90.0
13.0,600,0.09,0.001,False,1000.0,90.0
13.0,600,0.07,0.01,True,1000.0,90.0
13.0,600,0.07,0.1,True,1000.0,90.0
13.0,600,0.09,0.01,False,1000.0,90.0
13.0,600,0.08,0.0001,True,1000.0,90.0
13.0,600,0.1,0.001,False,1000.0,90.0
13.0,600,0.09,0.0001,True,1000.0,90.0
13.0,600,0.1,0.01,False,1000.0,90.0
13.0,600,0.08,0.1,True,1000.0,90.0
13.0,600,0.08,0.01,True,1000.0,90.0
13.0,600,0.08,0.001,True,1000.0,90.0
13.0,600,0.1,0.0001,False,1000.0,90.0
13.0,600,0.09,0.001,True,1000.0,90.0
13.0,600,0.1,0.1,False,1000.0,90.0
13.0,600,0.1,0.001,False,1000.0,90.0
13.0,600,0.09,0.01,True,1000.0,90.0
13.0,600,0.2,0.001,False,1000.0,90.0
13.0,600,0.09,0.1,True,1000.0,90.0
13.0,600,0.1,0.0001,True,1000.0,90.0
13.0,600,0.1,0.1,False,1000.0,90.0
13.0,600,0.2,0.0001,False,1000.0,90.0
13.0,600,0.2,0.01,False,1000.0,90.0
13.0,600,0.1,0.01,False,1000.0,90.0
13.0,600,0.1,0.1,True,1000.0,90.0
13.0,600,0.2,0.1,False,1000.0,90.0
13.0,600,0.30000000000000004,0.01,False,1000.0,90.0
13.0,600,0.1,0.001,True,1000.0,90.0
13.0,600,0.30000000000000004,0.001,False,1000.0,90.0
13.0,600,0.30000000000000004,0.0001,False,1000.0,90.0
13.0,600,0.1,0.01,True,1000.0,90.0
13.0,600,0.1,0.001,True,1000.0,90.0
13.0,600,0.2,0.0001,True,1000.0,90.0
13.0,600,0.1,0.0001,True,1000.0,90.0
13.0,600,0.30000000000000004,0.1,False,1000.0,90.0
13.0,600,0.4,0.001,False,1000.0,90.0
13.0,600,0.1,0.01,True,1000.0,90.0
13.0,600,0.1,0.1,True,1000.0,90.0
13.0,600,0.30000000000000004,0.0001,True,1000.0,90.0
13.0,600,0.4,0.0001,False,1000.0,90.0
13.0,600,0.2,0.001,True,1000.0,90.0
13.0,600,0.4,0.01,False,1000.0,90.0
13.0,600,0.2,0.1,True,1000.0,90.0
13.0,600,0.2,0.01,True,1000.0,90.0
13.0,600,0.30000000000000004,0.001,True,1000.0,90.0
13.0,600,0.30000000000000004,0.1,True,1000.0,90.0
13.0,600,0.4,0.1,False,1000.0,90.0
13.0,600,0.30000000000000004,0.01,True,1000.0,90.0
13.0,600,0.4,0.0001,True,1000.0,90.0
13.0,600,0.4,0.001,True,1000.0,90.0
13.0,600,0.4,0.01,True,1000.0,90.0
13.0,600,0.4,0.1,True,1000.0,90.0
13.0,800,0.001,0.01,False,0.5641335005815097,11.868627176025157
13.0,800,0.001,0.001,False,0.5641335005815097,11.868627176025157
13.0,800,0.001,0.0001,False,0.5641335005815097,11.868627176025157
13.0,800,0.002,0.0001,False,0.56475575164691,6.445441615416975
13.0,800,0.001,0.1,False,0.5641335005815097,11.868627176025157
13.0,800,0.002,0.1,False,0.56475575164691,6.445441615416975
13.0,800,0.002,0.01,False,0.56475575164691,6.445441615416975
13.0,800,0.003,0.0001,False,0.5653783745189692,26.33045533764698
13.0,800,0.003,0.1,False,0.5653783745189692,26.33045533764698
13.0,800,0.003,0.001,False,0.5653783745189692,26.33045533764698
13.0,800,0.004,0.0001,False,257.9339338222042,90.0
13.0,800,0.002,0.001,False,0.56475575164691,6.445441615416975
13.0,800,0.004,0.001,False,257.9339338222042,90.0
13.0,800,0.003,0.01,False,0.5653783745189692,26.33045533764698
13.0,800,0.004,0.01,False,257.9339338222042,90.0
13.0,800,0.001,0.0001,True,0.5630517831264588,19.263006069833125
13.0,800,0.001,0.01,True,0.5630517831264588,19.263006069833125
13.0,800,0.002,0.0001,True,0.5625921664524072,69.60536068430858
13.0,800,0.001,0.001,True,0.5630517831264588,19.263006069833125
13.0,800,0.003,0.01,True,1000.0,90.0
13.0,800,0.001,0.1,True,0.5630517831264588,19.263006069833125
13.0,800,0.003,0.0001,True,1000.0,90.0
13.0,800,0.002,0.1,True,0.5625921664524072,69.60536068430858
13.0,800,0.002,0.001,True,0.5625921664524072,69.60536068430858
13.0,800,0.002,0.01,True,0.5625921664524072,69.60536068430858
13.0,800,0.003,0.1,True,1000.0,90.0
13.0,800,0.004,0.001,True,1000.0,90.0
13.0,800,0.003,0.001,True,1000.0,90.0
13.0,800,0.004,0.0001,True,1000.0,90.0
13.0,800,0.004,0.1,False,257.9339338222042,90.0
13.0,800,0.004,0.01,True,1000.0,90.0
13.0,800,0.005,0.0001,False,1000.0,90.0
13.0,800,0.005,0.001,False,1000.0,90.0
13.0,800,0.005,0.01,False,1000.0,90.0
13.0,800,0.005,0.1,False,1000.0,90.0
13.0,800,0.006,0.0001,False,1000.0,90.0
13.0,800,0.006,0.001,False,1000.0,90.0
13.0,800,0.006,0.01,False,1000.0,90.0
13.0,800,0.004,0.1,True,1000.0,90.0
13.0,800,0.006,0.1,False,1000.0,90.0
13.0,800,0.007,0.0001,False,1000.0,90.0
13.0,800,0.007,0.1,False,1000.0,90.0
13.0,800,0.005,0.1,True,1000.0,90.0
13.0,800,0.005,0.0001,True,1000.0,90.0
13.0,800,0.005,0.001,True,1000.0,90.0
13.0,800,0.007,0.001,False,1000.0,90.0
13.0,800,0.005,0.01,True,1000.0,90.0
13.0,800,0.008,0.0001,False,1000.0,90.0
13.0,800,0.007,0.01,False,1000.0,90.0
13.0,800,0.008,0.001,False,1000.0,90.0
13.0,800,0.006,0.001,True,1000.0,90.0
13.0,800,0.006,0.0001,True,1000.0,90.0
13.0,800,0.008,0.01,False,1000.0,90.0
13.0,800,0.008,0.1,False,1000.0,90.0
13.0,800,0.006,0.01,True,1000.0,90.0
13.0,800,0.009000000000000001,0.0001,False,1000.0,90.0
13.0,800,0.007,0.001,True,1000.0,90.0
13.0,800,0.007,0.0001,True,1000.0,90.0
13.0,800,0.006,0.1,True,1000.0,90.0
13.0,800,0.007,0.01,True,1000.0,90.0
13.0,800,0.008,0.0001,True,1000.0,90.0
13.0,800,0.008,0.001,True,1000.0,90.0
13.0,800,0.007,0.1,True,1000.0,90.0
13.0,800,0.008,0.01,True,1000.0,90.0
13.0,800,0.01,0.001,False,1000.0,90.0
13.0,800,0.009000000000000001,0.001,False,1000.0,90.0
13.0,800,0.01,0.0001,False,1000.0,90.0
13.0,800,0.009000000000000001,0.0001,True,1000.0,90.0
13.0,800,0.009000000000000001,0.01,False,1000.0,90.0
13.0,800,0.008,0.1,True,1000.0,90.0
13.0,800,0.01,0.01,False,1000.0,90.0
13.0,800,0.009000000000000001,0.1,False,1000.0,90.0
13.0,800,0.01,0.1,False,1000.0,90.0
13.0,800,0.01,0.0001,False,1000.0,90.0
13.0,800,0.02,0.0001,False,1000.0,90.0
13.0,800,0.01,0.001,False,1000.0,90.0
13.0,800,0.02,0.01,False,1000.0,90.0
13.0,800,0.009000000000000001,0.001,True,1000.0,90.0
13.0,800,0.02,0.001,False,1000.0,90.0
13.0,800,0.03,0.0001,False,1000.0,90.0
13.0,800,0.02,0.1,False,1000.0,90.0
13.0,800,0.03,0.001,False,1000.0,90.0
13.0,800,0.01,0.01,False,1000.0,90.0
13.0,800,0.02,0.0001,True,1000.0,90.0
13.0,800,0.01,0.1,False,1000.0,90.0
13.0,800,0.03,0.01,False,1000.0,90.0
13.0,800,0.01,0.0001,True,1000.0,90.0
13.0,800,0.04,0.0001,False,1000.0,90.0
13.0,800,0.02,0.001,True,1000.0,90.0
13.0,800,0.009000000000000001,0.01,True,1000.0,90.0
13.0,800,0.04,0.001,False,1000.0,90.0
13.0,800,0.03,0.1,False,1000.0,90.0
13.0,800,0.02,0.01,True,1000.0,90.0
13.0,800,0.009000000000000001,0.1,True,1000.0,90.0
13.0,800,0.04,0.01,False,1000.0,90.0
13.0,800,0.03,0.0001,True,1000.0,90.0
13.0,800,0.02,0.1,True,1000.0,90.0
13.0,800,0.04,0.1,False,1000.0,90.0
13.0,800,0.01,0.001,True,1000.0,90.0
13.0,800,0.01,0.01,True,1000.0,90.0
13.0,800,0.03,0.001,True,1000.0,90.0
13.0,800,0.01,0.1,True,1000.0,90.0
13.0,800,0.05,0.0001,False,1000.0,90.0
13.0,800,0.03,0.01,True,1000.0,90.0
13.0,800,0.05,0.001,False,1000.0,90.0
13.0,800,0.03,0.1,True,1000.0,90.0
13.0,800,0.04,0.0001,True,1000.0,90.0
13.0,800,0.01,0.0001,True,1000.0,90.0
13.0,800,0.06,0.0001,False,1000.0,90.0
13.0,800,0.05,0.1,False,1000.0,90.0
13.0,800,0.05,0.01,False,1000.0,90.0
13.0,800,0.04,0.01,True,1000.0,90.0
13.0,800,0.07,0.001,False,1000.0,90.0
13.0,800,0.06,0.01,False,1000.0,90.0
13.0,800,0.05,0.0001,True,1000.0,90.0
13.0,800,0.01,0.001,True,1000.0,90.0
13.0,800,0.07,0.0001,False,1000.0,90.0
13.0,800,0.01,0.01,True,1000.0,90.0
13.0,800,0.06,0.001,False,1000.0,90.0
13.0,800,0.04,0.1,True,1000.0,90.0
13.0,800,0.04,0.001,True,1000.0,90.0
13.0,800,0.06,0.1,False,1000.0,90.0
13.0,800,0.05,0.001,True,1000.0,90.0
13.0,800,0.07,0.01,False,1000.0,90.0
13.0,800,0.01,0.1,True,1000.0,90.0
13.0,800,0.07,0.1,False,1000.0,90.0
13.0,800,0.08,0.0001,False,1000.0,90.0
13.0,800,0.05,0.1,True,1000.0,90.0
13.0,800,0.05,0.01,True,1000.0,90.0
13.0,800,0.08,0.001,False,1000.0,90.0
13.0,800,0.06,0.0001,True,1000.0,90.0
13.0,800,0.09,0.0001,False,1000.0,90.0
13.0,800,0.06,0.1,True,1000.0,90.0
13.0,800,0.08,0.01,False,1000.0,90.0
13.0,800,0.06,0.001,True,1000.0,90.0
13.0,800,0.09,0.1,False,1000.0,90.0
13.0,800,0.09,0.01,False,1000.0,90.0
13.0,800,0.08,0.1,False,1000.0,90.0
13.0,800,0.07,0.001,True,1000.0,90.0
13.0,800,0.06,0.01,True,1000.0,90.0
13.0,800,0.09,0.001,False,1000.0,90.0
13.0,800,0.07,0.01,True,1000.0,90.0
13.0,800,0.08,0.001,True,1000.0,90.0
13.0,800,0.07,0.1,True,1000.0,90.0
13.0,800,0.1,0.0001,False,1000.0,90.0
13.0,800,0.1,0.001,False,1000.0,90.0
13.0,800,0.08,0.0001,True,1000.0,90.0
13.0,800,0.08,0.01,True,1000.0,90.0
13.0,800,0.07,0.0001,True,1000.0,90.0
13.0,800,0.1,0.01,False,1000.0,90.0
13.0,800,0.1,0.1,False,1000.0,90.0
13.0,800,0.08,0.1,True,1000.0,90.0
13.0,800,0.09,0.01,True,1000.0,90.0
13.0,800,0.09,0.001,True,1000.0,90.0
13.0,800,0.1,0.0001,False,1000.0,90.0
13.0,800,0.1,0.0001,True,1000.0,90.0
13.0,800,0.2,0.0001,False,1000.0,90.0
13.0,800,0.1,0.001,False,1000.0,90.0
13.0,800,0.1,0.01,False,1000.0,90.0
13.0,800,0.09,0.0001,True,1000.0,90.0
13.0,800,0.09,0.1,True,1000.0,90.0
13.0,800,0.1,0.1,False,1000.0,90.0
13.0,800,0.2,0.001,False,1000.0,90.0
13.0,800,0.2,0.01,False,1000.0,90.0
13.0,800,0.1,0.01,True,1000.0,90.0
13.0,800,0.1,0.1,True,1000.0,90.0
13.0,800,0.1,0.001,True,1000.0,90.0
13.0,800,0.2,0.1,False,1000.0,90.0
13.0,800,0.30000000000000004,0.001,False,1000.0,90.0
13.0,800,0.30000000000000004,0.0001,False,1000.0,90.0
13.0,800,0.30000000000000004,0.01,False,1000.0,90.0
13.0,800,0.1,0.001,True,1000.0,90.0
13.0,800,0.1,0.0001,True,1000.0,90.0
13.0,800,0.2,0.0001,True,1000.0,90.0
13.0,800,0.4,0.0001,False,1000.0,90.0
13.0,800,0.30000000000000004,0.1,False,1000.0,90.0
13.0,800,0.1,0.01,True,1000.0,90.0
13.0,800,0.4,0.001,False,1000.0,90.0
13.0,800,0.2,0.01,True,1000.0,90.0
13.0,800,0.2,0.001,True,1000.0,90.0
13.0,800,0.4,0.01,False,1000.0,90.0
13.0,800,0.1,0.1,True,1000.0,90.0
13.0,800,0.30000000000000004,0.0001,True,1000.0,90.0
13.0,800,0.30000000000000004,0.001,True,1000.0,90.0
13.0,800,0.2,0.1,True,1000.0,90.0
13.0,800,0.4,0.1,False,1000.0,90.0
13.0,800,0.30000000000000004,0.01,True,1000.0,90.0
13.0,800,0.4,0.0001,True,1000.0,90.0
13.0,800,0.30000000000000004,0.1,True,1000.0,90.0
13.0,800,0.4,0.001,True,1000.0,90.0
13.0,800,0.4,0.1,True,1000.0,90.0
13.0,800,0.4,0.01,True,1000.0,90.0
13.0,1000,0.001,0.0001,False,0.5622241021084216,88.40141028466114
13.0,1000,0.001,0.01,False,0.5622241021084216,88.40141028466114
13.0,1000,0.001,0.001,False,0.5622241021084216,88.40141028466114
13.0,1000,0.001,0.1,False,0.5622241021084216,88.40141028466114
13.0,1000,0.002,0.001,False,0.5609381117560904,90.0
13.0,1000,0.002,0.1,False,0.5609381117560904,90.0
13.0,1000,0.002,0.0001,False,0.5609381117560904,90.0
13.0,1000,0.002,0.01,False,0.5609381117560904,90.0
13.0,1000,0.003,0.0001,False,0.5596536496152865,89.29565896752739
13.0,1000,0.003,0.001,False,0.5596536496152865,89.29565896752739
13.0,1000,0.003,0.01,False,0.5596536496152865,89.29565896752739
13.0,1000,0.003,0.1,False,0.5596536496152865,89.29565896752739
13.0,1000,0.004,0.001,False,282.6425817861384,90.0
13.0,1000,0.004,0.0001,False,282.6425817861384,90.0
13.0,1000,0.004,0.01,False,282.6425817861384,90.0
13.0,1000,0.001,0.001,True,0.5630073188400402,55.10507021374626
13.0,1000,0.001,0.1,True,0.5630073188400402,55.10507021374626
13.0,1000,0.001,0.0001,True,0.5630073188400402,55.10507021374626
13.0,1000,0.001,0.01,True,0.5630073188400402,55.10507021374626
13.0,1000,0.002,0.0001,True,1.0281073701277141,90.0
13.0,1000,0.003,0.0001,True,1000.0,90.0
13.0,1000,0.002,0.01,True,1.0281073701277141,90.0
13.0,1000,0.002,0.1,True,1.0281073701277141,90.0
13.0,1000,0.002,0.001,True,1.0281073701277141,90.0
13.0,1000,0.004,0.1,False,282.6425817861384,90.0
13.0,1000,0.003,0.1,True,1000.0,90.0
13.0,1000,0.003,0.01,True,1000.0,90.0
13.0,1000,0.004,0.0001,True,1000.0,90.0
13.0,1000,0.004,0.01,True,1000.0,90.0
13.0,1000,0.005,0.0001,False,1000.0,90.0
13.0,1000,0.003,0.001,True,1000.0,90.0
13.0,1000,0.004,0.001,True,1000.0,90.0
13.0,1000,0.005,0.01,False,1000.0,90.0
13.0,1000,0.005,0.1,False,1000.0,90.0
13.0,1000,0.005,0.001,False,1000.0,90.0
13.0,1000,0.006,0.0001,False,1000.0,90.0
13.0,1000,0.006,0.001,False,1000.0,90.0
13.0,1000,0.004,0.1,True,1000.0,90.0
13.0,1000,0.005,0.0001,True,1000.0,90.0
13.0,1000,0.006,0.01,False,1000.0,90.0
13.0,1000,0.006,0.1,False,1000.0,90.0
13.0,1000,0.007,0.0001,False,1000.0,90.0
13.0,1000,0.007,0.001,False,1000.0,90.0
13.0,1000,0.005,0.1,True,1000.0,90.0
13.0,1000,0.006,0.001,True,1000.0,90.0
13.0,1000,0.005,0.001,True,1000.0,90.0
13.0,1000,0.007,0.01,False,1000.0,90.0
13.0,1000,0.005,0.01,True,1000.0,90.0
13.0,1000,0.007,0.1,False,1000.0,90.0
13.0,1000,0.006,0.0001,True,1000.0,90.0
13.0,1000,0.008,0.0001,False,1000.0,90.0
13.0,1000,0.008,0.001,False,1000.0,90.0
13.0,1000,0.006,0.01,True,1000.0,90.0
13.0,1000,0.009000000000000001,0.0001,False,1000.0,90.0
13.0,1000,0.008,0.01,False,1000.0,90.0
13.0,1000,0.008,0.1,False,1000.0,90.0
13.0,1000,0.006,0.1,True,1000.0,90.0
13.0,1000,0.007,0.0001,True,1000.0,90.0
13.0,1000,0.009000000000000001,0.001,False,1000.0,90.0
13.0,1000,0.01,0.0001,False,1000.0,90.0
13.0,1000,0.009000000000000001,0.01,False,1000.0,90.0
13.0,1000,0.01,0.01,False,1000.0,90.0
13.0,1000,0.007,0.001,True,1000.0,90.0
13.0,1000,0.009000000000000001,0.1,False,1000.0,90.0
13.0,1000,0.008,0.0001,True,1000.0,90.0
13.0,1000,0.007,0.01,True,1000.0,90.0
13.0,1000,0.008,0.001,True,1000.0,90.0
13.0,1000,0.01,0.001,False,1000.0,90.0
13.0,1000,0.007,0.1,True,1000.0,90.0
13.0,1000,0.01,0.0001,False,1000.0,90.0
13.0,1000,0.01,0.1,False,1000.0,90.0
13.0,1000,0.008,0.01,True,1000.0,90.0
13.0,1000,0.008,0.1,True,1000.0,90.0
13.0,1000,0.01,0.001,False,1000.0,90.0
13.0,1000,0.01,0.01,False,1000.0,90.0
13.0,1000,0.009000000000000001,0.0001,True,1000.0,90.0
13.0,1000,0.01,0.1,False,1000.0,90.0
13.0,1000,0.02,0.001,False,1000.0,90.0
13.0,1000,0.02,0.0001,False,1000.0,90.0
13.0,1000,0.02,0.01,False,1000.0,90.0
13.0,1000,0.03,0.0001,False,1000.0,90.0
13.0,1000,0.02,0.1,False,1000.0,90.0
13.0,1000,0.03,0.001,False,1000.0,90.0
13.0,1000,0.009000000000000001,0.001,True,1000.0,90.0
13.0,1000,0.009000000000000001,0.01,True,1000.0,90.0
13.0,1000,0.03,0.01,False,1000.0,90.0
13.0,1000,0.03,0.1,False,1000.0,90.0
13.0,1000,0.04,0.0001,False,1000.0,90.0
13.0,1000,0.04,0.01,False,1000.0,90.0
13.0,1000,0.04,0.001,False,1000.0,90.0
13.0,1000,0.02,0.0001,True,1000.0,90.0
13.0,1000,0.01,0.0001,True,1000.0,90.0
13.0,1000,0.03,0.0001,True,1000.0,90.0
13.0,1000,0.02,0.1,True,1000.0,90.0
13.0,1000,0.01,0.01,True,1000.0,90.0
13.0,1000,0.04,0.1,False,1000.0,90.0
13.0,1000,0.02,0.01,True,1000.0,90.0
13.0,1000,0.009000000000000001,0.1,True,1000.0,90.0
13.0,1000,0.02,0.001,True,1000.0,90.0
13.0,1000,0.01,0.001,True,1000.0,90.0
13.0,1000,0.03,0.01,True,1000.0,90.0
13.0,1000,0.05,0.0001,False,1000.0,90.0
13.0,1000,0.05,0.001,False,1000.0,90.0
13.0,1000,0.01,0.1,True,1000.0,90.0
13.0,1000,0.03,0.001,True,1000.0,90.0
13.0,1000,0.04,0.0001,True,1000.0,90.0
13.0,1000,0.04,0.001,True,1000.0,90.0
13.0,1000,0.05,0.01,False,1000.0,90.0
13.0,1000,0.01,0.0001,True,1000.0,90.0
13.0,1000,0.04,0.01,True,1000.0,90.0
13.0,1000,0.01,0.001,True,1000.0,90.0
13.0,1000,0.06,0.0001,False,1000.0,90.0
13.0,1000,0.05,0.1,False,1000.0,90.0
13.0,1000,0.01,0.01,True,1000.0,90.0
13.0,1000,0.03,0.1,True,1000.0,90.0
13.0,1000,0.06,0.001,False,1000.0,90.0
13.0,1000,0.01,0.1,True,1000.0,90.0
13.0,1000,0.06,0.1,False,1000.0,90.0
13.0,1000,0.07,0.0001,False,1000.0,90.0
13.0,1000,0.06,0.01,False,1000.0,90.0
13.0,1000,0.04,0.1,True,1000.0,90.0
13.0,1000,0.05,0.0001,True,1000.0,90.0
13.0,1000,0.07,0.001,False,1000.0,90.0
13.0,1000,0.05,0.01,True,1000.0,90.0
13.0,1000,0.05,0.001,True,1000.0,90.0
13.0,1000,0.08,0.0001,False,1000.0,90.0
13.0,1000,0.07,0.01,False,1000.0,90.0
13.0,1000,0.06,0.001,True,1000.0,90.0
13.0,1000,0.07,0.1,False,1000.0,90.0
13.0,1000,0.08,0.001,False,1000.0,90.0
13.0,1000,0.05,0.1,True,1000.0,90.0
13.0,1000,0.06,0.0001,True,1000.0,90.0
13.0,1000,0.09,0.0001,False,1000.0,90.0
13.0,1000,0.08,0.01,False,1000.0,90.0
13.0,1000,0.08,0.1,False,1000.0,90.0
13.0,1000,0.06,0.01,True,1000.0,90.0
13.0,1000,0.09,0.01,False,1000.0,90.0
13.0,1000,0.07,0.0001,True,1000.0,90.0
13.0,1000,0.07,0.001,True,1000.0,90.0
13.0,1000,0.09,0.001,False,1000.0,90.0
13.0,1000,0.06,0.1,True,1000.0,90.0
13.0,1000,0.08,0.0001,True,1000.0,90.0
13.0,1000,0.08,0.1,True,1000.0,90.0
13.0,1000,0.07,0.01,True,1000.0,90.0
13.0,1000,0.09,0.1,False,1000.0,90.0
13.0,1000,0.1,0.01,False,1000.0,90.0
13.0,1000,0.07,0.1,True,1000.0,90.0
13.0,1000,0.1,0.001,False,1000.0,90.0
13.0,1000,0.1,0.0001,False,1000.0,90.0
13.0,1000,0.09,0.001,True,1000.0,90.0
13.0,1000,0.1,0.1,False,1000.0,90.0
13.0,1000,0.09,0.0001,True,1000.0,90.0
13.0,1000,0.08,0.001,True,1000.0,90.0
13.0,1000,0.1,0.0001,False,1000.0,90.0
13.0,1000,0.08,0.01,True,1000.0,90.0
13.0,1000,0.09,0.01,True,1000.0,90.0
13.0,1000,0.1,0.001,False,1000.0,90.0
13.0,1000,0.1,0.01,False,1000.0,90.0
13.0,1000,0.1,0.0001,True,1000.0,90.0
13.0,1000,0.1,0.1,False,1000.0,90.0
13.0,1000,0.2,0.0001,False,1000.0,90.0
13.0,1000,0.09,0.1,True,1000.0,90.0
13.0,1000,0.2,0.001,False,1000.0,90.0
13.0,1000,0.2,0.01,False,1000.0,90.0
13.0,1000,0.1,0.0001,True,1000.0,90.0
13.0,1000,0.30000000000000004,0.0001,False,1000.0,90.0
13.0,1000,0.2,0.1,False,1000.0,90.0
13.0,1000,0.1,0.001,True,1000.0,90.0
13.0,1000,0.30000000000000004,0.001,False,1000.0,90.0
13.0,1000,0.1,0.01,True,1000.0,90.0
13.0,1000,0.1,0.1,True,1000.0,90.0
13.0,1000,0.1,0.001,True,1000.0,90.0
13.0,1000,0.1,0.01,True,1000.0,90.0
13.0,1000,0.30000000000000004,0.01,False,1000.0,90.0
13.0,1000,0.2,0.0001,True,1000.0,90.0
13.0,1000,0.4,0.0001,False,1000.0,90.0
13.0,1000,0.30000000000000004,0.1,False,1000.0,90.0
13.0,1000,0.2,0.1,True,1000.0,90.0
13.0,1000,0.4,0.1,False,1000.0,90.0
13.0,1000,0.1,0.1,True,1000.0,90.0
13.0,1000,0.4,0.001,False,1000.0,90.0
13.0,1000,0.2,0.001,True,1000.0,90.0
13.0,1000,0.4,0.01,False,1000.0,90.0
13.0,1000,0.2,0.01,True,1000.0,90.0
13.0,1000,0.30000000000000004,0.001,True,1000.0,90.0
13.0,1000,0.30000000000000004,0.0001,True,1000.0,90.0
13.0,1000,0.30000000000000004,0.01,True,1000.0,90.0
13.0,1000,0.4,0.0001,True,1000.0,90.0
13.0,1000,0.30000000000000004,0.1,True,1000.0,90.0
13.0,1000,0.4,0.001,True,1000.0,90.0
13.0,1000,0.4,0.1,True,1000.0,90.0
13.0,1000,0.4,0.01,True,1000.0,90.0
13.0,1500,0.001,0.01,False,0.5642480358508677,13.097017167811849
13.0,1500,0.001,0.001,False,0.5642480358508677,13.097017167811849
13.0,1500,0.001,0.0001,False,0.5642480358508677,13.097017167811849
13.0,1500,0.001,0.1,False,0.5642480358508677,13.097017167811849
13.0,1500,0.002,0.01,False,0.5649853185302582,49.148220116588874
13.0,1500,0.002,0.0001,False,0.5649853185302582,49.148220116588874
13.0,1500,0.003,0.0001,False,1000.0,90.0
13.0,1500,0.002,0.001,False,0.5649853185302582,49.148220116588874
13.0,1500,0.003,0.01,False,1000.0,90.0
13.0,1500,0.002,0.1,False,0.5649853185302582,49.148220116588874
13.0,1500,0.003,0.1,False,1000.0,90.0
13.0,1500,0.003,0.001,False,1000.0,90.0
13.0,1500,0.004,0.0001,False,1000.0,90.0
13.0,1500,0.004,0.001,False,1000.0,90.0
13.0,1500,0.004,0.01,False,1000.0,90.0
13.0,1500,0.001,0.001,True,0.563163867355028,19.224543760892644
13.0,1500,0.004,0.1,False,1000.0,90.0
13.0,1500,0.001,0.0001,True,0.563163867355028,19.224543760892644
13.0,1500,0.001,0.1,True,0.563163867355028,19.224543760892644
13.0,1500,0.001,0.01,True,0.563163867355028,19.224543760892644
13.0,1500,0.005,0.001,False,1000.0,90.0
13.0,1500,0.002,0.0001,True,0.5628162112651623,90.0
13.0,1500,0.005,0.0001,False,1000.0,90.0
13.0,1500,0.002,0.01,True,0.5628162112651623,90.0
13.0,1500,0.002,0.001,True,0.5628162112651623,90.0
13.0,1500,0.005,0.1,False,1000.0,90.0
13.0,1500,0.005,0.01,False,1000.0,90.0
13.0,1500,0.003,0.001,True,1000.0,90.0
13.0,1500,0.002,0.1,True,0.5628162112651623,90.0
13.0,1500,0.003,0.1,True,1000.0,90.0
13.0,1500,0.003,0.0001,True,1000.0,90.0
13.0,1500,0.003,0.01,True,1000.0,90.0
13.0,1500,0.006,0.0001,False,1000.0,90.0
13.0,1500,0.004,0.0001,True,1000.0,90.0
13.0,1500,0.004,0.001,True,1000.0,90.0
13.0,1500,0.006,0.001,False,1000.0,90.0
13.0,1500,0.004,0.01,True,1000.0,90.0
13.0,1500,0.006,0.01,False,1000.0,90.0
13.0,1500,0.007,0.0001,False,1000.0,90.0
13.0,1500,0.006,0.1,False,1000.0,90.0
13.0,1500,0.004,0.1,True,1000.0,90.0
13.0,1500,0.005,0.001,True,1000.0,90.0
13.0,1500,0.005,0.1,True,1000.0,90.0
13.0,1500,0.005,0.0001,True,1000.0,90.0
13.0,1500,0.005,0.01,True,1000.0,90.0
13.0,1500,0.007,0.001,False,1000.0,90.0
13.0,1500,0.007,0.01,False,1000.0,90.0
13.0,1500,0.007,0.1,False,1000.0,90.0
13.0,1500,0.008,0.0001,False,1000.0,90.0
13.0,1500,0.006,0.0001,True,1000.0,90.0
13.0,1500,0.008,0.001,False,1000.0,90.0
13.0,1500,0.008,0.01,False,1000.0,90.0
13.0,1500,0.006,0.001,True,1000.0,90.0
13.0,1500,0.008,0.1,False,1000.0,90.0
13.0,1500,0.009000000000000001,0.0001,False,1000.0,90.0
13.0,1500,0.009000000000000001,0.001,False,1000.0,90.0
13.0,1500,0.006,0.01,True,1000.0,90.0
13.0,1500,0.007,0.0001,True,1000.0,90.0
13.0,1500,0.009000000000000001,0.01,False,1000.0,90.0
13.0,1500,0.009000000000000001,0.1,False,1000.0,90.0
13.0,1500,0.01,0.0001,False,1000.0,90.0
13.0,1500,0.007,0.001,True,1000.0,90.0
13.0,1500,0.01,0.001,False,1000.0,90.0
13.0,1500,0.007,0.01,True,1000.0,90.0
13.0,1500,0.006,0.1,True,1000.0,90.0
13.0,1500,0.01,0.01,False,1000.0,90.0
13.0,1500,0.01,0.0001,False,1000.0,90.0
13.0,1500,0.01,0.1,False,1000.0,90.0
13.0,1500,0.007,0.1,True,1000.0,90.0
13.0,1500,0.008,0.001,True,1000.0,90.0
13.0,1500,0.01,0.001,False,1000.0,90.0
13.0,1500,0.02,0.001,False,1000.0,90.0
13.0,1500,0.008,0.0001,True,1000.0,90.0
13.0,1500,0.008,0.01,True,1000.0,90.0
13.0,1500,0.02,0.0001,False,1000.0,90.0
13.0,1500,0.01,0.01,False,1000.0,90.0
13.0,1500,0.008,0.1,True,1000.0,90.0
13.0,1500,0.009000000000000001,0.001,True,1000.0,90.0
13.0,1500,0.009000000000000001,0.0001,True,1000.0,90.0
13.0,1500,0.01,0.1,False,1000.0,90.0
13.0,1500,0.02,0.01,False,1000.0,90.0
13.0,1500,0.02,0.1,False,1000.0,90.0
13.0,1500,0.03,0.0001,False,1000.0,90.0
13.0,1500,0.009000000000000001,0.01,True,1000.0,90.0
13.0,1500,0.009000000000000001,0.1,True,1000.0,90.0
13.0,1500,0.03,0.001,False,1000.0,90.0
13.0,1500,0.04,0.0001,False,1000.0,90.0
13.0,1500,0.04,0.001,False,1000.0,90.0
13.0,1500,0.03,0.1,False,1000.0,90.0
13.0,1500,0.01,0.0001,True,1000.0,90.0
13.0,1500,0.03,0.01,False,1000.0,90.0
13.0,1500,0.04,0.01,False,1000.0,90.0
13.0,1500,0.04,0.1,False,1000.0,90.0
13.0,1500,0.05,0.0001,False,1000.0,90.0
13.0,1500,0.01,0.001,True,1000.0,90.0
13.0,1500,0.01,0.0001,True,1000.0,90.0
13.0,1500,0.03,0.0001,True,1000.0,90.0
13.0,1500,0.05,0.001,False,1000.0,90.0
13.0,1500,0.01,0.1,True,1000.0,90.0
13.0,1500,0.02,0.0001,True,1000.0,90.0
13.0,1500,0.05,0.1,False,1000.0,90.0
13.0,1500,0.05,0.01,False,1000.0,90.0
13.0,1500,0.03,0.01,True,1000.0,90.0
13.0,1500,0.01,0.01,True,1000.0,90.0
13.0,1500,0.03,0.001,True,1000.0,90.0
13.0,1500,0.04,0.0001,True,1000.0,90.0
13.0,1500,0.02,0.001,True,1000.0,90.0
13.0,1500,0.04,0.001,True,1000.0,90.0
13.0,1500,0.06,0.0001,False,1000.0,90.0
13.0,1500,0.03,0.1,True,1000.0,90.0
13.0,1500,0.04,0.01,True,1000.0,90.0
13.0,1500,0.06,0.001,False,1000.0,90.0
13.0,1500,0.06,0.1,False,1000.0,90.0
13.0,1500,0.06,0.01,False,1000.0,90.0
13.0,1500,0.02,0.01,True,1000.0,90.0
13.0,1500,0.02,0.1,True,1000.0,90.0
13.0,1500,0.05,0.0001,True,1000.0,90.0
13.0,1500,0.01,0.001,True,1000.0,90.0
13.0,1500,0.07,0.001,False,1000.0,90.0
13.0,1500,0.07,0.0001,False,1000.0,90.0
13.0,1500,0.05,0.01,True,1000.0,90.0
13.0,1500,0.07,0.01,False,1000.0,90.0
13.0,1500,0.04,0.1,True,1000.0,90.0
13.0,1500,0.07,0.1,False,1000.0,90.0
13.0,1500,0.05,0.001,True,1000.0,90.0
13.0,1500,0.01,0.01,True,1000.0,90.0
13.0,1500,0.08,0.0001,False,1000.0,90.0
13.0,1500,0.01,0.1,True,1000.0,90.0
13.0,1500,0.06,0.0001,True,1000.0,90.0
13.0,1500,0.08,0.01,False,1000.0,90.0
13.0,1500,0.08,0.1,False,1000.0,90.0
13.0,1500,0.08,0.001,False,1000.0,90.0
13.0,1500,0.05,0.1,True,1000.0,90.0
13.0,1500,0.09,0.0001,False,1000.0,90.0
13.0,1500,0.09,0.1,False,1000.0,90.0
13.0,1500,0.09,0.01,False,1000.0,90.0
13.0,1500,0.1,0.0001,False,1000.0,90.0
13.0,1500,0.09,0.001,False,1000.0,90.0
13.0,1500,0.06,0.01,True,1000.0,90.0
13.0,1500,0.07,0.0001,True,1000.0,90.0
13.0,1500,0.1,0.001,False,1000.0,90.0
13.0,1500,0.06,0.001,True,1000.0,90.0
13.0,1500,0.07,0.001,True,1000.0,90.0
13.0,1500,0.07,0.01,True,1000.0,90.0
13.0,1500,0.06,0.1,True,1000.0,90.0
13.0,1500,0.08,0.0001,True,1000.0,90.0
13.0,1500,0.1,0.1,False,1000.0,90.0
13.0,1500,0.1,0.01,False,1000.0,90.0
13.0,1500,0.08,0.001,True,1000.0,90.0
13.0,1500,0.1,0.0001,False,1000.0,90.0
13.0,1500,0.07,0.1,True,1000.0,90.0
13.0,1500,0.1,0.01,False,1000.0,90.0
13.0,1500,0.1,0.001,False,1000.0,90.0
13.0,1500,0.2,0.001,False,1000.0,90.0
13.0,1500,0.1,0.001,True,1000.0,90.0
13.0,1500,0.2,0.0001,False,1000.0,90.0
13.0,1500,0.1,0.1,False,1000.0,90.0
13.0,1500,0.08,0.01,True,1000.0,90.0
13.0,1500,0.09,0.0001,True,1000.0,90.0
13.0,1500,0.2,0.01,False,1000.0,90.0
13.0,1500,0.09,0.1,True,1000.0,90.0
13.0,1500,0.08,0.1,True,1000.0,90.0
13.0,1500,0.1,0.0001,True,1000.0,90.0
13.0,1500,0.2,0.1,False,1000.0,90.0
13.0,1500,0.30000000000000004,0.0001,False,1000.0,90.0
13.0,1500,0.09,0.01,True,1000.0,90.0
13.0,1500,0.09,0.001,True,1000.0,90.0
13.0,1500,0.1,0.1,True,1000.0,90.0
13.0,1500,0.30000000000000004,0.001,False,1000.0,90.0
13.0,1500,0.30000000000000004,0.01,False,1000.0,90.0
13.0,1500,0.30000000000000004,0.1,False,1000.0,90.0
13.0,1500,0.1,0.01,True,1000.0,90.0
13.0,1500,0.4,0.001,False,1000.0,90.0
13.0,1500,0.1,0.0001,True,1000.0,90.0
13.0,1500,0.4,0.0001,False,1000.0,90.0
13.0,1500,0.1,0.01,True,1000.0,90.0
13.0,1500,0.1,0.1,True,1000.0,90.0
13.0,1500,0.4,0.01,False,1000.0,90.0
13.0,1500,0.2,0.0001,True,1000.0,90.0
13.0,1500,0.1,0.001,True,1000.0,90.0
13.0,1500,0.4,0.1,False,1000.0,90.0
13.0,1500,0.2,0.001,True,1000.0,90.0
13.0,1500,0.2,0.01,True,1000.0,90.0
13.0,1500,0.30000000000000004,0.001,True,1000.0,90.0
13.0,1500,0.30000000000000004,0.0001,True,1000.0,90.0
13.0,1500,0.2,0.1,True,1000.0,90.0
13.0,1500,0.30000000000000004,0.01,True,1000.0,90.0
13.0,1500,0.4,0.0001,True,1000.0,90.0
13.0,1500,0.30000000000000004,0.1,True,1000.0,90.0
13.0,1500,0.4,0.001,True,1000.0,90.0
13.0,1500,0.4,0.01,True,1000.0,90.0
13.0,1500,0.4,0.1,True,1000.0,90.0
13.0,2000,0.001,0.0001,False,0.5630742326606147,20.724573809571503
13.0,2000,0.001,0.001,False,0.5630742326606147,20.724573809571503
13.0,2000,0.001,0.01,False,0.5630742326606147,20.724573809571503
13.0,2000,0.002,0.001,False,0.5626370069416569,89.74518720326928
13.0,2000,0.001,0.1,False,0.5630742326606147,20.724573809571503
13.0,2000,0.002,0.1,False,0.5626370069416569,89.74518720326928
13.0,2000,0.002,0.01,False,0.5626370069416569,89.74518720326928
13.0,2000,0.002,0.0001,False,0.5626370069416569,89.74518720326928
13.0,2000,0.003,0.001,False,1000.0,90.0
13.0,2000,0.003,0.0001,False,1000.0,90.0
13.0,2000,0.003,0.01,False,1000.0,90.0
13.0,2000,0.003,0.1,False,1000.0,90.0
13.0,2000,0.004,0.001,False,1000.0,90.0
13.0,2000,0.004,0.0001,False,1000.0,90.0
13.0,2000,0.004,0.01,False,1000.0,90.0
13.0,2000,0.004,0.1,False,1000.0,90.0
13.0,2000,0.005,0.0001,False,1000.0,90.0
13.0,2000,0.005,0.01,False,1000.0,90.0
13.0,2000,0.005,0.001,False,1000.0,90.0
13.0,2000,0.006,0.0001,False,1000.0,90.0
13.0,2000,0.005,0.1,False,1000.0,90.0
13.0,2000,0.001,0.0001,True,0.5630742326606147,20.724573809571503
13.0,2000,0.001,0.1,True,0.5630742326606147,20.724573809571503
13.0,2000,0.001,0.001,True,0.5630742326606147,20.724573809571503
13.0,2000,0.006,0.001,False,1000.0,90.0
13.0,2000,0.001,0.01,True,0.5630742326606147,20.724573809571503
13.0,2000,0.002,0.001,True,0.5626370069416569,89.74518720326928
13.0,2000,0.003,0.0001,True,1000.0,90.0
13.0,2000,0.002,0.01,True,0.5626370069416569,89.74518720326928
13.0,2000,0.002,0.1,True,0.5626370069416569,89.74518720326928
13.0,2000,0.002,0.0001,True,0.5626370069416569,89.74518720326928
13.0,2000,0.003,0.01,True,1000.0,90.0
13.0,2000,0.004,0.001,True,1000.0,90.0
13.0,2000,0.003,0.001,True,1000.0,90.0
13.0,2000,0.003,0.1,True,1000.0,90.0
13.0,2000,0.004,0.0001,True,1000.0,90.0
13.0,2000,0.004,0.01,True,1000.0,90.0
13.0,2000,0.006,0.01,False,1000.0,90.0
13.0,2000,0.004,0.1,True,1000.0,90.0
13.0,2000,0.006,0.1,False,1000.0,90.0
13.0,2000,0.005,0.0001,True,1000.0,90.0
13.0,2000,0.005,0.001,True,1000.0,90.0
13.0,2000,0.007,0.01,False,1000.0,90.0
13.0,2000,0.008,0.0001,False,1000.0,90.0
13.0,2000,0.005,0.01,True,1000.0,90.0
13.0,2000,0.007,0.0001,False,1000.0,90.0
13.0,2000,0.007,0.001,False,1000.0,90.0
13.0,2000,0.006,0.0001,True,1000.0,90.0
13.0,2000,0.008,0.01,False,1000.0,90.0
13.0,2000,0.008,0.001,False,1000.0,90.0
13.0,2000,0.007,0.1,False,1000.0,90.0
13.0,2000,0.008,0.1,False,1000.0,90.0
13.0,2000,0.005,0.1,True,1000.0,90.0
13.0,2000,0.006,0.001,True,1000.0,90.0
13.0,2000,0.006,0.01,True,1000.0,90.0
13.0,2000,0.009000000000000001,0.0001,False,1000.0,90.0
13.0,2000,0.009000000000000001,0.001,False,1000.0,90.0
13.0,2000,0.006,0.1,True,1000.0,90.0
13.0,2000,0.009000000000000001,0.01,False,1000.0,90.0
13.0,2000,0.009000000000000001,0.1,False,1000.0,90.0
13.0,2000,0.007,0.0001,True,1000.0,90.0
13.0,2000,0.01,0.0001,False,1000.0,90.0
13.0,2000,0.01,0.01,False,1000.0,90.0
13.0,2000,0.01,0.1,False,1000.0,90.0
13.0,2000,0.01,0.001,False,1000.0,90.0
13.0,2000,0.007,0.1,True,1000.0,90.0
13.0,2000,0.01,0.0001,False,1000.0,90.0
13.0,2000,0.01,0.001,False,1000.0,90.0
13.0,2000,0.007,0.01,True,1000.0,90.0
13.0,2000,0.007,0.001,True,1000.0,90.0
13.0,2000,0.008,0.0001,True,1000.0,90.0
13.0,2000,0.009000000000000001,0.0001,True,1000.0,90.0
13.0,2000,0.008,0.1,True,1000.0,90.0
13.0,2000,0.01,0.01,False,1000.0,90.0
13.0,2000,0.008,0.001,True,1000.0,90.0
13.0,2000,0.008,0.01,True,1000.0,90.0
13.0,2000,0.02,0.0001,False,1000.0,90.0
13.0,2000,0.02,0.01,False,1000.0,90.0
13.0,2000,0.02,0.001,False,1000.0,90.0
13.0,2000,0.01,0.1,False,1000.0,90.0
13.0,2000,0.009000000000000001,0.001,True,1000.0,90.0
13.0,2000,0.03,0.01,False,1000.0,90.0
13.0,2000,0.02,0.1,False,1000.0,90.0
13.0,2000,0.03,0.0001,False,1000.0,90.0
13.0,2000,0.009000000000000001,0.01,True,1000.0,90.0
13.0,2000,0.03,0.001,False,1000.0,90.0
13.0,2000,0.009000000000000001,0.1,True,1000.0,90.0
13.0,2000,0.04,0.0001,False,1000.0,90.0
13.0,2000,0.03,0.1,False,1000.0,90.0
13.0,2000,0.01,0.001,True,1000.0,90.0
13.0,2000,0.01,0.1,True,1000.0,90.0
13.0,2000,0.04,0.001,False,1000.0,90.0
13.0,2000,0.04,0.01,False,1000.0,90.0
13.0,2000,0.04,0.1,False,1000.0,90.0
13.0,2000,0.01,0.0001,True,1000.0,90.0
13.0,2000,0.01,0.01,True,1000.0,90.0
13.0,2000,0.05,0.0001,False,1000.0,90.0
13.0,2000,0.01,0.0001,True,1000.0,90.0
13.0,2000,0.05,0.001,False,1000.0,90.0
13.0,2000,0.01,0.01,True,1000.0,90.0
13.0,2000,0.05,0.01,False,1000.0,90.0
13.0,2000,0.04,0.0001,True,1000.0,90.0
13.0,2000,0.05,0.1,False,1000.0,90.0
13.0,2000,0.01,0.001,True,1000.0,90.0
13.0,2000,0.03,0.001,True,1000.0,90.0
13.0,2000,0.06,0.0001,False,1000.0,90.0
13.0,2000,0.03,0.0001,True,1000.0,90.0
13.0,2000,0.03,0.1,True,1000.0,90.0
13.0,2000,0.04,0.001,True,1000.0,90.0
13.0,2000,0.06,0.001,False,1000.0,90.0
13.0,2000,0.03,0.01,True,1000.0,90.0
13.0,2000,0.04,0.01,True,1000.0,90.0
13.0,2000,0.05,0.0001,True,1000.0,90.0
13.0,2000,0.06,0.1,False,1000.0,90.0
13.0,2000,0.02,0.0001,True,1000.0,90.0
13.0,2000,0.06,0.01,False,1000.0,90.0
13.0,2000,0.02,0.001,True,1000.0,90.0
13.0,2000,0.07,0.0001,False,1000.0,90.0
13.0,2000,0.02,0.01,True,1000.0,90.0
13.0,2000,0.07,0.01,False,1000.0,90.0
13.0,2000,0.05,0.01,True,1000.0,90.0
13.0,2000,0.07,0.001,False,1000.0,90.0
13.0,2000,0.05,0.001,True,1000.0,90.0
13.0,2000,0.04,0.1,True,1000.0,90.0
13.0,2000,0.02,0.1,True,1000.0,90.0
13.0,2000,0.07,0.1,False,1000.0,90.0
13.0,2000,0.01,0.1,True,1000.0,90.0
13.0,2000,0.08,0.0001,False,1000.0,90.0
13.0,2000,0.05,0.1,True,1000.0,90.0
13.0,2000,0.08,0.001,False,1000.0,90.0
13.0,2000,0.06,0.0001,True,1000.0,90.0
13.0,2000,0.06,0.001,True,1000.0,90.0
13.0,2000,0.09,0.0001,False,1000.0,90.0
13.0,2000,0.08,0.1,False,1000.0,90.0
13.0,2000,0.09,0.001,False,1000.0,90.0
13.0,2000,0.08,0.01,False,1000.0,90.0
13.0,2000,0.09,0.1,False,1000.0,90.0
13.0,2000,0.1,0.0001,False,1000.0,90.0
13.0,2000,0.06,0.01,True,1000.0,90.0
13.0,2000,0.07,0.0001,True,1000.0,90.0
13.0,2000,0.1,0.01,False,1000.0,90.0
13.0,2000,0.1,0.001,False,1000.0,90.0
13.0,2000,0.09,0.01,False,1000.0,90.0
13.0,2000,0.06,0.1,True,1000.0,90.0
13.0,2000,0.07,0.01,True,1000.0,90.0
13.0,2000,0.07,0.001,True,1000.0,90.0
13.0,2000,0.1,0.1,False,1000.0,90.0
13.0,2000,0.07,0.1,True,1000.0,90.0
13.0,2000,0.08,0.001,True,1000.0,90.0
13.0,2000,0.1,0.0001,False,1000.0,90.0
13.0,2000,0.08,0.0001,True,1000.0,90.0
13.0,2000,0.1,0.01,False,1000.0,90.0
13.0,2000,0.1,0.001,False,1000.0,90.0
13.0,2000,0.08,0.01,True,1000.0,90.0
13.0,2000,0.2,0.001,False,1000.0,90.0
13.0,2000,0.1,0.1,False,1000.0,90.0
13.0,2000,0.2,0.0001,False,1000.0,90.0
13.0,2000,0.2,0.01,False,1000.0,90.0
13.0,2000,0.09,0.001,True,1000.0,90.0
13.0,2000,0.08,0.1,True,1000.0,90.0
13.0,2000,0.09,0.1,True,1000.0,90.0
13.0,2000,0.09,0.0001,True,1000.0,90.0
13.0,2000,0.09,0.01,True,1000.0,90.0
13.0,2000,0.1,0.0001,True,1000.0,90.0
13.0,2000,0.2,0.1,False,1000.0,90.0
13.0,2000,0.30000000000000004,0.0001,False,1000.0,90.0
13.0,2000,0.1,0.001,True,1000.0,90.0
13.0,2000,0.30000000000000004,0.001,False,1000.0,90.0
13.0,2000,0.1,0.01,True,1000.0,90.0
13.0,2000,0.1,0.0001,True,1000.0,90.0
13.0,2000,0.30000000000000004,0.01,False,1000.0,90.0
13.0,2000,0.1,0.1,True,1000.0,90.0
13.0,2000,0.4,0.0001,False,1000.0,90.0
13.0,2000,0.1,0.01,True,1000.0,90.0
13.0,2000,0.4,0.01,False,1000.0,90.0
13.0,2000,0.30000000000000004,0.1,False,1000.0,90.0
13.0,2000,0.4,0.001,False,1000.0,90.0
13.0,2000,0.2,0.001,True,1000.0,90.0
13.0,2000,0.2,0.0001,True,1000.0,90.0
13.0,2000,0.1,0.001,True,1000.0,90.0
13.0,2000,0.4,0.1,False,1000.0,90.0
13.0,2000,0.2,0.01,True,1000.0,90.0
13.0,2000,0.30000000000000004,0.0001,True,1000.0,90.0
13.0,2000,0.2,0.1,True,1000.0,90.0
13.0,2000,0.30000000000000004,0.001,True,1000.0,90.0
13.0,2000,0.1,0.1,True,1000.0,90.0
13.0,2000,0.30000000000000004,0.01,True,1000.0,90.0
13.0,2000,0.4,0.0001,True,1000.0,90.0
13.0,2000,0.4,0.001,True,1000.0,90.0
13.0,2000,0.4,0.1,True,1000.0,90.0
13.0,2000,0.4,0.01,True,1000.0,90.0
13.0,2000,0.30000000000000004,0.1,True,1000.0,90.0
13.5,200,0.001,0.0001,False,9.63999484410528,28.950700134217428
13.5,200,0.002,0.0001,False,8.040680771501771,19.738977142971613
13.5,200,0.001,0.001,False,9.63999484410528,28.950700134217428
13.5,200,0.001,0.1,False,9.63999484410528,28.950700134217428
13.5,200,0.001,0.01,False,9.63999484410528,28.950700134217428
13.5,200,0.002,0.01,False,8.040680771501771,19.738977142971613
13.5,200,0.002,0.001,False,8.040680771501771,19.738977142971613
13.5,200,0.003,0.0001,False,6.011205211127067,12.363829403633886
13.5,200,0.001,0.0001,True,18.297485584019622,89.99519221138243
13.5,200,0.001,0.001,True,18.297485584019622,89.99519221138243
13.5,200,0.001,0.01,True,18.297485584019622,89.99519221138243
13.5,200,0.002,0.1,False,8.040680771501771,19.738977142971613
13.5,200,0.001,0.1,True,18.297485584019622,89.99519221138243
13.5,200,0.003,0.001,False,6.011205211127067,12.363829403633886
13.5,200,0.002,0.0001,True,9.87153891200162,90.0
13.5,200,0.003,0.01,False,6.011205211127067,12.363829403633886
13.5,200,0.002,0.001,True,9.87153891200162,90.0
13.5,200,0.002,0.01,True,9.87153891200162,90.0
13.5,200,0.002,0.1,True,9.87153891200162,90.0
13.5,200,0.003,0.1,False,6.011205211127067,12.363829403633886
13.5,200,0.004,0.0001,False,7.626597731541861,13.116248322282097
13.5,200,0.003,0.0001,True,80.74899071336905,90.0
13.5,200,0.003,0.001,True,80.74899071336905,90.0
13.5,200,0.003,0.01,True,80.74899071336905,90.0
13.5,200,0.004,0.001,False,7.626597731541861,13.116248322282097
13.5,200,0.003,0.1,True,80.74899071336905,90.0
13.5,200,0.004,0.01,False,7.626597731541861,13.116248322282097
13.5,200,0.004,0.001,True,1000.0,90.0
13.5,200,0.004,0.0001,True,1000.0,90.0
13.5,200,0.004,0.01,True,1000.0,90.0
13.5,200,0.005,0.0001,False,7.029970367152079,25.91217772791922
13.5,200,0.004,0.1,False,7.626597731541861,13.116248322282097
13.5,200,0.005,0.001,False,7.029970367152079,25.91217772791922
13.5,200,0.004,0.1,True,1000.0,90.0
13.5,200,0.005,0.01,False,7.029970367152079,25.91217772791922
13.5,200,0.005,0.1,False,7.029970367152079,25.91217772791922
13.5,200,0.006,0.0001,False,5.448230777794411,40.77305234479857
13.5,200,0.006,0.01,False,5.448230777794411,40.77305234479857
13.5,200,0.005,0.001,True,1000.0,90.0
13.5,200,0.006,0.1,False,5.448230777794411,40.77305234479857
13.5,200,0.005,0.0001,True,1000.0,90.0
13.5,200,0.006,0.001,False,5.448230777794411,40.77305234479857
13.5,200,0.005,0.01,True,1000.0,90.0
13.5,200,0.007,0.0001,False,17.996364761435597,36.448446483302945
13.5,200,0.005,0.1,True,1000.0,90.0
13.5,200,0.007,0.001,False,17.996364761435597,36.448446483302945
13.5,200,0.006,0.001,True,1000.0,90.0
13.5,200,0.006,0.0001,True,1000.0,90.0
13.5,200,0.007,0.01,False,17.996364761435597,36.448446483302945
13.5,200,0.006,0.01,True,1000.0,90.0
13.5,200,0.007,0.1,False,17.996364761435597,36.448446483302945
13.5,200,0.006,0.1,True,1000.0,90.0
13.5,200,0.007,0.0001,True,1000.0,90.0
13.5,200,0.007,0.001,True,1000.0,90.0
13.5,200,0.007,0.01,True,1000.0,90.0
13.5,200,0.008,0.0001,False,27.032219916695656,24.42657104509305
13.5,200,0.007,0.1,True,1000.0,90.0
13.5,200,0.008,0.001,False,27.032219916695656,24.42657104509305
13.5,200,0.008,0.0001,True,1000.0,90.0
13.5,200,0.008,0.1,False,27.032219916695656,24.42657104509305
13.5,200,0.008,0.01,False,27.032219916695656,24.42657104509305
13.5,200,0.008,0.001,True,1000.0,90.0
13.5,200,0.01,0.0001,True,1000.0,90.0
13.5,200,0.009000000000000001,0.0001,False,25.54052800305557,38.29704120675494
13.5,200,0.009000000000000001,0.001,False,25.54052800305557,38.29704120675494
13.5,200,0.01,0.001,True,1000.0,90.0
13.5,200,0.008,0.01,True,1000.0,90.0
13.5,200,0.009000000000000001,0.01,False,25.54052800305557,38.29704120675494
13.5,200,0.008,0.1,True,1000.0,90.0
13.5,200,0.009000000000000001,0.1,False,25.54052800305557,38.29704120675494
13.5,200,0.01,0.0001,True,1000.0,90.0
13.5,200,0.01,0.1,True,1000.0,90.0
13.5,200,0.01,0.01,True,1000.0,90.0
13.5,200,0.009000000000000001,0.001,True,1000.0,90.0
13.5,200,0.009000000000000001,0.01,True,1000.0,90.0
13.5,200,0.01,0.1,False,27.664741743936286,27.80404254892926
13.5,200,0.02,0.0001,True,1000.0,90.0
13.5,200,0.01,0.0001,False,27.664741743936286,27.80404254892926
13.5,200,0.009000000000000001,0.0001,True,1000.0,90.0
13.5,200,0.02,0.001,True,1000.0,90.0
13.5,200,0.01,0.01,False,27.664741743936286,27.80404254892926
13.5,200,0.009000000000000001,0.1,True,1000.0,90.0
13.5,200,0.03,0.0001,True,1000.0,90.0
13.5,200,0.01,0.001,False,27.664741743936286,27.80404254892926
13.5,200,0.02,0.01,True,1000.0,90.0
13.5,200,0.01,0.001,False,27.664741743936286,27.80404254892926
13.5,200,0.01,0.1,True,1000.0,90.0
13.5,200,0.01,0.001,True,1000.0,90.0
13.5,200,0.01,0.01,True,1000.0,90.0
13.5,200,0.01,0.0001,False,27.664741743936286,27.80404254892926
13.5,200,0.03,0.01,True,1000.0,90.0
13.5,200,0.03,0.001,True,1000.0,90.0
13.5,200,0.03,0.1,True,1000.0,90.0
13.5,200,0.01,0.1,False,27.664741743936286,27.80404254892926
13.5,200,0.02,0.1,True,1000.0,90.0
13.5,200,0.03,0.0001,False,1000.0,90.0
13.5,200,0.04,0.0001,True,1000.0,90.0
13.5,200,0.04,0.001,False,1000.0,90.0
13.5,200,0.03,0.001,False,1000.0,90.0
13.5,200,0.04,0.0001,False,1000.0,90.0
13.5,200,0.04,0.001,True,1000.0,90.0
13.5,200,0.01,0.01,False,27.664741743936286,27.80404254892926
13.5,200,0.03,0.01,False,1000.0,90.0
13.5,200,0.03,0.1,False,1000.0,90.0
13.5,200,0.05,0.001,False,1000.0,90.0
13.5,200,0.04,0.01,False,1000.0,90.0
13.5,200,0.04,0.01,True,1000.0,90.0
13.5,200,0.05,0.0001,False,1000.0,90.0
13.5,200,0.05,0.1,False,1000.0,90.0
13.5,200,0.04,0.1,False,1000.0,90.0
13.5,200,0.05,0.0001,True,1000.0,90.0
13.5,200,0.05,0.01,False,1000.0,90.0
13.5,200,0.05,0.01,True,1000.0,90.0
13.5,200,0.05,0.001,True,1000.0,90.0
13.5,200,0.02,0.0001,False,1000.0,90.0
13.5,200,0.04,0.1,True,1000.0,90.0
13.5,200,0.06,0.0001,False,1000.0,90.0
13.5,200,0.02,0.001,False,1000.0,90.0
13.5,200,0.06,0.001,False,1000.0,90.0
13.5,200,0.06,0.01,False,1000.0,90.0
13.5,200,0.06,0.0001,True,1000.0,90.0
13.5,200,0.07,0.0001,False,1000.0,90.0
13.5,200,0.05,0.1,True,1000.0,90.0
13.5,200,0.06,0.001,True,1000.0,90.0
13.5,200,0.07,0.001,False,1000.0,90.0
13.5,200,0.06,0.1,False,1000.0,90.0
13.5,200,0.06,0.01,True,1000.0,90.0
13.5,200,0.07,0.01,False,1000.0,90.0
13.5,200,0.07,0.1,False,1000.0,90.0
13.5,200,0.06,0.1,True,1000.0,90.0
13.5,200,0.08,0.0001,False,1000.0,90.0
13.5,200,0.07,0.01,True,1000.0,90.0
13.5,200,0.07,0.0001,True,1000.0,90.0
13.5,200,0.02,0.1,False,1000.0,90.0
13.5,200,0.07,0.001,True,1000.0,90.0
13.5,200,0.08,0.001,False,1000.0,90.0
13.5,200,0.02,0.01,False,1000.0,90.0
13.5,200,0.08,0.1,False,1000.0,90.0
13.5,200,0.08,0.01,False,1000.0,90.0
13.5,200,0.07,0.1,True,1000.0,90.0
13.5,200,0.09,0.0001,False,1000.0,90.0
13.5,200,0.08,0.0001,True,1000.0,90.0
13.5,200,0.09,0.01,False,1000.0,90.0
13.5,200,0.08,0.001,True,1000.0,90.0
13.5,200,0.08,0.1,True,1000.0,90.0
13.5,200,0.09,0.0001,True,1000.0,90.0
13.5,200,0.09,0.001,False,1000.0,90.0
13.5,200,0.08,0.01,True,1000.0,90.0
13.5,200,0.09,0.001,True,1000.0,90.0
13.5,200,0.09,0.01,True,1000.0,90.0
13.5,200,0.09,0.1,False,1000.0,90.0
13.5,200,0.1,0.01,False,1000.0,90.0
13.5,200,0.09,0.1,True,1000.0,90.0
13.5,200,0.1,0.0001,False,1000.0,90.0
13.5,200,0.1,0.001,False,1000.0,90.0
13.5,200,0.1,0.1,False,1000.0,90.0
13.5,200,0.1,0.01,True,1000.0,90.0
13.5,200,0.1,0.0001,True,1000.0,90.0
13.5,200,0.1,0.0001,False,1000.0,90.0
13.5,200,0.1,0.001,False,1000.0,90.0
13.5,200,0.1,0.01,False,1000.0,90.0
13.5,200,0.1,0.001,True,1000.0,90.0
13.5,200,0.1,0.1,False,1000.0,90.0
13.5,200,0.2,0.001,False,1000.0,90.0
13.5,200,0.1,0.1,True,1000.0,90.0
13.5,200,0.1,0.1,True,1000.0,90.0
13.5,200,0.2,0.0001,False,1000.0,90.0
13.5,200,0.1,0.001,True,1000.0,90.0
13.5,200,0.2,0.01,False,1000.0,90.0
13.5,200,0.2,0.0001,True,1000.0,90.0
13.5,200,0.1,0.01,True,1000.0,90.0
13.5,200,0.1,0.0001,True,1000.0,90.0
13.5,200,0.2,0.1,False,1000.0,90.0
13.5,200,0.30000000000000004,0.0001,False,1000.0,90.0
13.5,200,0.2,0.001,True,1000.0,90.0
13.5,200,0.2,0.1,True,1000.0,90.0
13.5,200,0.2,0.01,True,1000.0,90.0
13.5,200,0.30000000000000004,0.1,False,1000.0,90.0
13.5,200,0.30000000000000004,0.001,False,1000.0,90.0
13.5,200,0.30000000000000004,0.01,False,1000.0,90.0
13.5,200,0.30000000000000004,0.001,True,1000.0,90.0
13.5,200,0.30000000000000004,0.0001,True,1000.0,90.0
13.5,200,0.4,0.01,False,1000.0,90.0
13.5,200,0.30000000000000004,0.1,True,1000.0,90.0
13.5,200,0.30000000000000004,0.01,True,1000.0,90.0
13.5,200,0.4,0.0001,True,1000.0,90.0
13.5,200,0.4,0.001,False,1000.0,90.0
13.5,200,0.4,0.0001,False,1000.0,90.0
13.5,200,0.4,0.1,False,1000.0,90.0
13.5,200,0.4,0.01,True,1000.0,90.0
13.5,200,0.4,0.001,True,1000.0,90.0
13.5,200,0.4,0.1,True,1000.0,90.0
13.5,400,0.001,0.001,False,5.6231620854334246,55.15555199423065
13.5,400,0.001,0.0001,False,5.6231620854334246,55.15555199423065
13.5,400,0.001,0.1,False,5.6231620854334246,55.15555199423065
13.5,400,0.001,0.01,False,5.6231620854334246,55.15555199423065
13.5,400,0.002,0.001,False,4.890077588374776,90.0
13.5,400,0.002,0.01,False,4.890077588374776,90.0
13.5,400,0.002,0.0001,False,4.890077588374776,90.0
13.5,400,0.002,0.1,False,4.890077588374776,90.0
13.5,400,0.003,0.0001,False,12.2344227501201,44.49428073479035
13.5,400,0.003,0.01,False,12.2344227501201,44.49428073479035
13.5,400,0.003,0.001,False,12.2344227501201,44.49428073479035
13.5,400,0.004,0.0001,False,19.97869677936431,66.26394759510406
13.5,400,0.004,0.001,False,19.97869677936431,66.26394759510406
13.5,400,0.003,0.1,False,12.2344227501201,44.49428073479035
13.5,400,0.001,0.0001,True,5.775957112485247,90.0
13.5,400,0.001,0.01,True,5.775957112485247,90.0
13.5,400,0.004,0.01,False,19.97869677936431,66.26394759510406
13.5,400,0.001,0.001,True,5.775957112485247,90.0
13.5,400,0.002,0.1,True,1000.0,90.0
13.5,400,0.001,0.1,True,5.775957112485247,90.0
13.5,400,0.002,0.001,True,1000.0,90.0
13.5,400,0.003,0.0001,True,1000.0,90.0
13.5,400,0.002,0.0001,True,1000.0,90.0
13.5,400,0.003,0.001,True,1000.0,90.0
13.5,400,0.003,0.01,True,1000.0,90.0
13.5,400,0.002,0.01,True,1000.0,90.0
13.5,400,0.003,0.1,True,1000.0,90.0
13.5,400,0.004,0.001,True,1000.0,90.0
13.5,400,0.004,0.01,True,1000.0,90.0
13.5,400,0.004,0.0001,True,1000.0,90.0
13.5,400,0.004,0.1,False,19.97869677936431,66.26394759510406
13.5,400,0.005,0.001,False,102.84358136597628,90.0
13.5,400,0.005,0.0001,False,102.84358136597628,90.0
13.5,400,0.005,0.1,False,102.84358136597628,90.0
13.5,400,0.005,0.01,False,102.84358136597628,90.0
13.5,400,0.006,0.0001,False,257.4853204416823,90.0
13.5,400,0.007,0.0001,True,1000.0,90.0
13.5,400,0.006,0.1,False,257.4853204416823,90.0
13.5,400,0.006,0.001,False,257.4853204416823,90.0
13.5,400,0.006,0.01,False,257.4853204416823,90.0
13.5,400,0.007,0.0001,False,1000.0,89.99278831707365
13.5,400,0.004,0.1,True,1000.0,90.0
13.5,400,0.005,0.001,True,1000.0,90.0
13.5,400,0.007,0.001,True,1000.0,90.0
13.5,400,0.005,0.0001,True,1000.0,90.0
13.5,400,0.007,0.001,False,1000.0,89.99278831707365
13.5,400,0.007,0.01,True,1000.0,90.0
13.5,400,0.007,0.1,True,1000.0,90.0
13.5,400,0.005,0.01,True,1000.0,90.0
13.5,400,0.005,0.1,True,1000.0,90.0
13.5,400,0.006,0.001,True,1000.0,90.0
13.5,400,0.007,0.01,False,1000.0,89.99278831707365
13.5,400,0.007,0.1,False,1000.0,89.99278831707365
13.5,400,0.008,0.0001,False,1000.0,89.99759610569122
13.5,400,0.006,0.0001,True,1000.0,90.0
13.5,400,0.006,0.01,True,1000.0,90.0
13.5,400,0.008,0.001,False,1000.0,89.99759610569122
13.5,400,0.008,0.0001,True,1000.0,90.0
13.5,400,0.008,0.01,False,1000.0,89.99759610569122
13.5,400,0.006,0.1,True,1000.0,90.0
13.5,400,0.008,0.001,True,1000.0,90.0
13.5,400,0.008,0.1,False,1000.0,89.99759610569122
13.5,400,0.009000000000000001,0.0001,False,1000.0,90.0
13.5,400,0.008,0.01,True,1000.0,90.0
13.5,400,0.009000000000000001,0.001,False,1000.0,90.0
13.5,400,0.01,0.0001,True,1000.0,90.0
13.5,400,0.02,0.0001,False,1000.0,90.0
13.5,400,0.009000000000000001,0.01,False,1000.0,90.0
13.5,400,0.009000000000000001,0.1,False,1000.0,90.0
13.5,400,0.02,0.001,False,1000.0,90.0
13.5,400,0.01,0.0001,False,1000.0,90.0
13.5,400,0.01,0.001,True,1000.0,90.0
13.5,400,0.008,0.1,True,1000.0,90.0
13.5,400,0.01,0.001,False,1000.0,90.0
13.5,400,0.02,0.001,True,1000.0,90.0
13.5,400,0.01,0.1,True,1000.0,90.0
13.5,400,0.01,0.01,False,1000.0,90.0
13.5,400,0.01,0.0001,True,1000.0,90.0
13.5,400,0.02,0.0001,True,1000.0,90.0
13.5,400,0.009000000000000001,0.0001,True,1000.0,90.0
13.5,400,0.01,0.1,False,1000.0,90.0
13.5,400,0.01,0.01,True,1000.0,90.0
13.5,400,0.009000000000000001,0.001,True,1000.0,90.0
13.5,400,0.01,0.001,True,1000.0,90.0
13.5,400,0.02,0.01,True,1000.0,90.0
13.5,400,0.03,0.0001,False,1000.0,90.0
13.5,400,0.01,0.01,False,1000.0,90.0
13.5,400,0.02,0.01,False,1000.0,90.0
13.5,400,0.02,0.1,False,1000.0,90.0
13.5,400,0.01,0.0001,False,1000.0,90.0
13.5,400,0.01,0.001,False,1000.0,90.0
13.5,400,0.01,0.01,True,1000.0,90.0
13.5,400,0.03,0.001,False,1000.0,90.0
13.5,400,0.009000000000000001,0.01,True,1000.0,90.0
13.5,400,0.03,0.1,False,1000.0,90.0
13.5,400,0.04,0.0001,False,1000.0,90.0
13.5,400,0.009000000000000001,0.1,True,1000.0,90.0
13.5,400,0.04,0.001,False,1000.0,90.0
13.5,400,0.04,0.01,False,1000.0,90.0
13.5,400,0.03,0.01,False,1000.0,90.0
13.5,400,0.03,0.0001,True,1000.0,90.0
13.5,400,0.04,0.1,False,1000.0,90.0
13.5,400,0.01,0.1,False,1000.0,90.0
13.5,400,0.02,0.1,True,1000.0,90.0
13.5,400,0.01,0.1,True,1000.0,90.0
13.5,400,0.04,0.0001,True,1000.0,90.0
13.5,400,0.03,0.01,True,1000.0,90.0
13.5,400,0.04,0.001,True,1000.0,90.0
13.5,400,0.03,0.001,True,1000.0,90.0
13.5,400,0.05,0.001,False,1000.0,90.0
13.5,400,0.05,0.0001,False,1000.0,90.0
13.5,400,0.04,0.01,True,1000.0,90.0
13.5,400,0.04,0.1,True,1000.0,90.0
13.5,400,0.05,0.01,False,1000.0,90.0
13.5,400,0.05,0.0001,True,1000.0,90.0
13.5,400,0.03,0.1,True,1000.0,90.0
13.5,400,0.06,0.1,False,1000.0,90.0
13.5,400,0.05,0.1,False,1000.0,90.0
13.5,400,0.06,0.0001,False,1000.0,90.0
13.5,400,0.05,0.001,True,1000.0,90.0
13.5,400,0.05,0.01,True,1000.0,90.0
13.5,400,0.05,0.1,True,1000.0,90.0
13.5,400,0.06,0.001,True,1000.0,90.0
13.5,400,0.06,0.01,False,1000.0,90.0
13.5,400,0.07,0.0001,False,1000.0,90.0
13.5,400,0.07,0.1,False,1000.0,90.0
13.5,400,0.06,0.001,False,1000.0,90.0
13.5,400,0.06,0.01,True,1000.0,90.0
13.5,400,0.07,0.001,False,1000.0,90.0
13.5,400,0.08,0.01,False,1000.0,90.0
13.5,400,0.06,0.0001,True,1000.0,90.0
13.5,400,0.08,0.001,False,1000.0,90.0
13.5,400,0.07,0.01,False,1000.0,90.0
13.5,400,0.08,0.0001,False,1000.0,90.0
13.5,400,0.07,0.01,True,1000.0,90.0
13.5,400,0.08,0.1,False,1000.0,90.0
13.5,400,0.07,0.0001,True,1000.0,90.0
13.5,400,0.09,0.0001,False,1000.0,90.0
13.5,400,0.06,0.1,True,1000.0,90.0
13.5,400,0.07,0.001,True,1000.0,90.0
13.5,400,0.09,0.001,False,1000.0,90.0
13.5,400,0.08,0.0001,True,1000.0,90.0
13.5,400,0.09,0.01,False,1000.0,90.0
13.5,400,0.09,0.1,False,1000.0,90.0
13.5,400,0.08,0.1,True,1000.0,90.0
13.5,400,0.07,0.1,True,1000.0,90.0
13.5,400,0.08,0.01,True,1000.0,90.0
13.5,400,0.1,0.0001,False,1000.0,90.0
13.5,400,0.08,0.001,True,1000.0,90.0
13.5,400,0.1,0.001,False,1000.0,90.0
13.5,400,0.09,0.0001,True,1000.0,90.0
13.5,400,0.09,0.001,True,1000.0,90.0
13.5,400,0.1,0.001,False,1000.0,90.0
13.5,400,0.1,0.0001,False,1000.0,90.0
13.5,400,0.1,0.1,False,1000.0,90.0
13.5,400,0.1,0.01,False,1000.0,90.0
13.5,400,0.09,0.1,True,1000.0,90.0
13.5,400,0.09,0.01,True,1000.0,90.0
13.5,400,0.1,0.0001,True,1000.0,90.0
13.5,400,0.1,0.001,True,1000.0,90.0
13.5,400,0.1,0.01,False,1000.0,90.0
13.5,400,0.1,0.1,False,1000.0,90.0
13.5,400,0.2,0.001,False,1000.0,90.0
13.5,400,0.1,0.01,True,1000.0,90.0
13.5,400,0.1,0.001,True,1000.0,90.0
13.5,400,0.1,0.1,True,1000.0,90.0
13.5,400,0.2,0.0001,False,1000.0,90.0
13.5,400,0.1,0.0001,True,1000.0,90.0
13.5,400,0.2,0.1,False,1000.0,90.0
13.5,400,0.30000000000000004,0.001,False,1000.0,90.0
13.5,400,0.30000000000000004,0.0001,False,1000.0,90.0
13.5,400,0.2,0.01,False,1000.0,90.0
13.5,400,0.2,0.001,True,1000.0,90.0
13.5,400,0.2,0.0001,True,1000.0,90.0
13.5,400,0.1,0.1,True,1000.0,90.0
13.5,400,0.1,0.01,True,1000.0,90.0
13.5,400,0.4,0.0001,False,1000.0,90.0
13.5,400,0.30000000000000004,0.01,False,1000.0,90.0
13.5,400,0.30000000000000004,0.1,False,1000.0,90.0
13.5,400,0.2,0.01,True,1000.0,90.0
13.5,400,0.2,0.1,True,1000.0,90.0
13.5,400,0.4,0.001,False,1000.0,90.0
13.5,400,0.30000000000000004,0.001,True,1000.0,90.0
13.5,400,0.30000000000000004,0.0001,True,1000.0,90.0
13.5,400,0.30000000000000004,0.1,True,1000.0,90.0
13.5,400,0.4,0.0001,True,1000.0,90.0
13.5,400,0.30000000000000004,0.01,True,1000.0,90.0
13.5,400,0.4,0.01,False,1000.0,90.0
13.5,400,0.4,0.1,False,1000.0,90.0
13.5,400,0.4,0.01,True,1000.0,90.0
13.5,400,0.4,0.001,True,1000.0,90.0
13.5,400,0.4,0.1,True,1000.0,90.0
13.5,600,0.001,0.01,False,0.582014336828718,45.95104068591117
13.5,600,0.001,0.1,False,0.582014336828718,45.95104068591117
13.5,600,0.001,0.0001,False,0.582014336828718,45.95104068591117
13.5,600,0.002,0.01,False,0.7244424004320352,81.84358661030869
13.5,600,0.001,0.001,False,0.582014336828718,45.95104068591117
13.5,600,0.002,0.0001,False,0.7244424004320352,81.84358661030869
13.5,600,0.003,0.0001,False,0.578621809562837,90.0
13.5,600,0.002,0.001,False,0.7244424004320352,81.84358661030869
13.5,600,0.004,0.0001,False,0.8152469971699752,89.3172940163064
13.5,600,0.002,0.1,False,0.7244424004320352,81.84358661030869
13.5,600,0.003,0.001,False,0.578621809562837,90.0
13.5,600,0.003,0.01,False,0.578621809562837,90.0
13.5,600,0.003,0.1,False,0.578621809562837,90.0
13.5,600,0.004,0.001,False,0.8152469971699752,89.3172940163064
13.5,600,0.004,0.01,False,0.8152469971699752,89.3172940163064
13.5,600,0.001,0.0001,True,0.5925394711035137,11.940744005288565
13.5,600,0.002,0.0001,True,63.49821666936477,89.99759610569122
13.5,600,0.002,0.001,True,63.49821666936477,89.99759610569122
13.5,600,0.001,0.001,True,0.5925394711035137,11.940744005288565
13.5,600,0.002,0.01,True,63.49821666936477,89.99759610569122
13.5,600,0.002,0.1,True,63.49821666936477,89.99759610569122
13.5,600,0.001,0.01,True,0.5925394711035137,11.940744005288565
13.5,600,0.003,0.0001,True,1000.0,90.0
13.5,600,0.003,0.001,True,1000.0,90.0
13.5,600,0.001,0.1,True,0.5925394711035137,11.940744005288565
13.5,600,0.003,0.01,True,1000.0,90.0
13.5,600,0.003,0.1,True,1000.0,90.0
13.5,600,0.004,0.01,True,1000.0,90.0
13.5,600,0.004,0.001,True,1000.0,90.0
13.5,600,0.004,0.0001,True,1000.0,90.0
13.5,600,0.005,0.0001,False,2.76264319517236,89.99519221138243
13.5,600,0.004,0.1,False,0.8152469971699752,89.3172940163064
13.5,600,0.005,0.001,False,2.76264319517236,89.99519221138243
13.5,600,0.005,0.1,False,2.76264319517236,89.99519221138243
13.5,600,0.005,0.01,False,2.76264319517236,89.99519221138243
13.5,600,0.006,0.001,False,82.67081950954508,89.9615376910595
13.5,600,0.006,0.0001,False,82.67081950954508,89.9615376910595
13.5,600,0.006,0.01,False,82.67081950954508,89.9615376910595
13.5,600,0.006,0.1,False,82.67081950954508,89.9615376910595
13.5,600,0.004,0.1,True,1000.0,90.0
13.5,600,0.006,0.0001,True,1000.0,90.0
13.5,600,0.006,0.001,True,1000.0,90.0
13.5,600,0.007,0.0001,False,1000.0,90.0
13.5,600,0.006,0.01,True,1000.0,90.0
13.5,600,0.007,0.01,False,1000.0,90.0
13.5,600,0.007,0.1,False,1000.0,90.0
13.5,600,0.005,0.01,True,1000.0,90.0
13.5,600,0.005,0.001,True,1000.0,90.0
13.5,600,0.005,0.0001,True,1000.0,90.0
13.5,600,0.006,0.1,True,1000.0,90.0
13.5,600,0.005,0.1,True,1000.0,90.0
13.5,600,0.007,0.001,False,1000.0,90.0
13.5,600,0.008,0.0001,False,1000.0,90.0
13.5,600,0.008,0.001,False,1000.0,90.0
13.5,600,0.008,0.01,False,1000.0,90.0
13.5,600,0.007,0.0001,True,1000.0,90.0
13.5,600,0.008,0.1,False,1000.0,90.0
13.5,600,0.007,0.001,True,1000.0,90.0
13.5,600,0.007,0.01,True,1000.0,90.0
13.5,600,0.008,0.0001,True,1000.0,90.0
13.5,600,0.007,0.1,True,1000.0,90.0
13.5,600,0.009000000000000001,0.0001,False,1000.0,90.0
13.5,600,0.008,0.001,True,1000.0,90.0
13.5,600,0.009000000000000001,0.001,False,1000.0,90.0
13.5,600,0.009000000000000001,0.1,False,1000.0,90.0
13.5,600,0.009000000000000001,0.01,False,1000.0,90.0
13.5,600,0.01,0.0001,False,1000.0,90.0
13.5,600,0.01,0.001,False,1000.0,90.0
13.5,600,0.008,0.1,True,1000.0,90.0
13.5,600,0.02,0.0001,False,1000.0,90.0
13.5,600,0.008,0.01,True,1000.0,90.0
13.5,600,0.01,0.01,False,1000.0,90.0
13.5,600,0.01,0.1,False,1000.0,90.0
13.5,600,0.009000000000000001,0.0001,True,1000.0,90.0
13.5,600,0.01,0.0001,False,1000.0,90.0
13.5,600,0.02,0.0001,True,1000.0,90.0
13.5,600,0.02,0.001,False,1000.0,90.0
13.5,600,0.01,0.0001,True,1000.0,90.0
13.5,600,0.02,0.01,False,1000.0,90.0
13.5,600,0.009000000000000001,0.001,True,1000.0,90.0
13.5,600,0.02,0.1,False,1000.0,90.0
13.5,600,0.01,0.01,True,1000.0,90.0
13.5,600,0.01,0.001,True,1000.0,90.0
13.5,600,0.01,0.001,False,1000.0,90.0
13.5,600,0.009000000000000001,0.01,True,1000.0,90.0
13.5,600,0.02,0.001,True,1000.0,90.0
13.5,600,0.02,0.01,True,1000.0,90.0
13.5,600,0.01,0.01,False,1000.0,90.0
13.5,600,0.01,0.0001,True,1000.0,90.0
13.5,600,0.03,0.001,False,1000.0,90.0
13.5,600,0.009000000000000001,0.1,True,1000.0,90.0
13.5,600,0.01,0.1,True,1000.0,90.0
13.5,600,0.03,0.0001,False,1000.0,90.0
13.5,600,0.02,0.1,True,1000.0,90.0
13.5,600,0.01,0.1,False,1000.0,90.0
13.5,600,0.04,0.0001,False,1000.0,90.0
13.5,600,0.03,0.001,True,1000.0,90.0
13.5,600,0.03,0.0001,True,1000.0,90.0
13.5,600,0.03,0.01,False,1000.0,90.0
13.5,600,0.03,0.01,True,1000.0,90.0
13.5,600,0.03,0.1,False,1000.0,90.0
13.5,600,0.01,0.001,True,1000.0,90.0
13.5,600,0.04,0.001,False,1000.0,90.0
13.5,600,0.04,0.01,False,1000.0,90.0
13.5,600,0.04,0.1,False,1000.0,90.0
13.5,600,0.05,0.0001,False,1000.0,90.0
13.5,600,0.01,0.01,True,1000.0,90.0
13.5,600,0.04,0.001,True,1000.0,90.0
13.5,600,0.05,0.01,False,1000.0,90.0
13.5,600,0.05,0.1,False,1000.0,90.0
13.5,600,0.04,0.01,True,1000.0,90.0
13.5,600,0.05,0.001,False,1000.0,90.0
13.5,600,0.04,0.0001,True,1000.0,90.0
13.5,600,0.03,0.1,True,1000.0,90.0
13.5,600,0.06,0.001,False,1000.0,90.0
13.5,600,0.01,0.1,True,1000.0,90.0
13.5,600,0.05,0.0001,True,1000.0,90.0
13.5,600,0.06,0.0001,False,1000.0,90.0
13.5,600,0.06,0.1,False,1000.0,90.0
13.5,600,0.06,0.01,False,1000.0,90.0
13.5,600,0.05,0.001,True,1000.0,90.0
13.5,600,0.04,0.1,True,1000.0,90.0
13.5,600,0.05,0.01,True,1000.0,90.0
13.5,600,0.07,0.0001,False,1000.0,90.0
13.5,600,0.06,0.0001,True,1000.0,90.0
13.5,600,0.07,0.01,False,1000.0,90.0
13.5,600,0.07,0.001,False,1000.0,90.0
13.5,600,0.05,0.1,True,1000.0,90.0
13.5,600,0.06,0.001,True,1000.0,90.0
13.5,600,0.08,0.0001,False,1000.0,90.0
13.5,600,0.06,0.01,True,1000.0,90.0
13.5,600,0.06,0.1,True,1000.0,90.0
13.5,600,0.08,0.01,False,1000.0,90.0
13.5,600,0.07,0.1,False,1000.0,90.0
13.5,600,0.08,0.001,False,1000.0,90.0
13.5,600,0.07,0.0001,True,1000.0,90.0
13.5,600,0.08,0.1,False,1000.0,90.0
13.5,600,0.09,0.001,False,1000.0,90.0
13.5,600,0.07,0.001,True,1000.0,90.0
13.5,600,0.07,0.01,True,1000.0,90.0
13.5,600,0.08,0.0001,True,1000.0,90.0
13.5,600,0.09,0.0001,False,1000.0,90.0
13.5,600,0.07,0.1,True,1000.0,90.0
13.5,600,0.08,0.01,True,1000.0,90.0
13.5,600,0.1,0.0001,False,1000.0,90.0
13.5,600,0.09,0.01,False,1000.0,90.0
13.5,600,0.08,0.1,True,1000.0,90.0
13.5,600,0.09,0.1,False,1000.0,90.0
13.5,600,0.08,0.001,True,1000.0,90.0
13.5,600,0.1,0.001,False,1000.0,90.0
13.5,600,0.09,0.0001,True,1000.0,90.0
13.5,600,0.09,0.001,True,1000.0,90.0
13.5,600,0.1,0.01,False,1000.0,90.0
13.5,600,0.1,0.1,False,1000.0,90.0
13.5,600,0.1,0.0001,False,1000.0,90.0
13.5,600,0.1,0.001,False,1000.0,90.0
13.5,600,0.09,0.01,True,1000.0,90.0
13.5,600,0.09,0.1,True,1000.0,90.0
13.5,600,0.1,0.1,False,1000.0,90.0
13.5,600,0.1,0.01,False,1000.0,90.0
13.5,600,0.1,0.01,True,1000.0,90.0
13.5,600,0.2,0.001,False,1000.0,90.0
13.5,600,0.1,0.0001,True,1000.0,90.0
13.5,600,0.2,0.01,False,1000.0,90.0
13.5,600,0.1,0.001,True,1000.0,90.0
13.5,600,0.2,0.0001,False,1000.0,90.0
13.5,600,0.1,0.1,True,1000.0,90.0
13.5,600,0.2,0.1,False,1000.0,90.0
13.5,600,0.1,0.0001,True,1000.0,90.0
13.5,600,0.1,0.01,True,1000.0,90.0
13.5,600,0.30000000000000004,0.0001,False,1000.0,90.0
13.5,600,0.30000000000000004,0.01,False,1000.0,90.0
13.5,600,0.1,0.001,True,1000.0,90.0
13.5,600,0.30000000000000004,0.001,False,1000.0,90.0
13.5,600,0.2,0.001,True,1000.0,90.0
13.5,600,0.4,0.0001,False,1000.0,90.0
13.5,600,0.30000000000000004,0.1,False,1000.0,90.0
13.5,600,0.2,0.0001,True,1000.0,90.0
13.5,600,0.2,0.01,True,1000.0,90.0
13.5,600,0.4,0.001,False,1000.0,90.0
13.5,600,0.30000000000000004,0.0001,True,1000.0,90.0
13.5,600,0.1,0.1,True,1000.0,90.0
13.5,600,0.2,0.1,True,1000.0,90.0
13.5,600,0.4,0.01,False,1000.0,90.0
13.5,600,0.30000000000000004,0.01,True,1000.0,90.0
13.5,600,0.4,0.1,False,1000.0,90.0
13.5,600,0.30000000000000004,0.001,True,1000.0,90.0
13.5,600,0.4,0.0001,True,1000.0,90.0
13.5,600,0.30000000000000004,0.1,True,1000.0,90.0
13.5,600,0.4,0.01,True,1000.0,90.0
13.5,600,0.4,0.1,True,1000.0,90.0
13.5,600,0.4,0.001,True,1000.0,90.0
13.5,800,0.001,0.0001,False,0.5923851225067729,15.688415232676931
13.5,800,0.001,0.01,False,0.5923851225067729,15.688415232676931
13.5,800,0.001,0.001,False,0.5923851225067729,15.688415232676931
13.5,800,0.001,0.1,False,0.5923851225067729,15.688415232676931
13.5,800,0.002,0.0001,False,0.5943610544073982,21.729401630641632
13.5,800,0.002,0.001,False,0.5943610544073982,21.729401630641632
13.5,800,0.002,0.01,False,0.5943610544073982,21.729401630641632
13.5,800,0.002,0.1,False,0.5943610544073982,21.729401630641632
13.5,800,0.003,0.0001,False,0.9159547396761384,33.539734369678875
13.5,800,0.003,0.001,False,0.9159547396761384,33.539734369678875
13.5,800,0.003,0.01,False,0.9159547396761384,33.539734369678875
13.5,800,0.003,0.1,False,0.9159547396761384,33.539734369678875
13.5,800,0.004,0.01,False,437.1788968360286,90.0
13.5,800,0.004,0.0001,False,437.1788968360286,90.0
13.5,800,0.004,0.001,False,437.1788968360286,90.0
13.5,800,0.001,0.1,True,0.5933221251897304,29.467537410605175
13.5,800,0.001,0.01,True,0.5933221251897304,29.467537410605175
13.5,800,0.001,0.0001,True,0.5933221251897304,29.467537410605175
13.5,800,0.002,0.01,True,0.6579806642227578,90.0
13.5,800,0.001,0.001,True,0.5933221251897304,29.467537410605175
13.5,800,0.002,0.0001,True,0.6579806642227578,90.0
13.5,800,0.003,0.0001,True,330.07115370917097,90.0
13.5,800,0.003,0.01,True,330.07115370917097,90.0
13.5,800,0.002,0.001,True,0.6579806642227578,90.0
13.5,800,0.002,0.1,True,0.6579806642227578,90.0
13.5,800,0.004,0.0001,True,1000.0,90.0
13.5,800,0.003,0.001,True,330.07115370917097,90.0
13.5,800,0.003,0.1,True,330.07115370917097,90.0
13.5,800,0.004,0.001,True,1000.0,90.0
13.5,800,0.004,0.1,False,437.1788968360286,90.0
13.5,800,0.004,0.01,True,1000.0,90.0
13.5,800,0.005,0.0001,False,1000.0,90.0
13.5,800,0.005,0.1,False,1000.0,90.0
13.5,800,0.005,0.001,False,1000.0,90.0
13.5,800,0.005,0.01,False,1000.0,90.0
13.5,800,0.006,0.0001,False,1000.0,90.0
13.5,800,0.006,0.001,False,1000.0,90.0
13.5,800,0.006,0.01,False,1000.0,90.0
13.5,800,0.004,0.1,True,1000.0,90.0
13.5,800,0.005,0.0001,True,1000.0,90.0
13.5,800,0.006,0.1,False,1000.0,90.0
13.5,800,0.007,0.001,False,1000.0,90.0
13.5,800,0.005,0.001,True,1000.0,90.0
13.5,800,0.005,0.1,True,1000.0,90.0
13.5,800,0.007,0.0001,False,1000.0,90.0
13.5,800,0.007,0.1,False,1000.0,90.0
13.5,800,0.007,0.01,False,1000.0,90.0
13.5,800,0.005,0.01,True,1000.0,90.0
13.5,800,0.006,0.0001,True,1000.0,90.0
13.5,800,0.008,0.0001,False,1000.0,90.0
13.5,800,0.008,0.001,False,1000.0,90.0
13.5,800,0.006,0.001,True,1000.0,90.0
13.5,800,0.008,0.01,False,1000.0,90.0
13.5,800,0.006,0.01,True,1000.0,90.0
13.5,800,0.008,0.1,False,1000.0,90.0
13.5,800,0.007,0.001,True,1000.0,90.0
13.5,800,0.006,0.1,True,1000.0,90.0
13.5,800,0.009000000000000001,0.0001,False,1000.0,90.0
13.5,800,0.007,0.0001,True,1000.0,90.0
13.5,800,0.007,0.1,True,1000.0,90.0
13.5,800,0.007,0.01,True,1000.0,90.0
13.5,800,0.008,0.0001,True,1000.0,90.0
13.5,800,0.008,0.001,True,1000.0,90.0
13.5,800,0.009000000000000001,0.01,False,1000.0,90.0
13.5,800,0.01,0.01,False,1000.0,90.0
13.5,800,0.01,0.0001,False,1000.0,90.0
13.5,800,0.01,0.001,False,1000.0,90.0
13.5,800,0.009000000000000001,0.001,False,1000.0,90.0
13.5,800,0.008,0.01,True,1000.0,90.0
13.5,800,0.008,0.1,True,1000.0,90.0
13.5,800,0.009000000000000001,0.1,False,1000.0,90.0
13.5,800,0.009000000000000001,0.0001,True,1000.0,90.0
13.5,800,0.01,0.0001,False,1000.0,90.0
13.5,800,0.02,0.0001,False,1000.0,90.0
13.5,800,0.01,0.1,False,1000.0,90.0
13.5,800,0.02,0.001,False,1000.0,90.0
13.5,800,0.01,0.001,False,1000.0,90.0
13.5,800,0.03,0.001,False,1000.0,90.0
13.5,800,0.01,0.1,False,1000.0,90.0
13.5,800,0.03,0.0001,False,1000.0,90.0
13.5,800,0.02,0.0001,True,1000.0,90.0
13.5,800,0.02,0.01,False,1000.0,90.0
13.5,800,0.02,0.1,False,1000.0,90.0
13.5,800,0.009000000000000001,0.001,True,1000.0,90.0
13.5,800,0.01,0.001,True,1000.0,90.0
13.5,800,0.02,0.001,True,1000.0,90.0
13.5,800,0.01,0.01,False,1000.0,90.0
13.5,800,0.03,0.1,False,1000.0,90.0
13.5,800,0.03,0.01,False,1000.0,90.0
13.5,800,0.03,0.0001,True,1000.0,90.0
13.5,800,0.01,0.01,True,1000.0,90.0
13.5,800,0.01,0.0001,True,1000.0,90.0
13.5,800,0.02,0.01,True,1000.0,90.0
13.5,800,0.03,0.001,True,1000.0,90.0
13.5,800,0.02,0.1,True,1000.0,90.0
13.5,800,0.009000000000000001,0.1,True,1000.0,90.0
13.5,800,0.01,0.1,True,1000.0,90.0
13.5,800,0.01,0.0001,True,1000.0,90.0
13.5,800,0.04,0.0001,False,1000.0,90.0
13.5,800,0.009000000000000001,0.01,True,1000.0,90.0
13.5,800,0.04,0.0001,True,1000.0,90.0
13.5,800,0.03,0.01,True,1000.0,90.0
13.5,800,0.05,0.0001,False,1000.0,90.0
13.5,800,0.04,0.01,False,1000.0,90.0
13.5,800,0.04,0.001,False,1000.0,90.0
13.5,800,0.03,0.1,True,1000.0,90.0
13.5,800,0.04,0.1,False,1000.0,90.0
13.5,800,0.01,0.001,True,1000.0,90.0
13.5,800,0.05,0.001,False,1000.0,90.0
13.5,800,0.05,0.01,False,1000.0,90.0
13.5,800,0.05,0.1,False,1000.0,90.0
13.5,800,0.06,0.0001,False,1000.0,90.0
13.5,800,0.01,0.01,True,1000.0,90.0
13.5,800,0.06,0.001,False,1000.0,90.0
13.5,800,0.04,0.01,True,1000.0,90.0
13.5,800,0.04,0.001,True,1000.0,90.0
13.5,800,0.06,0.01,False,1000.0,90.0
13.5,800,0.04,0.1,True,1000.0,90.0
13.5,800,0.05,0.0001,True,1000.0,90.0
13.5,800,0.07,0.0001,False,1000.0,90.0
13.5,800,0.06,0.1,False,1000.0,90.0
13.5,800,0.05,0.001,True,1000.0,90.0
13.5,800,0.07,0.001,False,1000.0,90.0
13.5,800,0.07,0.01,False,1000.0,90.0
13.5,800,0.05,0.01,True,1000.0,90.0
13.5,800,0.01,0.1,True,1000.0,90.0
13.5,800,0.08,0.0001,False,1000.0,90.0
13.5,800,0.07,0.1,False,1000.0,90.0
13.5,800,0.06,0.0001,True,1000.0,90.0
13.5,800,0.05,0.1,True,1000.0,90.0
13.5,800,0.06,0.001,True,1000.0,90.0
13.5,800,0.07,0.0001,True,1000.0,90.0
13.5,800,0.06,0.01,True,1000.0,90.0
13.5,800,0.08,0.001,False,1000.0,90.0
13.5,800,0.07,0.001,True,1000.0,90.0
13.5,800,0.06,0.1,True,1000.0,90.0
13.5,800,0.08,0.01,False,1000.0,90.0
13.5,800,0.09,0.0001,False,1000.0,90.0
13.5,800,0.08,0.1,False,1000.0,90.0
13.5,800,0.07,0.1,True,1000.0,90.0
13.5,800,0.09,0.001,False,1000.0,90.0
13.5,800,0.07,0.01,True,1000.0,90.0
13.5,800,0.08,0.0001,True,1000.0,90.0
13.5,800,0.09,0.01,False,1000.0,90.0
13.5,800,0.09,0.1,False,1000.0,90.0
13.5,800,0.1,0.0001,False,1000.0,90.0
13.5,800,0.08,0.001,True,1000.0,90.0
13.5,800,0.1,0.001,False,1000.0,90.0
13.5,800,0.08,0.01,True,1000.0,90.0
13.5,800,0.09,0.0001,True,1000.0,90.0
13.5,800,0.1,0.1,False,1000.0,90.0
13.5,800,0.1,0.01,False,1000.0,90.0
13.5,800,0.09,0.1,True,1000.0,90.0
13.5,800,0.08,0.1,True,1000.0,90.0
13.5,800,0.1,0.001,False,1000.0,90.0
13.5,800,0.09,0.001,True,1000.0,90.0
13.5,800,0.1,0.0001,False,1000.0,90.0
13.5,800,0.1,0.0001,True,1000.0,90.0
13.5,800,0.2,0.001,False,1000.0,90.0
13.5,800,0.09,0.01,True,1000.0,90.0
13.5,800,0.1,0.01,False,1000.0,90.0
13.5,800,0.1,0.001,True,1000.0,90.0
13.5,800,0.2,0.01,False,1000.0,90.0
13.5,800,0.1,0.1,False,1000.0,90.0
13.5,800,0.1,0.01,True,1000.0,90.0
13.5,800,0.2,0.0001,False,1000.0,90.0
13.5,800,0.2,0.1,False,1000.0,90.0
13.5,800,0.1,0.1,True,1000.0,90.0
13.5,800,0.1,0.001,True,1000.0,90.0
13.5,800,0.1,0.0001,True,1000.0,90.0
13.5,800,0.30000000000000004,0.0001,False,1000.0,90.0
13.5,800,0.2,0.0001,True,1000.0,90.0
13.5,800,0.30000000000000004,0.1,False,1000.0,90.0
13.5,800,0.1,0.01,True,1000.0,90.0
13.5,800,0.2,0.001,True,1000.0,90.0
13.5,800,0.30000000000000004,0.001,False,1000.0,90.0
13.5,800,0.4,0.0001,False,1000.0,90.0
13.5,800,0.1,0.1,True,1000.0,90.0
13.5,800,0.30000000000000004,0.01,False,1000.0,90.0
13.5,800,0.2,0.1,True,1000.0,90.0
13.5,800,0.30000000000000004,0.0001,True,1000.0,90.0
13.5,800,0.4,0.001,False,1000.0,90.0
13.5,800,0.2,0.01,True,1000.0,90.0
13.5,800,0.30000000000000004,0.1,True,1000.0,90.0
13.5,800,0.4,0.0001,True,1000.0,90.0
13.5,800,0.4,0.01,False,1000.0,90.0
13.5,800,0.30000000000000004,0.01,True,1000.0,90.0
13.5,800,0.4,0.1,False,1000.0,90.0
13.5,800,0.30000000000000004,0.001,True,1000.0,90.0
13.5,800,0.4,0.01,True,1000.0,90.0
13.5,800,0.4,0.001,True,1000.0,90.0
13.5,800,0.4,0.1,True,1000.0,90.0
13.5,1000,0.002,0.0001,False,1.195524465644624,89.97836495122097
13.5,1000,0.001,0.01,False,0.5969750100824442,90.0
13.5,1000,0.001,0.001,False,0.5969750100824442,90.0
13.5,1000,0.001,0.0001,False,0.5969750100824442,90.0
13.5,1000,0.002,0.01,False,1.195524465644624,89.97836495122097
13.5,1000,0.002,0.001,False,1.195524465644624,89.97836495122097
13.5,1000,0.002,0.1,False,1.195524465644624,89.97836495122097
13.5,1000,0.001,0.1,False,0.5969750100824442,90.0
13.5,1000,0.003,0.001,False,6.551134304504939,90.0
13.5,1000,0.003,0.0001,False,6.551134304504939,90.0
13.5,1000,0.003,0.01,False,6.551134304504939,90.0
13.5,1000,0.003,0.1,False,6.551134304504939,90.0
13.5,1000,0.004,0.001,False,1000.0,90.0
13.5,1000,0.004,0.0001,False,1000.0,90.0
13.5,1000,0.004,0.01,False,1000.0,90.0
13.5,1000,0.001,0.001,True,0.5928340506996621,84.57441054508303
13.5,1000,0.001,0.1,True,0.5928340506996621,84.57441054508303
13.5,1000,0.001,0.0001,True,0.5928340506996621,84.57441054508303
13.5,1000,0.001,0.01,True,0.5928340506996621,84.57441054508303
13.5,1000,0.002,0.0001,True,19.887946498060632,90.0
13.5,1000,0.002,0.001,True,19.887946498060632,90.0
13.5,1000,0.002,0.01,True,19.887946498060632,90.0
13.5,1000,0.002,0.1,True,19.887946498060632,90.0
13.5,1000,0.003,0.1,True,1000.0,90.0
13.5,1000,0.003,0.0001,True,1000.0,90.0
13.5,1000,0.003,0.001,True,1000.0,90.0
13.5,1000,0.004,0.1,False,1000.0,90.0
13.5,1000,0.005,0.001,False,1000.0,90.0
13.5,1000,0.003,0.01,True,1000.0,90.0
13.5,1000,0.004,0.001,True,1000.0,90.0
13.5,1000,0.005,0.0001,False,1000.0,90.0
13.5,1000,0.004,0.0001,True,1000.0,90.0
13.5,1000,0.005,0.01,False,1000.0,90.0
13.5,1000,0.004,0.01,True,1000.0,90.0
13.5,1000,0.005,0.1,False,1000.0,90.0
13.5,1000,0.006,0.0001,False,1000.0,90.0
13.5,1000,0.006,0.001,False,1000.0,90.0
13.5,1000,0.006,0.01,False,1000.0,90.0
13.5,1000,0.004,0.1,True,1000.0,90.0
13.5,1000,0.005,0.001,True,1000.0,90.0
13.5,1000,0.005,0.01,True,1000.0,90.0
13.5,1000,0.006,0.1,False,1000.0,90.0
13.5,1000,0.005,0.0001,True,1000.0,90.0
13.5,1000,0.007,0.0001,False,1000.0,90.0
13.5,1000,0.007,0.01,False,1000.0,90.0
13.5,1000,0.008,0.0001,False,1000.0,90.0
13.5,1000,0.007,0.001,False,1000.0,90.0
13.5,1000,0.007,0.1,False,1000.0,90.0
13.5,1000,0.008,0.01,False,1000.0,90.0
13.5,1000,0.009000000000000001,0.0001,False,1000.0,90.0
13.5,1000,0.006,0.001,True,1000.0,90.0
13.5,1000,0.005,0.1,True,1000.0,90.0
13.5,1000,0.008,0.001,False,1000.0,90.0
13.5,1000,0.006,0.0001,True,1000.0,90.0
13.5,1000,0.008,0.1,False,1000.0,90.0
13.5,1000,0.006,0.01,True,1000.0,90.0
13.5,1000,0.009000000000000001,0.001,False,1000.0,90.0
13.5,1000,0.01,0.0001,False,1000.0,90.0
13.5,1000,0.01,0.001,False,1000.0,90.0
13.5,1000,0.006,0.1,True,1000.0,90.0
13.5,1000,0.009000000000000001,0.01,False,1000.0,90.0
13.5,1000,0.01,0.01,False,1000.0,90.0
13.5,1000,0.01,0.1,False,1000.0,90.0
13.5,1000,0.009000000000000001,0.1,False,1000.0,90.0
13.5,1000,0.01,0.0001,False,1000.0,90.0
13.5,1000,0.007,0.0001,True,1000.0,90.0
13.5,1000,0.01,0.001,False,1000.0,90.0
13.5,1000,0.007,0.01,True,1000.0,90.0
13.5,1000,0.007,0.001,True,1000.0,90.0
13.5,1000,0.01,0.01,False,1000.0,90.0
13.5,1000,0.007,0.1,True,1000.0,90.0
13.5,1000,0.008,0.0001,True,1000.0,90.0
13.5,1000,0.008,0.001,True,1000.0,90.0
13.5,1000,0.02,0.0001,False,1000.0,90.0
13.5,1000,0.008,0.1,True,1000.0,90.0
13.5,1000,0.008,0.01,True,1000.0,90.0
13.5,1000,0.02,0.001,False,1000.0,90.0
13.5,1000,0.03,0.0001,False,1000.0,90.0
13.5,1000,0.02,0.01,False,1000.0,90.0
13.5,1000,0.01,0.1,False,1000.0,90.0
13.5,1000,0.02,0.1,False,1000.0,90.0
13.5,1000,0.009000000000000001,0.0001,True,1000.0,90.0
13.5,1000,0.03,0.001,False,1000.0,90.0
13.5,1000,0.009000000000000001,0.001,True,1000.0,90.0
13.5,1000,0.03,0.01,False,1000.0,90.0
13.5,1000,0.02,0.0001,True,1000.0,90.0
13.5,1000,0.03,0.0001,True,1000.0,90.0
13.5,1000,0.03,0.1,False,1000.0,90.0
13.5,1000,0.04,0.01,False,1000.0,90.0
13.5,1000,0.04,0.0001,False,1000.0,90.0
13.5,1000,0.02,0.001,True,1000.0,90.0
13.5,1000,0.03,0.01,True,1000.0,90.0
13.5,1000,0.04,0.001,False,1000.0,90.0
13.5,1000,0.04,0.1,False,1000.0,90.0
13.5,1000,0.02,0.01,True,1000.0,90.0
13.5,1000,0.05,0.0001,False,1000.0,90.0
13.5,1000,0.009000000000000001,0.01,True,1000.0,90.0
13.5,1000,0.03,0.001,True,1000.0,90.0
13.5,1000,0.02,0.1,True,1000.0,90.0
13.5,1000,0.04,0.0001,True,1000.0,90.0
13.5,1000,0.05,0.01,False,1000.0,90.0
13.5,1000,0.05,0.001,False,1000.0,90.0
13.5,1000,0.01,0.001,True,1000.0,90.0
13.5,1000,0.04,0.001,True,1000.0,90.0
13.5,1000,0.04,0.01,True,1000.0,90.0
13.5,1000,0.03,0.1,True,1000.0,90.0
13.5,1000,0.01,0.0001,True,1000.0,90.0
13.5,1000,0.009000000000000001,0.1,True,1000.0,90.0
13.5,1000,0.04,0.1,True,1000.0,90.0
13.5,1000,0.05,0.1,False,1000.0,90.0
13.5,1000,0.01,0.0001,True,1000.0,90.0
13.5,1000,0.01,0.01,True,1000.0,90.0
13.5,1000,0.06,0.001,False,1000.0,90.0
13.5,1000,0.05,0.0001,True,1000.0,90.0
13.5,1000,0.06,0.0001,False,1000.0,90.0
13.5,1000,0.06,0.01,False,1000.0,90.0
13.5,1000,0.01,0.001,True,1000.0,90.0
13.5,1000,0.07,0.001,False,1000.0,90.0
13.5,1000,0.06,0.1,False,1000.0,90.0
13.5,1000,0.05,0.01,True,1000.0,90.0
13.5,1000,0.05,0.001,True,1000.0,90.0
13.5,1000,0.01,0.1,True,1000.0,90.0
13.5,1000,0.01,0.1,True,1000.0,90.0
13.5,1000,0.07,0.0001,False,1000.0,90.0
13.5,1000,0.07,0.1,False,1000.0,90.0
13.5,1000,0.01,0.01,True,1000.0,90.0
13.5,1000,0.06,0.0001,True,1000.0,90.0
13.5,1000,0.07,0.01,False,1000.0,90.0
13.5,1000,0.05,0.1,True,1000.0,90.0
13.5,1000,0.08,0.0001,False,1000.0,90.0
13.5,1000,0.06,0.001,True,1000.0,90.0
13.5,1000,0.08,0.001,False,1000.0,90.0
13.5,1000,0.09,0.01,False,1000.0,90.0
13.5,1000,0.09,0.001,False,1000.0,90.0
13.5,1000,0.06,0.1,True,1000.0,90.0
13.5,1000,0.09,0.0001,False,1000.0,90.0
13.5,1000,0.08,0.01,False,1000.0,90.0
13.5,1000,0.08,0.1,False,1000.0,90.0
13.5,1000,0.06,0.01,True,1000.0,90.0
13.5,1000,0.07,0.01,True,1000.0,90.0
13.5,1000,0.09,0.1,False,1000.0,90.0
13.5,1000,0.07,0.0001,True,1000.0,90.0
13.5,1000,0.1,0.0001,False,1000.0,90.0
13.5,1000,0.07,0.001,True,1000.0,90.0
13.5,1000,0.08,0.0001,True,1000.0,90.0
13.5,1000,0.07,0.1,True,1000.0,90.0
13.5,1000,0.08,0.01,True,1000.0,90.0
13.5,1000,0.1,0.01,False,1000.0,90.0
13.5,1000,0.1,0.001,False,1000.0,90.0
13.5,1000,0.08,0.001,True,1000.0,90.0
13.5,1000,0.1,0.001,False,1000.0,90.0
13.5,1000,0.2,0.0001,False,1000.0,90.0
13.5,1000,0.09,0.0001,True,1000.0,90.0
13.5,1000,0.1,0.0001,True,1000.0,90.0
13.5,1000,0.1,0.1,False,1000.0,90.0
13.5,1000,0.1,0.0001,False,1000.0,90.0
13.5,1000,0.09,0.001,True,1000.0,90.0
13.5,1000,0.1,0.01,False,1000.0,90.0
13.5,1000,0.08,0.1,True,1000.0,90.0
13.5,1000,0.1,0.1,False,1000.0,90.0
13.5,1000,0.09,0.01,True,1000.0,90.0
13.5,1000,0.1,0.01,True,1000.0,90.0
13.5,1000,0.2,0.001,False,1000.0,90.0
13.5,1000,0.09,0.1,True,1000.0,90.0
13.5,1000,0.1,0.001,True,1000.0,90.0
13.5,1000,0.1,0.001,True,1000.0,90.0
13.5,1000,0.1,0.01,True,1000.0,90.0
13.5,1000,0.2,0.01,False,1000.0,90.0
13.5,1000,0.30000000000000004,0.01,False,1000.0,90.0
13.5,1000,0.2,0.1,False,1000.0,90.0
13.5,1000,0.1,0.1,True,1000.0,90.0
13.5,1000,0.30000000000000004,0.0001,False,1000.0,90.0
13.5,1000,0.30000000000000004,0.1,False,1000.0,90.0
13.5,1000,0.30000000000000004,0.001,False,1000.0,90.0
13.5,1000,0.1,0.0001,True,1000.0,90.0
13.5,1000,0.2,0.0001,True,1000.0,90.0
13.5,1000,0.4,0.0001,False,1000.0,90.0
13.5,1000,0.1,0.1,True,1000.0,90.0
13.5,1000,0.4,0.001,False,1000.0,90.0
13.5,1000,0.2,0.01,True,1000.0,90.0
13.5,1000,0.4,0.01,False,1000.0,90.0
13.5,1000,0.2,0.001,True,1000.0,90.0
13.5,1000,0.30000000000000004,0.0001,True,1000.0,90.0
13.5,1000,0.2,0.1,True,1000.0,90.0
13.5,1000,0.30000000000000004,0.01,True,1000.0,90.0
13.5,1000,0.4,0.1,False,1000.0,90.0
13.5,1000,0.4,0.0001,True,1000.0,90.0
13.5,1000,0.30000000000000004,0.001,True,1000.0,90.0
13.5,1000,0.30000000000000004,0.1,True,1000.0,90.0
13.5,1000,0.4,0.001,True,1000.0,90.0
13.5,1000,0.4,0.1,True,1000.0,90.0
13.5,1000,0.4,0.01,True,1000.0,90.0
13.5,1500,0.001,0.001,False,0.5940060032723108,90.0
13.5,1500,0.001,0.0001,False,0.5940060032723108,90.0
13.5,1500,0.001,0.01,False,0.5940060032723108,90.0
13.5,1500,0.001,0.1,False,0.5940060032723108,90.0
13.5,1500,0.002,0.0001,False,2.9481925627447616,89.46152767483322
13.5,1500,0.002,0.001,False,2.9481925627447616,89.46152767483322
13.5,1500,0.002,0.1,False,2.9481925627447616,89.46152767483322
13.5,1500,0.003,0.0001,False,1000.0,90.0
13.5,1500,0.003,0.1,False,1000.0,90.0
13.5,1500,0.002,0.01,False,2.9481925627447616,89.46152767483322
13.5,1500,0.003,0.001,False,1000.0,90.0
13.5,1500,0.004,0.0001,False,1000.0,90.0
13.5,1500,0.003,0.01,False,1000.0,90.0
13.5,1500,0.004,0.001,False,1000.0,90.0
13.5,1500,0.004,0.01,False,1000.0,90.0
13.5,1500,0.001,0.1,True,0.5926429860699299,12.606622728820689
13.5,1500,0.001,0.001,True,0.5926429860699299,12.606622728820689
13.5,1500,0.002,0.001,True,9.406878887716916,89.98317273983852
13.5,1500,0.001,0.01,True,0.5926429860699299,12.606622728820689
13.5,1500,0.001,0.0001,True,0.5926429860699299,12.606622728820689
13.5,1500,0.004,0.1,False,1000.0,90.0
13.5,1500,0.003,0.01,True,1000.0,90.0
13.5,1500,0.005,0.0001,False,1000.0,90.0
13.5,1500,0.005,0.001,False,1000.0,90.0
13.5,1500,0.002,0.0001,True,9.406878887716916,89.98317273983852
13.5,1500,0.003,0.0001,True,1000.0,90.0
13.5,1500,0.005,0.01,False,1000.0,90.0
13.5,1500,0.003,0.001,True,1000.0,90.0
13.5,1500,0.003,0.1,True,1000.0,90.0
13.5,1500,0.002,0.1,True,9.406878887716916,89.98317273983852
13.5,1500,0.005,0.1,False,1000.0,90.0
13.5,1500,0.002,0.01,True,9.406878887716916,89.98317273983852
13.5,1500,0.004,0.0001,True,1000.0,90.0
13.5,1500,0.006,0.0001,False,1000.0,90.0
13.5,1500,0.004,0.001,True,1000.0,90.0
13.5,1500,0.006,0.001,False,1000.0,90.0
13.5,1500,0.004,0.01,True,1000.0,90.0
13.5,1500,0.006,0.01,False,1000.0,90.0
13.5,1500,0.006,0.1,False,1000.0,90.0
13.5,1500,0.007,0.001,False,1000.0,90.0
13.5,1500,0.007,0.01,False,1000.0,90.0
13.5,1500,0.007,0.0001,False,1000.0,90.0
13.5,1500,0.005,0.0001,True,1000.0,90.0
13.5,1500,0.004,0.1,True,1000.0,90.0
13.5,1500,0.005,0.001,True,1000.0,90.0
13.5,1500,0.005,0.01,True,1000.0,90.0
13.5,1500,0.005,0.1,True,1000.0,90.0
13.5,1500,0.007,0.1,False,1000.0,90.0
13.5,1500,0.008,0.0001,False,1000.0,90.0
13.5,1500,0.006,0.0001,True,1000.0,90.0
13.5,1500,0.008,0.001,False,1000.0,90.0
13.5,1500,0.009000000000000001,0.0001,False,1000.0,90.0
13.5,1500,0.008,0.01,False,1000.0,90.0
13.5,1500,0.006,0.001,True,1000.0,90.0
13.5,1500,0.008,0.1,False,1000.0,90.0
13.5,1500,0.009000000000000001,0.001,False,1000.0,90.0
13.5,1500,0.006,0.01,True,1000.0,90.0
13.5,1500,0.009000000000000001,0.01,False,1000.0,90.0
13.5,1500,0.007,0.0001,True,1000.0,90.0
13.5,1500,0.006,0.1,True,1000.0,90.0
13.5,1500,0.009000000000000001,0.1,False,1000.0,90.0
13.5,1500,0.01,0.0001,False,1000.0,90.0
13.5,1500,0.007,0.01,True,1000.0,90.0
13.5,1500,0.01,0.001,False,1000.0,90.0
13.5,1500,0.007,0.001,True,1000.0,90.0
13.5,1500,0.007,0.1,True,1000.0,90.0
13.5,1500,0.008,0.001,True,1000.0,90.0
13.5,1500,0.008,0.0001,True,1000.0,90.0
13.5,1500,0.01,0.01,False,1000.0,90.0
13.5,1500,0.008,0.01,True,1000.0,90.0
13.5,1500,0.01,0.1,False,1000.0,90.0
13.5,1500,0.008,0.1,True,1000.0,90.0
13.5,1500,0.02,0.0001,False,1000.0,90.0
13.5,1500,0.01,0.001,False,1000.0,90.0
13.5,1500,0.01,0.0001,False,1000.0,90.0
13.5,1500,0.009000000000000001,0.0001,True,1000.0,90.0
13.5,1500,0.02,0.01,False,1000.0,90.0
13.5,1500,0.01,0.01,False,1000.0,90.0
13.5,1500,0.02,0.001,False,1000.0,90.0
13.5,1500,0.009000000000000001,0.001,True,1000.0,90.0
13.5,1500,0.02,0.1,False,1000.0,90.0
13.5,1500,0.03,0.0001,False,1000.0,90.0
13.5,1500,0.01,0.1,False,1000.0,90.0
13.5,1500,0.03,0.001,False,1000.0,90.0
13.5,1500,0.03,0.01,False,1000.0,90.0
13.5,1500,0.009000000000000001,0.01,True,1000.0,90.0
13.5,1500,0.03,0.1,False,1000.0,90.0
13.5,1500,0.03,0.0001,True,1000.0,90.0
13.5,1500,0.04,0.001,False,1000.0,90.0
13.5,1500,0.009000000000000001,0.1,True,1000.0,90.0
13.5,1500,0.04,0.0001,False,1000.0,90.0
13.5,1500,0.01,0.001,True,1000.0,90.0
13.5,1500,0.04,0.01,False,1000.0,90.0
13.5,1500,0.02,0.0001,True,1000.0,90.0
13.5,1500,0.01,0.0001,True,1000.0,90.0
13.5,1500,0.05,0.0001,False,1000.0,90.0
13.5,1500,0.04,0.1,False,1000.0,90.0
13.5,1500,0.03,0.1,True,1000.0,90.0
13.5,1500,0.01,0.01,True,1000.0,90.0
13.5,1500,0.04,0.0001,True,1000.0,90.0
13.5,1500,0.03,0.01,True,1000.0,90.0
13.5,1500,0.03,0.001,True,1000.0,90.0
13.5,1500,0.05,0.001,False,1000.0,90.0
13.5,1500,0.02,0.001,True,1000.0,90.0
13.5,1500,0.05,0.01,False,1000.0,90.0
13.5,1500,0.04,0.001,True,1000.0,90.0
13.5,1500,0.06,0.001,False,1000.0,90.0
13.5,1500,0.05,0.1,False,1000.0,90.0
13.5,1500,0.06,0.0001,False,1000.0,90.0
13.5,1500,0.01,0.1,True,1000.0,90.0
13.5,1500,0.01,0.0001,True,1000.0,90.0
13.5,1500,0.06,0.01,False,1000.0,90.0
13.5,1500,0.01,0.01,True,1000.0,90.0
13.5,1500,0.02,0.1,True,1000.0,90.0
13.5,1500,0.02,0.01,True,1000.0,90.0
13.5,1500,0.01,0.001,True,1000.0,90.0
13.5,1500,0.06,0.1,False,1000.0,90.0
13.5,1500,0.04,0.01,True,1000.0,90.0
13.5,1500,0.05,0.0001,True,1000.0,90.0
13.5,1500,0.05,0.001,True,1000.0,90.0
13.5,1500,0.07,0.0001,False,1000.0,90.0
13.5,1500,0.04,0.1,True,1000.0,90.0
13.5,1500,0.07,0.001,False,1000.0,90.0
13.5,1500,0.07,0.01,False,1000.0,90.0
13.5,1500,0.07,0.1,False,1000.0,90.0
13.5,1500,0.05,0.1,True,1000.0,90.0
13.5,1500,0.08,0.0001,False,1000.0,90.0
13.5,1500,0.06,0.001,True,1000.0,90.0
13.5,1500,0.08,0.001,False,1000.0,90.0
13.5,1500,0.05,0.01,True,1000.0,90.0
13.5,1500,0.08,0.1,False,1000.0,90.0
13.5,1500,0.06,0.0001,True,1000.0,90.0
13.5,1500,0.06,0.01,True,1000.0,90.0
13.5,1500,0.07,0.0001,True,1000.0,90.0
13.5,1500,0.09,0.0001,False,1000.0,90.0
13.5,1500,0.01,0.1,True,1000.0,90.0
13.5,1500,0.08,0.01,False,1000.0,90.0
13.5,1500,0.09,0.01,False,1000.0,90.0
13.5,1500,0.07,0.01,True,1000.0,90.0
13.5,1500,0.09,0.001,False,1000.0,90.0
13.5,1500,0.07,0.001,True,1000.0,90.0
13.5,1500,0.07,0.1,True,1000.0,90.0
13.5,1500,0.06,0.1,True,1000.0,90.0
13.5,1500,0.09,0.1,False,1000.0,90.0
13.5,1500,0.08,0.0001,True,1000.0,90.0
13.5,1500,0.1,0.0001,False,1000.0,90.0
13.5,1500,0.1,0.001,False,1000.0,90.0
13.5,1500,0.08,0.001,True,1000.0,90.0
13.5,1500,0.1,0.01,False,1000.0,90.0
13.5,1500,0.09,0.001,True,1000.0,90.0
13.5,1500,0.1,0.0001,False,1000.0,90.0
13.5,1500,0.09,0.01,True,1000.0,90.0
13.5,1500,0.1,0.1,False,1000.0,90.0
13.5,1500,0.09,0.0001,True,1000.0,90.0
13.5,1500,0.1,0.001,False,1000.0,90.0
13.5,1500,0.1,0.1,False,1000.0,90.0
13.5,1500,0.08,0.01,True,1000.0,90.0
13.5,1500,0.1,0.01,False,1000.0,90.0
13.5,1500,0.08,0.1,True,1000.0,90.0
13.5,1500,0.2,0.0001,False,1000.0,90.0
13.5,1500,0.2,0.001,False,1000.0,90.0
13.5,1500,0.2,0.1,False,1000.0,90.0
13.5,1500,0.2,0.01,False,1000.0,90.0
13.5,1500,0.1,0.001,True,1000.0,90.0
13.5,1500,0.09,0.1,True,1000.0,90.0
13.5,1500,0.30000000000000004,0.0001,False,1000.0,90.0
13.5,1500,0.1,0.0001,True,1000.0,90.0
13.5,1500,0.30000000000000004,0.001,False,1000.0,90.0
13.5,1500,0.30000000000000004,0.01,False,1000.0,90.0
13.5,1500,0.1,0.01,True,1000.0,90.0
13.5,1500,0.1,0.1,True,1000.0,90.0
13.5,1500,0.4,0.0001,False,1000.0,90.0
13.5,1500,0.30000000000000004,0.1,False,1000.0,90.0
13.5,1500,0.4,0.001,False,1000.0,90.0
13.5,1500,0.1,0.0001,True,1000.0,90.0
13.5,1500,0.1,0.001,True,1000.0,90.0
13.5,1500,0.2,0.0001,True,1000.0,90.0
13.5,1500,0.4,0.01,False,1000.0,90.0
13.5,1500,0.1,0.01,True,1000.0,90.0
13.5,1500,0.2,0.001,True,1000.0,90.0
13.5,1500,0.2,0.01,True,1000.0,90.0
13.5,1500,0.30000000000000004,0.0001,True,1000.0,90.0
13.5,1500,0.4,0.1,False,1000.0,90.0
13.5,1500,0.2,0.1,True,1000.0,90.0
13.5,1500,0.1,0.1,True,1000.0,90.0
13.5,1500,0.30000000000000004,0.001,True,1000.0,90.0
13.5,1500,0.4,0.0001,True,1000.0,90.0
13.5,1500,0.4,0.01,True,1000.0,90.0
13.5,1500,0.30000000000000004,0.01,True,1000.0,90.0
13.5,1500,0.30000000000000004,0.1,True,1000.0,90.0
13.5,1500,0.4,0.1,True,1000.0,90.0
13.5,1500,0.4,0.001,True,1000.0,90.0
13.5,2000,0.001,0.001,False,0.5923945035671432,12.827781005228466
13.5,2000,0.001,0.0001,False,0.5923945035671432,12.827781005228466
13.5,2000,0.001,0.01,False,0.5923945035671432,12.827781005228466
13.5,2000,0.001,0.1,False,0.5923945035671432,12.827781005228466
13.5,2000,0.002,0.01,False,6.577048572169475,90.0
13.5,2000,0.002,0.1,False,6.577048572169475,90.0
13.5,2000,0.002,0.001,False,6.577048572169475,90.0
13.5,2000,0.002,0.0001,False,6.577048572169475,90.0
13.5,2000,0.003,0.01,False,1000.0,90.0
13.5,2000,0.003,0.0001,False,1000.0,90.0
13.5,2000,0.003,0.001,False,1000.0,90.0
13.5,2000,0.004,0.001,False,1000.0,90.0
13.5,2000,0.003,0.1,False,1000.0,90.0
13.5,2000,0.004,0.0001,False,1000.0,90.0
13.5,2000,0.004,0.01,False,1000.0,90.0
13.5,2000,0.004,0.1,False,1000.0,90.0
13.5,2000,0.005,0.001,False,1000.0,90.0
13.5,2000,0.005,0.0001,False,1000.0,90.0
13.5,2000,0.005,0.01,False,1000.0,90.0
13.5,2000,0.001,0.001,True,0.5923945035671432,12.827781005228466
13.5,2000,0.005,0.1,False,1000.0,90.0
13.5,2000,0.002,0.1,True,6.577048572133715,90.0
13.5,2000,0.001,0.01,True,0.5923945035671432,12.827781005228466
13.5,2000,0.001,0.0001,True,0.5923945035671432,12.827781005228466
13.5,2000,0.001,0.1,True,0.5923945035671432,12.827781005228466
13.5,2000,0.006,0.0001,False,1000.0,90.0
13.5,2000,0.002,0.001,True,6.577048572133715,90.0
13.5,2000,0.006,0.001,False,1000.0,90.0
13.5,2000,0.003,0.1,True,1000.0,90.0
13.5,2000,0.003,0.001,True,1000.0,90.0
13.5,2000,0.002,0.0001,True,6.577048572133715,90.0
13.5,2000,0.003,0.01,True,1000.0,90.0
13.5,2000,0.002,0.01,True,6.577048572133715,90.0
13.5,2000,0.003,0.0001,True,1000.0,90.0
13.5,2000,0.004,0.0001,True,1000.0,90.0
13.5,2000,0.004,0.01,True,1000.0,90.0
13.5,2000,0.004,0.001,True,1000.0,90.0
13.5,2000,0.006,0.01,False,1000.0,90.0
13.5,2000,0.006,0.1,False,1000.0,90.0
13.5,2000,0.005,0.0001,True,1000.0,90.0
13.5,2000,0.004,0.1,True,1000.0,90.0
13.5,2000,0.007,0.001,False,1000.0,90.0
13.5,2000,0.007,0.0001,False,1000.0,90.0
13.5,2000,0.007,0.01,False,1000.0,90.0
13.5,2000,0.005,0.001,True,1000.0,90.0
13.5,2000,0.005,0.1,True,1000.0,90.0
13.5,2000,0.008,0.0001,False,1000.0,90.0
13.5,2000,0.007,0.1,False,1000.0,90.0
13.5,2000,0.006,0.0001,True,1000.0,90.0
13.5,2000,0.008,0.1,False,1000.0,90.0
13.5,2000,0.005,0.01,True,1000.0,90.0
13.5,2000,0.008,0.01,False,1000.0,90.0
13.5,2000,0.008,0.001,False,1000.0,90.0
13.5,2000,0.009000000000000001,0.0001,False,1000.0,90.0
13.5,2000,0.006,0.001,True,1000.0,90.0
13.5,2000,0.006,0.01,True,1000.0,90.0
13.5,2000,0.009000000000000001,0.01,False,1000.0,90.0
13.5,2000,0.009000000000000001,0.001,False,1000.0,90.0
13.5,2000,0.009000000000000001,0.1,False,1000.0,90.0
13.5,2000,0.01,0.0001,False,1000.0,90.0
13.5,2000,0.01,0.01,False,1000.0,90.0
13.5,2000,0.01,0.001,False,1000.0,90.0
13.5,2000,0.01,0.1,False,1000.0,90.0
13.5,2000,0.01,0.001,False,1000.0,90.0
13.5,2000,0.01,0.0001,False,1000.0,90.0
13.5,2000,0.007,0.0001,True,1000.0,90.0
13.5,2000,0.01,0.01,False,1000.0,90.0
13.5,2000,0.007,0.1,True,1000.0,90.0
13.5,2000,0.006,0.1,True,1000.0,90.0
13.5,2000,0.007,0.001,True,1000.0,90.0
13.5,2000,0.007,0.01,True,1000.0,90.0
13.5,2000,0.008,0.0001,True,1000.0,90.0
13.5,2000,0.008,0.01,True,1000.0,90.0
13.5,2000,0.008,0.1,True,1000.0,90.0
13.5,2000,0.008,0.001,True,1000.0,90.0
13.5,2000,0.009000000000000001,0.0001,True,1000.0,90.0
13.5,2000,0.02,0.001,False,1000.0,90.0
13.5,2000,0.02,0.0001,False,1000.0,90.0
13.5,2000,0.009000000000000001,0.001,True,1000.0,90.0
13.5,2000,0.03,0.0001,False,1000.0,90.0
13.5,2000,0.01,0.1,False,1000.0,90.0
13.5,2000,0.03,0.001,False,1000.0,90.0
13.5,2000,0.02,0.1,False,1000.0,90.0
13.5,2000,0.02,0.01,False,1000.0,90.0
13.5,2000,0.03,0.01,False,1000.0,90.0
13.5,2000,0.04,0.0001,False,1000.0,90.0
13.5,2000,0.03,0.1,False,1000.0,90.0
13.5,2000,0.01,0.0001,True,1000.0,90.0
13.5,2000,0.04,0.001,False,1000.0,90.0
13.5,2000,0.04,0.01,False,1000.0,90.0
13.5,2000,0.01,0.1,True,1000.0,90.0
13.5,2000,0.01,0.001,True,1000.0,90.0
13.5,2000,0.009000000000000001,0.01,True,1000.0,90.0
13.5,2000,0.05,0.0001,False,1000.0,90.0
13.5,2000,0.01,0.01,True,1000.0,90.0
13.5,2000,0.009000000000000001,0.1,True,1000.0,90.0
13.5,2000,0.04,0.1,False,1000.0,90.0
13.5,2000,0.03,0.0001,True,1000.0,90.0
13.5,2000,0.03,0.001,True,1000.0,90.0
13.5,2000,0.05,0.001,False,1000.0,90.0
13.5,2000,0.05,0.01,False,1000.0,90.0
13.5,2000,0.01,0.0001,True,1000.0,90.0
13.5,2000,0.01,0.001,True,1000.0,90.0
13.5,2000,0.06,0.0001,False,1000.0,90.0
13.5,2000,0.02,0.0001,True,1000.0,90.0
13.5,2000,0.03,0.01,True,1000.0,90.0
13.5,2000,0.04,0.0001,True,1000.0,90.0
13.5,2000,0.04,0.001,True,1000.0,90.0
13.5,2000,0.05,0.1,False,1000.0,90.0
13.5,2000,0.02,0.001,True,1000.0,90.0
13.5,2000,0.06,0.01,False,1000.0,90.0
13.5,2000,0.06,0.001,False,1000.0,90.0
13.5,2000,0.04,0.01,True,1000.0,90.0
13.5,2000,0.01,0.01,True,1000.0,90.0
13.5,2000,0.06,0.1,False,1000.0,90.0
13.5,2000,0.03,0.1,True,1000.0,90.0
13.5,2000,0.04,0.1,True,1000.0,90.0
13.5,2000,0.05,0.0001,True,1000.0,90.0
13.5,2000,0.02,0.01,True,1000.0,90.0
13.5,2000,0.07,0.0001,False,1000.0,90.0
13.5,2000,0.02,0.1,True,1000.0,90.0
13.5,2000,0.07,0.001,False,1000.0,90.0
13.5,2000,0.07,0.1,False,1000.0,90.0
13.5,2000,0.05,0.001,True,1000.0,90.0
13.5,2000,0.08,0.0001,False,1000.0,90.0
13.5,2000,0.07,0.01,False,1000.0,90.0
13.5,2000,0.05,0.1,True,1000.0,90.0
13.5,2000,0.08,0.001,False,1000.0,90.0
13.5,2000,0.08,0.01,False,1000.0,90.0
13.5,2000,0.05,0.01,True,1000.0,90.0
13.5,2000,0.01,0.1,True,1000.0,90.0
13.5,2000,0.06,0.0001,True,1000.0,90.0
13.5,2000,0.06,0.001,True,1000.0,90.0
13.5,2000,0.08,0.1,False,1000.0,90.0
13.5,2000,0.09,0.001,False,1000.0,90.0
13.5,2000,0.09,0.01,False,1000.0,90.0
13.5,2000,0.09,0.0001,False,1000.0,90.0
13.5,2000,0.1,0.0001,False,1000.0,90.0
13.5,2000,0.09,0.1,False,1000.0,90.0
13.5,2000,0.1,0.001,False,1000.0,90.0
13.5,2000,0.07,0.0001,True,1000.0,90.0
13.5,2000,0.07,0.001,True,1000.0,90.0
13.5,2000,0.07,0.01,True,1000.0,90.0
13.5,2000,0.06,0.01,True,1000.0,90.0
13.5,2000,0.06,0.1,True,1000.0,90.0
13.5,2000,0.08,0.0001,True,1000.0,90.0
13.5,2000,0.07,0.1,True,1000.0,90.0
13.5,2000,0.1,0.01,False,1000.0,90.0
13.5,2000,0.08,0.001,True,1000.0,90.0
13.5,2000,0.08,0.01,True,1000.0,90.0
13.5,2000,0.1,0.0001,False,1000.0,90.0
13.5,2000,0.1,0.1,False,1000.0,90.0
13.5,2000,0.1,0.01,False,1000.0,90.0
13.5,2000,0.2,0.0001,False,1000.0,90.0
13.5,2000,0.08,0.1,True,1000.0,90.0
13.5,2000,0.1,0.1,False,1000.0,90.0
13.5,2000,0.1,0.001,False,1000.0,90.0
13.5,2000,0.09,0.001,True,1000.0,90.0
13.5,2000,0.2,0.001,False,1000.0,90.0
13.5,2000,0.09,0.0001,True,1000.0,90.0
13.5,2000,0.2,0.1,False,1000.0,90.0
13.5,2000,0.1,0.001,True,1000.0,90.0
13.5,2000,0.2,0.01,False,1000.0,90.0
13.5,2000,0.09,0.1,True,1000.0,90.0
13.5,2000,0.30000000000000004,0.0001,False,1000.0,90.0
13.5,2000,0.1,0.0001,True,1000.0,90.0
13.5,2000,0.09,0.01,True,1000.0,90.0
13.5,2000,0.1,0.1,True,1000.0,90.0
13.5,2000,0.30000000000000004,0.001,False,1000.0,90.0
13.5,2000,0.30000000000000004,0.01,False,1000.0,90.0
13.5,2000,0.1,0.0001,True,1000.0,90.0
13.5,2000,0.1,0.01,True,1000.0,90.0
13.5,2000,0.30000000000000004,0.1,False,1000.0,90.0
13.5,2000,0.4,0.0001,False,1000.0,90.0
13.5,2000,0.1,0.001,True,1000.0,90.0
13.5,2000,0.4,0.001,False,1000.0,90.0
13.5,2000,0.4,0.1,False,1000.0,90.0
13.5,2000,0.4,0.01,False,1000.0,90.0
13.5,2000,0.2,0.001,True,1000.0,90.0
13.5,2000,0.1,0.01,True,1000.0,90.0
13.5,2000,0.2,0.0001,True,1000.0,90.0
13.5,2000,0.1,0.1,True,1000.0,90.0
13.5,2000,0.2,0.01,True,1000.0,90.0
13.5,2000,0.30000000000000004,0.0001,True,1000.0,90.0
13.5,2000,0.2,0.1,True,1000.0,90.0
13.5,2000,0.30000000000000004,0.01,True,1000.0,90.0
13.5,2000,0.30000000000000004,0.001,True,1000.0,90.0
13.5,2000,0.4,0.0001,True,1000.0,90.0
13.5,2000,0.30000000000000004,0.1,True,1000.0,90.0
13.5,2000,0.4,0.01,True,1000.0,90.0
13.5,2000,0.4,0.001,True,1000.0,90.0
13.5,2000,0.4,0.1,True,1000.0,90.0
14.0,200,0.001,0.001,False,1.7345616999002706,32.46759750796289
14.0,200,0.001,0.0001,False,1.7345616999002706,32.46759750796289
14.0,200,0.001,0.01,False,1.7345616999002706,32.46759750796289
14.0,200,0.001,0.1,False,1.7345616999002706,32.46759750796289
14.0,200,0.002,0.0001,False,1.4287257548758716,15.481680322121832
14.0,200,0.002,0.001,False,1.4287257548758716,15.481680322121832
14.0,200,0.002,0.01,False,1.4287257548758716,15.481680322121832
14.0,200,0.003,0.0001,False,1.0141911178392005,7.500751216971494
14.0,200,0.001,0.001,True,210.59374120173388,90.0
14.0,200,0.001,0.01,True,210.59374120173388,90.0
14.0,200,0.002,0.1,False,1.4287257548758716,15.481680322121832
14.0,200,0.001,0.0001,True,210.59374120173388,90.0
14.0,200,0.001,0.1,True,210.59374120173388,90.0
14.0,200,0.002,0.0001,True,147.21177876972766,90.0
14.0,200,0.003,0.01,False,1.0141911178392005,7.500751216971494
14.0,200,0.003,0.001,False,1.0141911178392005,7.500751216971494
14.0,200,0.003,0.1,False,1.0141911178392005,7.500751216971494
14.0,200,0.002,0.01,True,147.21177876972766,90.0
14.0,200,0.002,0.1,True,147.21177876972766,90.0
14.0,200,0.003,0.0001,True,16.895375689169544,90.0
14.0,200,0.002,0.001,True,147.21177876972766,90.0
14.0,200,0.004,0.001,False,1.1472011551056667,10.185901159879002
14.0,200,0.004,0.0001,False,1.1472011551056667,10.185901159879002
14.0,200,0.003,0.01,True,16.895375689169544,90.0
14.0,200,0.003,0.001,True,16.895375689169544,90.0
14.0,200,0.003,0.1,True,16.895375689169544,90.0
14.0,200,0.004,0.01,False,1.1472011551056667,10.185901159879002
14.0,200,0.004,0.0001,True,52.94916675097305,90.0
14.0,200,0.004,0.001,True,52.94916675097305,90.0
14.0,200,0.004,0.01,True,52.94916675097305,90.0
14.0,200,0.004,0.1,False,1.1472011551056667,10.185901159879002
14.0,200,0.005,0.0001,False,1.5142250275304012,8.390192111220173
14.0,200,0.005,0.001,False,1.5142250275304012,8.390192111220173
14.0,200,0.005,0.01,False,1.5142250275304012,8.390192111220173
14.0,200,0.005,0.0001,True,1000.0,90.0
14.0,200,0.004,0.1,True,52.94916675097305,90.0
14.0,200,0.006,0.0001,False,1.9364905573789544,6.998337306436426
14.0,200,0.006,0.001,False,1.9364905573789544,6.998337306436426
14.0,200,0.005,0.1,False,1.5142250275304012,8.390192111220173
14.0,200,0.006,0.01,False,1.9364905573789544,6.998337306436426
14.0,200,0.006,0.1,False,1.9364905573789544,6.998337306436426
14.0,200,0.005,0.001,True,1000.0,90.0
14.0,200,0.006,0.0001,True,1000.0,90.0
14.0,200,0.005,0.1,True,1000.0,90.0
14.0,200,0.006,0.01,True,1000.0,90.0
14.0,200,0.005,0.01,True,1000.0,90.0
14.0,200,0.007,0.0001,False,2.2235049505945184,8.048839119373383
14.0,200,0.007,0.001,False,2.2235049505945184,8.048839119373383
14.0,200,0.007,0.1,False,2.2235049505945184,8.048839119373383
14.0,200,0.007,0.0001,True,1000.0,90.0
14.0,200,0.007,0.01,False,2.2235049505945184,8.048839119373383
14.0,200,0.008,0.0001,False,2.5865720764694435,7.904605460846568
14.0,200,0.006,0.001,True,1000.0,90.0
14.0,200,0.006,0.1,True,1000.0,90.0
14.0,200,0.007,0.001,True,1000.0,90.0
14.0,200,0.007,0.01,True,1000.0,90.0
14.0,200,0.007,0.1,True,1000.0,90.0
14.0,200,0.008,0.0001,True,1000.0,90.0
14.0,200,0.008,0.001,False,2.5865720764694435,7.904605460846568
14.0,200,0.008,0.001,True,1000.0,90.0
14.0,200,0.008,0.01,False,2.5865720764694435,7.904605460846568
14.0,200,0.009000000000000001,0.0001,False,2.873355259181951,7.724313387688049
14.0,200,0.008,0.01,True,1000.0,90.0
14.0,200,0.008,0.1,False,2.5865720764694435,7.904605460846568
14.0,200,0.009000000000000001,0.001,False,2.873355259181951,7.724313387688049
14.0,200,0.009000000000000001,0.1,False,2.873355259181951,7.724313387688049
14.0,200,0.009000000000000001,0.01,False,2.873355259181951,7.724313387688049
14.0,200,0.008,0.1,True,1000.0,90.0
14.0,200,0.009000000000000001,0.0001,True,1000.0,90.0
14.0,200,0.01,0.0001,False,3.104595458847966,7.647388769807087
14.0,200,0.01,0.01,False,3.104595458847966,7.647388769807087
14.0,200,0.02,0.0001,True,1000.0,90.0
14.0,200,0.01,0.1,False,3.104595458847966,7.647388769807087
14.0,200,0.01,0.0001,False,3.104595458847966,7.647388769807087
14.0,200,0.01,0.001,False,3.104595458847966,7.647388769807087
14.0,200,0.009000000000000001,0.001,True,1000.0,90.0
14.0,200,0.01,0.001,False,3.104595458847966,7.647388769807087
14.0,200,0.02,0.001,True,1000.0,90.0
14.0,200,0.01,0.01,True,1000.0,90.0
14.0,200,0.01,0.01,False,3.104595458847966,7.647388769807087
14.0,200,0.01,0.0001,True,1000.0,90.0
14.0,200,0.009000000000000001,0.01,True,1000.0,90.0
14.0,200,0.009000000000000001,0.1,True,1000.0,90.0
14.0,200,0.02,0.01,True,1000.0,90.0
14.0,200,0.01,0.001,True,1000.0,90.0
14.0,200,0.01,0.0001,True,1000.0,90.0
14.0,200,0.02,0.1,True,1000.0,90.0
14.0,200,0.01,0.1,True,1000.0,90.0
14.0,200,0.03,0.0001,False,1000.0,90.0
14.0,200,0.03,0.001,False,1000.0,90.0
14.0,200,0.01,0.001,True,1000.0,90.0
14.0,200,0.04,0.0001,False,1000.0,90.0
14.0,200,0.03,0.0001,True,1000.0,90.0
14.0,200,0.03,0.01,False,1000.0,90.0
14.0,200,0.01,0.1,False,3.104595458847966,7.647388769807087
14.0,200,0.02,0.0001,False,1000.0,90.0
14.0,200,0.03,0.01,True,1000.0,90.0
14.0,200,0.03,0.1,False,1000.0,90.0
14.0,200,0.03,0.001,True,1000.0,90.0
14.0,200,0.04,0.0001,True,1000.0,90.0
14.0,200,0.04,0.001,False,1000.0,90.0
14.0,200,0.03,0.1,True,1000.0,90.0
14.0,200,0.04,0.01,False,1000.0,90.0
14.0,200,0.04,0.1,False,1000.0,90.0
14.0,200,0.05,0.0001,False,1000.0,90.0
14.0,200,0.01,0.01,True,1000.0,90.0
14.0,200,0.05,0.001,False,1000.0,90.0
14.0,200,0.05,0.001,True,1000.0,90.0
14.0,200,0.04,0.001,True,1000.0,90.0
14.0,200,0.04,0.01,True,1000.0,90.0
14.0,200,0.04,0.1,True,1000.0,90.0
14.0,200,0.05,0.0001,True,1000.0,90.0
14.0,200,0.01,0.1,True,1000.0,90.0
14.0,200,0.02,0.001,False,1000.0,90.0
14.0,200,0.05,0.01,False,1000.0,90.0
14.0,200,0.05,0.01,True,1000.0,90.0
14.0,200,0.06,0.0001,False,1000.0,90.0
14.0,200,0.05,0.1,False,1000.0,90.0
14.0,200,0.02,0.01,False,1000.0,90.0
14.0,200,0.05,0.1,True,1000.0,90.0
14.0,200,0.06,0.001,False,1000.0,90.0
14.0,200,0.06,0.01,False,1000.0,90.0
14.0,200,0.06,0.1,False,1000.0,90.0
14.0,200,0.07,0.0001,False,1000.0,90.0
14.0,200,0.06,0.0001,True,1000.0,90.0
14.0,200,0.06,0.1,True,1000.0,90.0
14.0,200,0.06,0.001,True,1000.0,90.0
14.0,200,0.06,0.01,True,1000.0,90.0
14.0,200,0.07,0.001,False,1000.0,90.0
14.0,200,0.02,0.1,False,1000.0,90.0
14.0,200,0.07,0.0001,True,1000.0,90.0
14.0,200,0.07,0.1,False,1000.0,90.0
14.0,200,0.07,0.01,False,1000.0,90.0
14.0,200,0.07,0.001,True,1000.0,90.0
14.0,200,0.08,0.0001,False,1000.0,90.0
14.0,200,0.08,0.001,False,1000.0,90.0
14.0,200,0.08,0.1,False,1000.0,90.0
14.0,200,0.07,0.01,True,1000.0,90.0
14.0,200,0.07,0.1,True,1000.0,90.0
14.0,200,0.08,0.01,False,1000.0,90.0
14.0,200,0.09,0.0001,False,1000.0,90.0
14.0,200,0.08,0.0001,True,1000.0,90.0
14.0,200,0.08,0.001,True,1000.0,90.0
14.0,200,0.09,0.0001,True,1000.0,90.0
14.0,200,0.08,0.1,True,1000.0,90.0
14.0,200,0.08,0.01,True,1000.0,90.0
14.0,200,0.09,0.1,False,1000.0,90.0
14.0,200,0.09,0.01,False,1000.0,90.0
14.0,200,0.09,0.001,False,1000.0,90.0
14.0,200,0.09,0.001,True,1000.0,90.0
14.0,200,0.1,0.001,False,1000.0,90.0
14.0,200,0.1,0.0001,False,1000.0,90.0
14.0,200,0.1,0.0001,True,1000.0,90.0
14.0,200,0.09,0.1,True,1000.0,90.0
14.0,200,0.1,0.01,False,1000.0,90.0
14.0,200,0.09,0.01,True,1000.0,90.0
14.0,200,0.1,0.0001,True,1000.0,90.0
14.0,200,0.1,0.1,False,1000.0,90.0
14.0,200,0.1,0.001,False,1000.0,90.0
14.0,200,0.1,0.001,True,1000.0,90.0
14.0,200,0.1,0.0001,False,1000.0,90.0
14.0,200,0.1,0.1,True,1000.0,90.0
14.0,200,0.1,0.01,True,1000.0,90.0
14.0,200,0.2,0.0001,False,1000.0,90.0
14.0,200,0.1,0.1,False,1000.0,90.0
14.0,200,0.2,0.001,False,1000.0,90.0
14.0,200,0.1,0.01,False,1000.0,90.0
14.0,200,0.1,0.001,True,1000.0,90.0
14.0,200,0.2,0.1,False,1000.0,90.0
14.0,200,0.1,0.01,True,1000.0,90.0
14.0,200,0.2,0.01,False,1000.0,90.0
14.0,200,0.2,0.01,True,1000.0,90.0
14.0,200,0.30000000000000004,0.0001,False,1000.0,90.0
14.0,200,0.2,0.001,True,1000.0,90.0
14.0,200,0.2,0.0001,True,1000.0,90.0
14.0,200,0.1,0.1,True,1000.0,90.0
14.0,200,0.30000000000000004,0.0001,True,1000.0,90.0
14.0,200,0.30000000000000004,0.001,False,1000.0,90.0
14.0,200,0.30000000000000004,0.001,True,1000.0,90.0
14.0,200,0.4,0.0001,False,1000.0,90.0
14.0,200,0.2,0.1,True,1000.0,90.0
14.0,200,0.30000000000000004,0.01,False,1000.0,90.0
14.0,200,0.30000000000000004,0.1,True,1000.0,90.0
14.0,200,0.4,0.001,False,1000.0,90.0
14.0,200,0.4,0.001,True,1000.0,90.0
14.0,200,0.30000000000000004,0.1,False,1000.0,90.0
14.0,200,0.4,0.01,False,1000.0,90.0
14.0,200,0.4,0.0001,True,1000.0,90.0
14.0,200,0.30000000000000004,0.01,True,1000.0,90.0
14.0,200,0.4,0.1,False,1000.0,90.0
14.0,200,0.4,0.01,True,1000.0,90.0
14.0,200,0.4,0.1,True,1000.0,90.0
14.0,400,0.002,0.001,False,5.504308881377454,22.30152847613133
14.0,400,0.001,0.001,False,6.1783810813625095,58.83591418097318
14.0,400,0.001,0.0001,False,6.1783810813625095,58.83591418097318
14.0,400,0.001,0.1,False,6.1783810813625095,58.83591418097318
14.0,400,0.002,0.0001,False,5.504308881377454,22.30152847613133
14.0,400,0.001,0.01,False,6.1783810813625095,58.83591418097318
14.0,400,0.002,0.01,False,5.504308881377454,22.30152847613133
14.0,400,0.002,0.1,False,5.504308881377454,22.30152847613133
14.0,400,0.003,0.0001,False,4.000260288333267,16.431218574090025
14.0,400,0.003,0.001,False,4.000260288333267,16.431218574090025
14.0,400,0.003,0.1,False,4.000260288333267,16.431218574090025
14.0,400,0.004,0.001,False,4.8568941987064,85.16576854504297
14.0,400,0.003,0.01,False,4.000260288333267,16.431218574090025
14.0,400,0.004,0.01,False,4.8568941987064,85.16576854504297
14.0,400,0.004,0.0001,False,4.8568941987064,85.16576854504297
14.0,400,0.001,0.0001,True,2.5261772370769577,57.95368496965082
14.0,400,0.001,0.01,True,2.5261772370769577,57.95368496965082
14.0,400,0.002,0.001,True,74.13977127877234,89.98317273983852
14.0,400,0.001,0.1,True,2.5261772370769577,57.95368496965082
14.0,400,0.002,0.1,True,74.13977127877234,89.98317273983852
14.0,400,0.002,0.01,True,74.13977127877234,89.98317273983852
14.0,400,0.002,0.0001,True,74.13977127877234,89.98317273983852
14.0,400,0.001,0.001,True,2.5261772370769577,57.95368496965082
14.0,400,0.003,0.1,True,1000.0,90.0
14.0,400,0.003,0.001,True,1000.0,90.0
14.0,400,0.003,0.0001,True,1000.0,90.0
14.0,400,0.004,0.0001,True,1000.0,90.0
14.0,400,0.003,0.01,True,1000.0,90.0
14.0,400,0.004,0.01,True,1000.0,90.0
14.0,400,0.004,0.001,True,1000.0,90.0
14.0,400,0.005,0.0001,False,14.979434628862855,84.80037661010837
14.0,400,0.005,0.001,False,14.979434628862855,84.80037661010837
14.0,400,0.005,0.1,False,14.979434628862855,84.80037661010837
14.0,400,0.006,0.0001,False,22.509385926848196,79.11516656984314
14.0,400,0.004,0.1,False,4.8568941987064,85.16576854504297
14.0,400,0.005,0.01,False,14.979434628862855,84.80037661010837
14.0,400,0.006,0.001,False,22.509385926848196,79.11516656984314
14.0,400,0.005,0.001,True,1000.0,90.0
14.0,400,0.004,0.1,True,1000.0,90.0
14.0,400,0.006,0.1,False,22.509385926848196,79.11516656984314
14.0,400,0.005,0.0001,True,1000.0,90.0
14.0,400,0.006,0.01,False,22.509385926848196,79.11516656984314
14.0,400,0.007,0.0001,False,25.27170454786974,75.9588533424147
14.0,400,0.005,0.1,True,1000.0,90.0
14.0,400,0.007,0.01,False,25.27170454786974,75.9588533424147
14.0,400,0.007,0.1,False,25.27170454786974,75.9588533424147
14.0,400,0.007,0.001,False,25.27170454786974,75.9588533424147
14.0,400,0.005,0.01,True,1000.0,90.0
14.0,400,0.007,0.01,True,1000.0,90.0
14.0,400,0.007,0.0001,True,1000.0,90.0
14.0,400,0.007,0.001,True,1000.0,90.0
14.0,400,0.006,0.001,True,1000.0,90.0
14.0,400,0.008,0.0001,False,307.5463275764915,85.69222139866584
14.0,400,0.008,0.001,False,307.5463275764915,85.69222139866584
14.0,400,0.006,0.0001,True,1000.0,90.0
14.0,400,0.007,0.1,True,1000.0,90.0
14.0,400,0.008,0.0001,True,1000.0,90.0
14.0,400,0.006,0.01,True,1000.0,90.0
14.0,400,0.008,0.001,True,1000.0,90.0
14.0,400,0.006,0.1,True,1000.0,90.0
14.0,400,0.008,0.01,True,1000.0,90.0
14.0,400,0.008,0.01,False,307.5463275764915,85.69222139866584
14.0,400,0.008,0.1,False,307.5463275764915,85.69222139866584
14.0,400,0.009000000000000001,0.0001,False,1000.0,90.0
14.0,400,0.009000000000000001,0.0001,True,1000.0,90.0
14.0,400,0.008,0.1,True,1000.0,90.0
14.0,400,0.01,0.001,True,1000.0,90.0
14.0,400,0.01,0.0001,True,1000.0,90.0
14.0,400,0.01,0.001,True,1000.0,90.0
14.0,400,0.009000000000000001,0.001,False,1000.0,90.0
14.0,400,0.01,0.01,True,1000.0,90.0
14.0,400,0.01,0.1,True,1000.0,90.0
14.0,400,0.009000000000000001,0.01,False,1000.0,90.0
14.0,400,0.01,0.0001,True,1000.0,90.0
14.0,400,0.02,0.0001,False,1000.0,90.0
14.0,400,0.009000000000000001,0.1,False,1000.0,90.0
14.0,400,0.009000000000000001,0.001,True,1000.0,90.0
14.0,400,0.01,0.01,True,1000.0,90.0
14.0,400,0.02,0.0001,True,1000.0,90.0
14.0,400,0.009000000000000001,0.01,True,1000.0,90.0
14.0,400,0.01,0.01,False,1000.0,90.0
14.0,400,0.01,0.1,False,1000.0,90.0
14.0,400,0.01,0.1,True,1000.0,90.0
14.0,400,0.01,0.001,False,1000.0,90.0
14.0,400,0.02,0.001,True,1000.0,90.0
14.0,400,0.01,0.0001,False,1000.0,90.0
14.0,400,0.02,0.001,False,1000.0,90.0
14.0,400,0.009000000000000001,0.1,True,1000.0,90.0
14.0,400,0.01,0.0001,False,1000.0,90.0
14.0,400,0.03,0.0001,False,1000.0,90.0
14.0,400,0.01,0.001,False,1000.0,90.0
14.0,400,0.02,0.01,True,1000.0,90.0
14.0,400,0.01,0.1,False,1000.0,90.0
14.0,400,0.03,0.001,False,1000.0,90.0
14.0,400,0.01,0.01,False,1000.0,90.0
14.0,400,0.02,0.01,False,1000.0,90.0
14.0,400,0.03,0.01,False,1000.0,90.0
14.0,400,0.02,0.1,False,1000.0,90.0
14.0,400,0.03,0.0001,True,1000.0,90.0
14.0,400,0.04,0.0001,False,1000.0,90.0
14.0,400,0.03,0.1,False,1000.0,90.0
14.0,400,0.04,0.001,False,1000.0,90.0
14.0,400,0.04,0.01,False,1000.0,90.0
14.0,400,0.03,0.001,True,1000.0,90.0
14.0,400,0.02,0.1,True,1000.0,90.0
14.0,400,0.05,0.001,False,1000.0,90.0
14.0,400,0.04,0.1,False,1000.0,90.0
14.0,400,0.04,0.001,True,1000.0,90.0
14.0,400,0.05,0.0001,False,1000.0,90.0
14.0,400,0.05,0.01,False,1000.0,90.0
14.0,400,0.04,0.0001,True,1000.0,90.0
14.0,400,0.03,0.01,True,1000.0,90.0
14.0,400,0.05,0.1,False,1000.0,90.0
14.0,400,0.06,0.001,False,1000.0,90.0
14.0,400,0.03,0.1,True,1000.0,90.0
14.0,400,0.05,0.0001,True,1000.0,90.0
14.0,400,0.05,0.001,True,1000.0,90.0
14.0,400,0.04,0.01,True,1000.0,90.0
14.0,400,0.06,0.0001,False,1000.0,90.0
14.0,400,0.04,0.1,True,1000.0,90.0
14.0,400,0.05,0.01,True,1000.0,90.0
14.0,400,0.05,0.1,True,1000.0,90.0
14.0,400,0.06,0.1,False,1000.0,90.0
14.0,400,0.06,0.01,False,1000.0,90.0
14.0,400,0.07,0.0001,False,1000.0,90.0
14.0,400,0.07,0.01,False,1000.0,90.0
14.0,400,0.06,0.0001,True,1000.0,90.0
14.0,400,0.06,0.001,True,1000.0,90.0
14.0,400,0.07,0.001,False,1000.0,90.0
14.0,400,0.07,0.0001,True,1000.0,90.0
14.0,400,0.07,0.01,True,1000.0,90.0
14.0,400,0.07,0.1,False,1000.0,90.0
14.0,400,0.08,0.001,False,1000.0,90.0
14.0,400,0.08,0.0001,False,1000.0,90.0
14.0,400,0.06,0.1,True,1000.0,90.0
14.0,400,0.06,0.01,True,1000.0,90.0
14.0,400,0.08,0.01,False,1000.0,90.0
14.0,400,0.08,0.1,False,1000.0,90.0
14.0,400,0.07,0.1,True,1000.0,90.0
14.0,400,0.09,0.0001,False,1000.0,90.0
14.0,400,0.07,0.001,True,1000.0,90.0
14.0,400,0.09,0.001,False,1000.0,90.0
14.0,400,0.08,0.0001,True,1000.0,90.0
14.0,400,0.09,0.01,True,1000.0,90.0
14.0,400,0.08,0.1,True,1000.0,90.0
14.0,400,0.09,0.001,True,1000.0,90.0
14.0,400,0.08,0.01,True,1000.0,90.0
14.0,400,0.08,0.001,True,1000.0,90.0
14.0,400,0.09,0.0001,True,1000.0,90.0
14.0,400,0.09,0.01,False,1000.0,90.0
14.0,400,0.1,0.001,False,1000.0,90.0
14.0,400,0.09,0.1,False,1000.0,90.0
14.0,400,0.1,0.0001,False,1000.0,90.0
14.0,400,0.1,0.1,False,1000.0,90.0
14.0,400,0.1,0.01,False,1000.0,90.0
14.0,400,0.1,0.0001,False,1000.0,90.0
14.0,400,0.1,0.001,False,1000.0,90.0
14.0,400,0.1,0.0001,True,1000.0,90.0
14.0,400,0.09,0.1,True,1000.0,90.0
14.0,400,0.1,0.1,False,1000.0,90.0
14.0,400,0.1,0.0001,True,1000.0,90.0
14.0,400,0.2,0.01,False,1000.0,90.0
14.0,400,0.1,0.01,False,1000.0,90.0
14.0,400,0.2,0.0001,False,1000.0,90.0
14.0,400,0.2,0.001,False,1000.0,90.0
14.0,400,0.1,0.001,True,1000.0,90.0
14.0,400,0.1,0.01,True,1000.0,90.0
14.0,400,0.1,0.1,True,1000.0,90.0
14.0,400,0.1,0.001,True,1000.0,90.0
14.0,400,0.30000000000000004,0.0001,False,1000.0,90.0
14.0,400,0.2,0.1,False,1000.0,90.0
14.0,400,0.1,0.01,True,1000.0,90.0
14.0,400,0.30000000000000004,0.001,False,1000.0,90.0
14.0,400,0.1,0.1,True,1000.0,90.0
14.0,400,0.2,0.0001,True,1000.0,90.0
14.0,400,0.2,0.001,True,1000.0,90.0
14.0,400,0.30000000000000004,0.1,False,1000.0,90.0
14.0,400,0.30000000000000004,0.01,False,1000.0,90.0
14.0,400,0.2,0.01,True,1000.0,90.0
14.0,400,0.2,0.1,True,1000.0,90.0
14.0,400,0.4,0.0001,False,1000.0,90.0
14.0,400,0.4,0.001,False,1000.0,90.0
14.0,400,0.30000000000000004,0.0001,True,1000.0,90.0
14.0,400,0.30000000000000004,0.01,True,1000.0,90.0
14.0,400,0.30000000000000004,0.001,True,1000.0,90.0
14.0,400,0.30000000000000004,0.1,True,1000.0,90.0
14.0,400,0.4,0.01,False,1000.0,90.0
14.0,400,0.4,0.1,False,1000.0,90.0
14.0,400,0.4,0.0001,True,1000.0,90.0
14.0,400,0.4,0.001,True,1000.0,90.0
14.0,400,0.4,0.01,True,1000.0,90.0
14.0,400,0.4,0.1,True,1000.0,90.0
14.0,600,0.001,0.0001,False,6.191746199340669,29.19349345940423
14.0,600,0.001,0.001,False,6.191746199340669,29.19349345940423
14.0,600,0.001,0.01,False,6.191746199340669,29.19349345940423
14.0,600,0.002,0.0001,False,6.7182197083620006,82.57437048017788
14.0,600,0.001,0.1,False,6.191746199340669,29.19349345940423
14.0,600,0.002,0.01,False,6.7182197083620006,82.57437048017788
14.0,600,0.003,0.0001,False,31.92618724979304,58.374366473687374
14.0,600,0.003,0.001,False,31.92618724979304,58.374366473687374
14.0,600,0.003,0.01,False,31.92618724979304,58.374366473687374
14.0,600,0.002,0.1,False,6.7182197083620006,82.57437048017788
14.0,600,0.002,0.001,False,6.7182197083620006,82.57437048017788
14.0,600,0.004,0.0001,False,41.579848236036156,81.92772291111599
14.0,600,0.004,0.001,False,41.579848236036156,81.92772291111599
14.0,600,0.003,0.1,False,31.92618724979304,58.374366473687374
14.0,600,0.004,0.01,False,41.579848236036156,81.92772291111599
14.0,600,0.001,0.1,True,1.4105439137163125,72.56215068410825
14.0,600,0.002,0.001,True,102.38715414059925,90.0
14.0,600,0.001,0.01,True,1.4105439137163125,72.56215068410825
14.0,600,0.001,0.001,True,1.4105439137163125,72.56215068410825
14.0,600,0.001,0.0001,True,1.4105439137163125,72.56215068410825
14.0,600,0.002,0.01,True,102.38715414059925,90.0
14.0,600,0.002,0.0001,True,102.38715414059925,90.0
14.0,600,0.002,0.1,True,102.38715414059925,90.0
14.0,600,0.003,0.01,True,1000.0,90.0
14.0,600,0.004,0.0001,True,1000.0,90.0
14.0,600,0.003,0.001,True,1000.0,90.0
14.0,600,0.003,0.1,True,1000.0,90.0
14.0,600,0.003,0.0001,True,1000.0,90.0
14.0,600,0.004,0.001,True,1000.0,90.0
14.0,600,0.004,0.01,True,1000.0,90.0
14.0,600,0.005,0.001,False,58.25957338795702,89.99278831707365
14.0,600,0.005,0.0001,False,58.25957338795702,89.99278831707365
14.0,600,0.004,0.1,False,41.579848236036156,81.92772291111599
14.0,600,0.005,0.01,False,58.25957338795702,89.99278831707365
14.0,600,0.006,0.0001,False,1000.0,90.0
14.0,600,0.005,0.1,False,58.25957338795702,89.99278831707365
14.0,600,0.006,0.001,False,1000.0,90.0
14.0,600,0.007,0.001,False,1000.0,90.0
14.0,600,0.006,0.1,False,1000.0,90.0
14.0,600,0.004,0.1,True,1000.0,90.0
14.0,600,0.007,0.0001,False,1000.0,90.0
14.0,600,0.005,0.001,True,1000.0,90.0
14.0,600,0.005,0.0001,True,1000.0,90.0
14.0,600,0.005,0.01,True,1000.0,90.0
14.0,600,0.006,0.01,False,1000.0,90.0
14.0,600,0.005,0.1,True,1000.0,90.0
14.0,600,0.006,0.01,True,1000.0,90.0
14.0,600,0.006,0.0001,True,1000.0,90.0
14.0,600,0.007,0.01,False,1000.0,90.0
14.0,600,0.007,0.1,False,1000.0,90.0
14.0,600,0.008,0.0001,False,1000.0,90.0
14.0,600,0.006,0.001,True,1000.0,90.0
14.0,600,0.008,0.001,False,1000.0,90.0
14.0,600,0.008,0.0001,True,1000.0,90.0
14.0,600,0.008,0.001,True,1000.0,90.0
14.0,600,0.007,0.0001,True,1000.0,90.0
14.0,600,0.008,0.01,False,1000.0,90.0
14.0,600,0.007,0.01,True,1000.0,90.0
14.0,600,0.007,0.001,True,1000.0,90.0
14.0,600,0.009000000000000001,0.0001,True,1000.0,90.0
14.0,600,0.009000000000000001,0.0001,False,1000.0,90.0
14.0,600,0.008,0.1,False,1000.0,90.0
14.0,600,0.007,0.1,True,1000.0,90.0
14.0,600,0.006,0.1,True,1000.0,90.0
14.0,600,0.009000000000000001,0.001,True,1000.0,90.0
14.0,600,0.008,0.01,True,1000.0,90.0
14.0,600,0.01,0.001,True,1000.0,90.0
14.0,600,0.01,0.0001,True,1000.0,90.0
14.0,600,0.01,0.01,True,1000.0,90.0
14.0,600,0.008,0.1,True,1000.0,90.0
14.0,600,0.009000000000000001,0.001,False,1000.0,90.0
14.0,600,0.009000000000000001,0.01,True,1000.0,90.0
14.0,600,0.009000000000000001,0.1,False,1000.0,90.0
14.0,600,0.01,0.0001,False,1000.0,90.0
14.0,600,0.009000000000000001,0.1,True,1000.0,90.0
14.0,600,0.01,0.1,True,1000.0,90.0
14.0,600,0.009000000000000001,0.01,False,1000.0,90.0
14.0,600,0.02,0.0001,False,1000.0,90.0
14.0,600,0.01,0.001,False,1000.0,90.0
14.0,600,0.02,0.001,False,1000.0,90.0
14.0,600,0.02,0.01,False,1000.0,90.0
14.0,600,0.01,0.0001,True,1000.0,90.0
14.0,600,0.02,0.1,False,1000.0,90.0
14.0,600,0.01,0.001,True,1000.0,90.0
14.0,600,0.01,0.1,False,1000.0,90.0
14.0,600,0.01,0.01,False,1000.0,90.0
14.0,600,0.03,0.1,False,1000.0,90.0
14.0,600,0.04,0.001,False,1000.0,90.0
14.0,600,0.03,0.001,False,1000.0,90.0
14.0,600,0.03,0.0001,False,1000.0,90.0
14.0,600,0.03,0.01,False,1000.0,90.0
14.0,600,0.04,0.0001,False,1000.0,90.0
14.0,600,0.01,0.0001,False,1000.0,90.0
14.0,600,0.01,0.01,True,1000.0,90.0
14.0,600,0.01,0.1,True,1000.0,90.0
14.0,600,0.03,0.001,True,1000.0,90.0
14.0,600,0.02,0.01,True,1000.0,90.0
14.0,600,0.04,0.01,False,1000.0,90.0
14.0,600,0.02,0.001,True,1000.0,90.0
14.0,600,0.03,0.0001,True,1000.0,90.0
14.0,600,0.04,0.1,False,1000.0,90.0
14.0,600,0.03,0.01,True,1000.0,90.0
14.0,600,0.05,0.0001,False,1000.0,90.0
14.0,600,0.02,0.0001,True,1000.0,90.0
14.0,600,0.01,0.001,False,1000.0,90.0
14.0,600,0.01,0.1,False,1000.0,90.0
14.0,600,0.02,0.1,True,1000.0,90.0
14.0,600,0.03,0.1,True,1000.0,90.0
14.0,600,0.04,0.01,True,1000.0,90.0
14.0,600,0.06,0.0001,False,1000.0,90.0
14.0,600,0.04,0.001,True,1000.0,90.0
14.0,600,0.01,0.01,False,1000.0,90.0
14.0,600,0.05,0.1,False,1000.0,90.0
14.0,600,0.04,0.0001,True,1000.0,90.0
14.0,600,0.05,0.001,False,1000.0,90.0
14.0,600,0.05,0.01,False,1000.0,90.0
14.0,600,0.04,0.1,True,1000.0,90.0
14.0,600,0.06,0.001,False,1000.0,90.0
14.0,600,0.05,0.0001,True,1000.0,90.0
14.0,600,0.06,0.01,False,1000.0,90.0
14.0,600,0.05,0.001,True,1000.0,90.0
14.0,600,0.07,0.0001,False,1000.0,90.0
14.0,600,0.07,0.001,False,1000.0,90.0
14.0,600,0.06,0.1,False,1000.0,90.0
14.0,600,0.07,0.1,False,1000.0,90.0
14.0,600,0.05,0.1,True,1000.0,90.0
14.0,600,0.05,0.01,True,1000.0,90.0
14.0,600,0.07,0.01,False,1000.0,90.0
14.0,600,0.06,0.0001,True,1000.0,90.0
14.0,600,0.09,0.0001,False,1000.0,90.0
14.0,600,0.06,0.001,True,1000.0,90.0
14.0,600,0.08,0.01,False,1000.0,90.0
14.0,600,0.06,0.01,True,1000.0,90.0
14.0,600,0.08,0.1,False,1000.0,90.0
14.0,600,0.07,0.001,True,1000.0,90.0
14.0,600,0.08,0.0001,False,1000.0,90.0
14.0,600,0.06,0.1,True,1000.0,90.0
14.0,600,0.08,0.001,False,1000.0,90.0
14.0,600,0.07,0.01,True,1000.0,90.0
14.0,600,0.07,0.1,True,1000.0,90.0
14.0,600,0.07,0.0001,True,1000.0,90.0
14.0,600,0.08,0.0001,True,1000.0,90.0
14.0,600,0.09,0.001,False,1000.0,90.0
14.0,600,0.09,0.01,False,1000.0,90.0
14.0,600,0.09,0.1,False,1000.0,90.0
14.0,600,0.08,0.001,True,1000.0,90.0
14.0,600,0.1,0.0001,False,1000.0,90.0
14.0,600,0.08,0.1,True,1000.0,90.0
14.0,600,0.09,0.0001,True,1000.0,90.0
14.0,600,0.1,0.001,False,1000.0,90.0
14.0,600,0.1,0.01,False,1000.0,90.0
14.0,600,0.08,0.01,True,1000.0,90.0
14.0,600,0.1,0.0001,True,1000.0,90.0
14.0,600,0.09,0.001,True,1000.0,90.0
14.0,600,0.1,0.1,False,1000.0,90.0
14.0,600,0.1,0.001,True,1000.0,90.0
14.0,600,0.1,0.01,False,1000.0,90.0
14.0,600,0.1,0.0001,False,1000.0,90.0
14.0,600,0.1,0.001,False,1000.0,90.0
14.0,600,0.09,0.1,True,1000.0,90.0
14.0,600,0.09,0.01,True,1000.0,90.0
14.0,600,0.1,0.01,True,1000.0,90.0
14.0,600,0.2,0.01,False,1000.0,90.0
14.0,600,0.2,0.1,False,1000.0,90.0
14.0,600,0.1,0.1,False,1000.0,90.0
14.0,600,0.2,0.0001,False,1000.0,90.0
14.0,600,0.2,0.001,False,1000.0,90.0
14.0,600,0.1,0.1,True,1000.0,90.0
14.0,600,0.1,0.1,True,1000.0,90.0
14.0,600,0.30000000000000004,0.0001,False,1000.0,90.0
14.0,600,0.1,0.0001,True,1000.0,90.0
14.0,600,0.1,0.001,True,1000.0,90.0
14.0,600,0.2,0.001,True,1000.0,90.0
14.0,600,0.1,0.01,True,1000.0,90.0
14.0,600,0.30000000000000004,0.001,False,1000.0,90.0
14.0,600,0.30000000000000004,0.01,False,1000.0,90.0
14.0,600,0.2,0.01,True,1000.0,90.0
14.0,600,0.4,0.0001,False,1000.0,90.0
14.0,600,0.2,0.0001,True,1000.0,90.0
14.0,600,0.30000000000000004,0.1,False,1000.0,90.0
14.0,600,0.30000000000000004,0.0001,True,1000.0,90.0
14.0,600,0.2,0.1,True,1000.0,90.0
14.0,600,0.4,0.001,False,1000.0,90.0
14.0,600,0.30000000000000004,0.001,True,1000.0,90.0
14.0,600,0.4,0.1,False,1000.0,90.0
14.0,600,0.30000000000000004,0.1,True,1000.0,90.0
14.0,600,0.4,0.01,False,1000.0,90.0
14.0,600,0.30000000000000004,0.01,True,1000.0,90.0
14.0,600,0.4,0.0001,True,1000.0,90.0
14.0,600,0.4,0.001,True,1000.0,90.0
14.0,600,0.4,0.01,True,1000.0,90.0
14.0,600,0.4,0.1,True,1000.0,90.0
14.0,800,0.001,0.0001,False,3.3790820683190175,90.0
14.0,800,0.001,0.001,False,3.3790820683190175,90.0
14.0,800,0.002,0.1,False,8.520890470805206,89.97836495122097
14.0,800,0.001,0.01,False,3.3790820683190175,90.0
14.0,800,0.001,0.1,False,3.3790820683190175,90.0
14.0,800,0.002,0.001,False,8.520890470805206,89.97836495122097
14.0,800,0.002,0.0001,False,8.520890470805206,89.97836495122097
14.0,800,0.003,0.0001,False,49.607200749804626,86.91820749614375
14.0,800,0.002,0.01,False,8.520890470805206,89.97836495122097
14.0,800,0.003,0.1,False,49.607200749804626,86.91820749614375
14.0,800,0.003,0.01,False,49.607200749804626,86.91820749614375
14.0,800,0.003,0.001,False,49.607200749804626,86.91820749614375
14.0,800,0.004,0.0001,False,108.44839060398672,89.99759610569122
14.0,800,0.004,0.001,False,108.44839060398672,89.99759610569122
14.0,800,0.004,0.01,False,108.44839060398672,89.99759610569122
14.0,800,0.001,0.0001,True,0.6573504813115255,90.0
14.0,800,0.001,0.01,True,0.6573504813115255,90.0
14.0,800,0.001,0.1,True,0.6573504813115255,90.0
14.0,800,0.001,0.001,True,0.6573504813115255,90.0
14.0,800,0.003,0.1,True,1000.0,90.0
14.0,800,0.003,0.01,True,1000.0,90.0
14.0,800,0.002,0.01,True,218.93566447433466,90.0
14.0,800,0.003,0.001,True,1000.0,90.0
14.0,800,0.002,0.1,True,218.93566447433466,90.0
14.0,800,0.002,0.001,True,218.93566447433466,90.0
14.0,800,0.002,0.0001,True,218.93566447433466,90.0
14.0,800,0.003,0.0001,True,1000.0,90.0
14.0,800,0.004,0.0001,True,1000.0,90.0
14.0,800,0.004,0.001,True,1000.0,90.0
14.0,800,0.004,0.1,False,108.44839060398672,89.99759610569122
14.0,800,0.004,0.01,True,1000.0,90.0
14.0,800,0.005,0.0001,False,1000.0,90.0
14.0,800,0.005,0.1,False,1000.0,90.0
14.0,800,0.005,0.001,False,1000.0,90.0
14.0,800,0.005,0.01,False,1000.0,90.0
14.0,800,0.006,0.0001,False,1000.0,90.0
14.0,800,0.006,0.001,False,1000.0,90.0
14.0,800,0.006,0.01,False,1000.0,90.0
14.0,800,0.004,0.1,True,1000.0,90.0
14.0,800,0.006,0.1,False,1000.0,90.0
14.0,800,0.005,0.0001,True,1000.0,90.0
14.0,800,0.005,0.001,True,1000.0,90.0
14.0,800,0.007,0.1,False,1000.0,90.0
14.0,800,0.007,0.0001,False,1000.0,90.0
14.0,800,0.005,0.1,True,1000.0,90.0
14.0,800,0.007,0.001,False,1000.0,90.0
14.0,800,0.005,0.01,True,1000.0,90.0
14.0,800,0.007,0.01,False,1000.0,90.0
14.0,800,0.008,0.0001,False,1000.0,90.0
14.0,800,0.006,0.0001,True,1000.0,90.0
14.0,800,0.008,0.001,False,1000.0,90.0
14.0,800,0.006,0.001,True,1000.0,90.0
14.0,800,0.006,0.01,True,1000.0,90.0
14.0,800,0.008,0.01,False,1000.0,90.0
14.0,800,0.008,0.1,False,1000.0,90.0
14.0,800,0.009000000000000001,0.0001,False,1000.0,90.0
14.0,800,0.006,0.1,True,1000.0,90.0
14.0,800,0.007,0.1,True,1000.0,90.0
14.0,800,0.007,0.0001,True,1000.0,90.0
14.0,800,0.009000000000000001,0.001,False,1000.0,90.0
14.0,800,0.007,0.01,True,1000.0,90.0
14.0,800,0.009000000000000001,0.01,False,1000.0,90.0
14.0,800,0.008,0.0001,True,1000.0,90.0
14.0,800,0.007,0.001,True,1000.0,90.0
14.0,800,0.008,0.001,True,1000.0,90.0
14.0,800,0.01,0.0001,False,1000.0,90.0
14.0,800,0.009000000000000001,0.0001,True,1000.0,90.0
14.0,800,0.009000000000000001,0.1,False,1000.0,90.0
14.0,800,0.008,0.01,True,1000.0,90.0
14.0,800,0.008,0.1,True,1000.0,90.0
14.0,800,0.01,0.01,False,1000.0,90.0
14.0,800,0.01,0.001,False,1000.0,90.0
14.0,800,0.01,0.0001,False,1000.0,90.0
14.0,800,0.01,0.1,False,1000.0,90.0
14.0,800,0.01,0.001,False,1000.0,90.0
14.0,800,0.009000000000000001,0.001,True,1000.0,90.0
14.0,800,0.02,0.001,False,1000.0,90.0
14.0,800,0.02,0.0001,False,1000.0,90.0
14.0,800,0.02,0.01,False,1000.0,90.0
14.0,800,0.009000000000000001,0.01,True,1000.0,90.0
14.0,800,0.02,0.0001,True,1000.0,90.0
14.0,800,0.02,0.001,True,1000.0,90.0
14.0,800,0.02,0.1,False,1000.0,90.0
14.0,800,0.009000000000000001,0.1,True,1000.0,90.0
14.0,800,0.03,0.0001,False,1000.0,90.0
14.0,800,0.03,0.001,False,1000.0,90.0
14.0,800,0.01,0.01,False,1000.0,90.0
14.0,800,0.03,0.01,False,1000.0,90.0
14.0,800,0.04,0.0001,False,1000.0,90.0
14.0,800,0.01,0.1,False,1000.0,90.0
14.0,800,0.02,0.1,True,1000.0,90.0
14.0,800,0.03,0.1,False,1000.0,90.0
14.0,800,0.03,0.0001,True,1000.0,90.0
14.0,800,0.04,0.001,False,1000.0,90.0
14.0,800,0.02,0.01,True,1000.0,90.0
14.0,800,0.01,0.1,True,1000.0,90.0
14.0,800,0.01,0.01,True,1000.0,90.0
14.0,800,0.01,0.001,True,1000.0,90.0
14.0,800,0.04,0.01,False,1000.0,90.0
14.0,800,0.05,0.0001,False,1000.0,90.0
14.0,800,0.03,0.01,True,1000.0,90.0
14.0,800,0.04,0.1,False,1000.0,90.0
14.0,800,0.01,0.0001,True,1000.0,90.0
14.0,800,0.03,0.001,True,1000.0,90.0
14.0,800,0.05,0.001,False,1000.0,90.0
14.0,800,0.03,0.1,True,1000.0,90.0
14.0,800,0.05,0.01,False,1000.0,90.0
14.0,800,0.04,0.0001,True,1000.0,90.0
14.0,800,0.01,0.0001,True,1000.0,90.0
14.0,800,0.01,0.001,True,1000.0,90.0
14.0,800,0.04,0.001,True,1000.0,90.0
14.0,800,0.05,0.1,False,1000.0,90.0
14.0,800,0.06,0.0001,False,1000.0,90.0
14.0,800,0.05,0.0001,True,1000.0,90.0
14.0,800,0.06,0.001,False,1000.0,90.0
14.0,800,0.05,0.01,True,1000.0,90.0
14.0,800,0.05,0.001,True,1000.0,90.0
14.0,800,0.04,0.1,True,1000.0,90.0
14.0,800,0.06,0.01,False,1000.0,90.0
14.0,800,0.04,0.01,True,1000.0,90.0
14.0,800,0.06,0.1,False,1000.0,90.0
14.0,800,0.07,0.0001,False,1000.0,90.0
14.0,800,0.06,0.0001,True,1000.0,90.0
14.0,800,0.07,0.001,False,1000.0,90.0
14.0,800,0.05,0.1,True,1000.0,90.0
14.0,800,0.07,0.01,False,1000.0,90.0
14.0,800,0.07,0.1,False,1000.0,90.0
14.0,800,0.07,0.001,True,1000.0,90.0
14.0,800,0.08,0.001,False,1000.0,90.0
14.0,800,0.06,0.01,True,1000.0,90.0
14.0,800,0.01,0.01,True,1000.0,90.0
14.0,800,0.08,0.01,False,1000.0,90.0
14.0,800,0.07,0.01,True,1000.0,90.0
14.0,800,0.07,0.0001,True,1000.0,90.0
14.0,800,0.06,0.001,True,1000.0,90.0
14.0,800,0.08,0.0001,False,1000.0,90.0
14.0,800,0.08,0.1,False,1000.0,90.0
14.0,800,0.06,0.1,True,1000.0,90.0
14.0,800,0.07,0.1,True,1000.0,90.0
14.0,800,0.09,0.0001,False,1000.0,90.0
14.0,800,0.01,0.1,True,1000.0,90.0
14.0,800,0.09,0.001,False,1000.0,90.0
14.0,800,0.09,0.01,False,1000.0,90.0
14.0,800,0.08,0.01,True,1000.0,90.0
14.0,800,0.09,0.1,False,1000.0,90.0
14.0,800,0.08,0.001,True,1000.0,90.0
14.0,800,0.08,0.0001,True,1000.0,90.0
14.0,800,0.1,0.0001,False,1000.0,90.0
14.0,800,0.09,0.0001,True,1000.0,90.0
14.0,800,0.1,0.01,False,1000.0,90.0
14.0,800,0.08,0.1,True,1000.0,90.0
14.0,800,0.1,0.001,False,1000.0,90.0
14.0,800,0.1,0.0001,False,1000.0,90.0
14.0,800,0.1,0.1,False,1000.0,90.0
14.0,800,0.09,0.01,True,1000.0,90.0
14.0,800,0.1,0.01,False,1000.0,90.0
14.0,800,0.09,0.001,True,1000.0,90.0
14.0,800,0.1,0.001,False,1000.0,90.0
14.0,800,0.1,0.1,False,1000.0,90.0
14.0,800,0.1,0.0001,True,1000.0,90.0
14.0,800,0.09,0.1,True,1000.0,90.0
14.0,800,0.1,0.001,True,1000.0,90.0
14.0,800,0.2,0.001,False,1000.0,90.0
14.0,800,0.2,0.01,False,1000.0,90.0
14.0,800,0.2,0.0001,False,1000.0,90.0
14.0,800,0.1,0.1,True,1000.0,90.0
14.0,800,0.1,0.01,True,1000.0,90.0
14.0,800,0.30000000000000004,0.0001,False,1000.0,90.0
14.0,800,0.1,0.1,True,1000.0,90.0
14.0,800,0.2,0.0001,True,1000.0,90.0
14.0,800,0.1,0.0001,True,1000.0,90.0
14.0,800,0.1,0.01,True,1000.0,90.0
14.0,800,0.30000000000000004,0.1,False,1000.0,90.0
14.0,800,0.1,0.001,True,1000.0,90.0
14.0,800,0.2,0.1,False,1000.0,90.0
14.0,800,0.30000000000000004,0.01,False,1000.0,90.0
14.0,800,0.30000000000000004,0.001,False,1000.0,90.0
14.0,800,0.4,0.0001,False,1000.0,90.0
14.0,800,0.4,0.001,False,1000.0,90.0
14.0,800,0.4,0.01,False,1000.0,90.0
14.0,800,0.2,0.001,True,1000.0,90.0
14.0,800,0.2,0.1,True,1000.0,90.0
14.0,800,0.2,0.01,True,1000.0,90.0
14.0,800,0.30000000000000004,0.001,True,1000.0,90.0
14.0,800,0.4,0.1,False,1000.0,90.0
14.0,800,0.4,0.0001,True,1000.0,90.0
14.0,800,0.30000000000000004,0.0001,True,1000.0,90.0
14.0,800,0.4,0.001,True,1000.0,90.0
14.0,800,0.30000000000000004,0.1,True,1000.0,90.0
14.0,800,0.30000000000000004,0.01,True,1000.0,90.0
14.0,800,0.4,0.01,True,1000.0,90.0
14.0,800,0.4,0.1,True,1000.0,90.0
14.0,1000,0.001,0.0001,False,2.715248526353995,77.86033374065985
14.0,1000,0.001,0.001,False,2.715248526353995,77.86033374065985
14.0,1000,0.002,0.001,False,9.014053285980637,89.99519221138243
14.0,1000,0.001,0.01,False,2.715248526353995,77.86033374065985
14.0,1000,0.002,0.0001,False,9.014053285980637,89.99519221138243
14.0,1000,0.002,0.01,False,9.014053285980637,89.99519221138243
14.0,1000,0.001,0.1,False,2.715248526353995,77.86033374065985
14.0,1000,0.003,0.001,False,400.531653902327,90.0
14.0,1000,0.003,0.0001,False,400.531653902327,90.0
14.0,1000,0.002,0.1,False,9.014053285980637,89.99519221138243
14.0,1000,0.003,0.1,False,400.531653902327,90.0
14.0,1000,0.003,0.01,False,400.531653902327,90.0
14.0,1000,0.004,0.001,False,1000.0,90.0
14.0,1000,0.004,0.0001,False,1000.0,90.0
14.0,1000,0.004,0.01,False,1000.0,90.0
14.0,1000,0.001,0.001,True,0.6379319728398541,90.0
14.0,1000,0.001,0.0001,True,0.6379319728398541,90.0
14.0,1000,0.003,0.0001,True,1000.0,90.0
14.0,1000,0.001,0.1,True,0.6379319728398541,90.0
14.0,1000,0.002,0.01,True,38.240206718717126,87.76918608145195
14.0,1000,0.001,0.01,True,0.6379319728398541,90.0
14.0,1000,0.002,0.0001,True,38.240206718717126,87.76918608145195
14.0,1000,0.002,0.1,True,38.240206718717126,87.76918608145195
14.0,1000,0.002,0.001,True,38.240206718717126,87.76918608145195
14.0,1000,0.003,0.001,True,1000.0,90.0
14.0,1000,0.004,0.1,False,1000.0,90.0
14.0,1000,0.003,0.1,True,1000.0,90.0
14.0,1000,0.005,0.0001,False,1000.0,90.0
14.0,1000,0.005,0.01,False,1000.0,90.0
14.0,1000,0.003,0.01,True,1000.0,90.0
14.0,1000,0.004,0.001,True,1000.0,90.0
14.0,1000,0.004,0.0001,True,1000.0,90.0
14.0,1000,0.005,0.1,False,1000.0,90.0
14.0,1000,0.006,0.0001,False,1000.0,90.0
14.0,1000,0.005,0.001,False,1000.0,90.0
14.0,1000,0.004,0.01,True,1000.0,90.0
14.0,1000,0.006,0.001,False,1000.0,90.0
14.0,1000,0.004,0.1,True,1000.0,90.0
14.0,1000,0.006,0.01,False,1000.0,90.0
14.0,1000,0.006,0.1,False,1000.0,90.0
14.0,1000,0.005,0.01,True,1000.0,90.0
14.0,1000,0.005,0.0001,True,1000.0,90.0
14.0,1000,0.005,0.001,True,1000.0,90.0
14.0,1000,0.005,0.1,True,1000.0,90.0
14.0,1000,0.007,0.0001,False,1000.0,90.0
14.0,1000,0.007,0.001,False,1000.0,90.0
14.0,1000,0.009000000000000001,0.0001,False,1000.0,90.0
14.0,1000,0.007,0.01,False,1000.0,90.0
14.0,1000,0.006,0.0001,True,1000.0,90.0
14.0,1000,0.007,0.1,False,1000.0,90.0
14.0,1000,0.008,0.0001,False,1000.0,90.0
14.0,1000,0.006,0.001,True,1000.0,90.0
14.0,1000,0.008,0.001,False,1000.0,90.0
14.0,1000,0.008,0.01,False,1000.0,90.0
14.0,1000,0.008,0.1,False,1000.0,90.0
14.0,1000,0.006,0.01,True,1000.0,90.0
14.0,1000,0.007,0.001,True,1000.0,90.0
14.0,1000,0.007,0.01,True,1000.0,90.0
14.0,1000,0.007,0.0001,True,1000.0,90.0
14.0,1000,0.007,0.1,True,1000.0,90.0
14.0,1000,0.009000000000000001,0.001,False,1000.0,90.0
14.0,1000,0.006,0.1,True,1000.0,90.0
14.0,1000,0.009000000000000001,0.01,False,1000.0,90.0
14.0,1000,0.008,0.0001,True,1000.0,90.0
14.0,1000,0.009000000000000001,0.1,False,1000.0,90.0
14.0,1000,0.01,0.0001,False,1000.0,90.0
14.0,1000,0.008,0.01,True,1000.0,90.0
14.0,1000,0.008,0.001,True,1000.0,90.0
14.0,1000,0.01,0.001,False,1000.0,90.0
14.0,1000,0.01,0.01,False,1000.0,90.0
14.0,1000,0.008,0.1,True,1000.0,90.0
14.0,1000,0.01,0.1,False,1000.0,90.0
14.0,1000,0.02,0.0001,False,1000.0,90.0
14.0,1000,0.01,0.01,False,1000.0,90.0
14.0,1000,0.009000000000000001,0.0001,True,1000.0,90.0
14.0,1000,0.01,0.0001,False,1000.0,90.0
14.0,1000,0.01,0.001,False,1000.0,90.0
14.0,1000,0.02,0.001,False,1000.0,90.0
14.0,1000,0.02,0.1,False,1000.0,90.0
14.0,1000,0.03,0.0001,False,1000.0,90.0
14.0,1000,0.02,0.01,False,1000.0,90.0
14.0,1000,0.03,0.01,False,1000.0,90.0
14.0,1000,0.01,0.1,False,1000.0,90.0
14.0,1000,0.02,0.0001,True,1000.0,90.0
14.0,1000,0.03,0.001,False,1000.0,90.0
14.0,1000,0.03,0.1,False,1000.0,90.0
14.0,1000,0.009000000000000001,0.001,True,1000.0,90.0
14.0,1000,0.02,0.001,True,1000.0,90.0
14.0,1000,0.04,0.001,False,1000.0,90.0
14.0,1000,0.04,0.0001,False,1000.0,90.0
14.0,1000,0.009000000000000001,0.1,True,1000.0,90.0
14.0,1000,0.009000000000000001,0.01,True,1000.0,90.0
14.0,1000,0.04,0.01,False,1000.0,90.0
14.0,1000,0.02,0.01,True,1000.0,90.0
14.0,1000,0.04,0.1,False,1000.0,90.0
14.0,1000,0.02,0.1,True,1000.0,90.0
14.0,1000,0.03,0.0001,True,1000.0,90.0
14.0,1000,0.05,0.0001,False,1000.0,90.0
14.0,1000,0.03,0.01,True,1000.0,90.0
14.0,1000,0.01,0.001,True,1000.0,90.0
14.0,1000,0.01,0.0001,True,1000.0,90.0
14.0,1000,0.05,0.001,False,1000.0,90.0
14.0,1000,0.03,0.001,True,1000.0,90.0
14.0,1000,0.05,0.01,False,1000.0,90.0
14.0,1000,0.03,0.1,True,1000.0,90.0
14.0,1000,0.01,0.0001,True,1000.0,90.0
14.0,1000,0.01,0.01,True,1000.0,90.0
14.0,1000,0.06,0.001,False,1000.0,90.0
14.0,1000,0.04,0.01,True,1000.0,90.0
14.0,1000,0.04,0.001,True,1000.0,90.0
14.0,1000,0.06,0.0001,False,1000.0,90.0
14.0,1000,0.05,0.0001,True,1000.0,90.0
14.0,1000,0.05,0.1,False,1000.0,90.0
14.0,1000,0.01,0.1,True,1000.0,90.0
14.0,1000,0.04,0.0001,True,1000.0,90.0
14.0,1000,0.01,0.01,True,1000.0,90.0
14.0,1000,0.06,0.1,False,1000.0,90.0
14.0,1000,0.06,0.01,False,1000.0,90.0
14.0,1000,0.07,0.0001,False,1000.0,90.0
14.0,1000,0.04,0.1,True,1000.0,90.0
14.0,1000,0.05,0.001,True,1000.0,90.0
14.0,1000,0.01,0.001,True,1000.0,90.0
14.0,1000,0.07,0.01,False,1000.0,90.0
14.0,1000,0.06,0.0001,True,1000.0,90.0
14.0,1000,0.06,0.001,True,1000.0,90.0
14.0,1000,0.07,0.001,False,1000.0,90.0
14.0,1000,0.01,0.1,True,1000.0,90.0
14.0,1000,0.05,0.01,True,1000.0,90.0
14.0,1000,0.05,0.1,True,1000.0,90.0
14.0,1000,0.08,0.0001,False,1000.0,90.0
14.0,1000,0.07,0.1,False,1000.0,90.0
14.0,1000,0.06,0.01,True,1000.0,90.0
14.0,1000,0.08,0.001,False,1000.0,90.0
14.0,1000,0.09,0.0001,False,1000.0,90.0
14.0,1000,0.08,0.01,False,1000.0,90.0
14.0,1000,0.06,0.1,True,1000.0,90.0
14.0,1000,0.08,0.1,False,1000.0,90.0
14.0,1000,0.07,0.0001,True,1000.0,90.0
14.0,1000,0.1,0.0001,False,1000.0,90.0
14.0,1000,0.07,0.001,True,1000.0,90.0
14.0,1000,0.09,0.1,False,1000.0,90.0
14.0,1000,0.1,0.01,False,1000.0,90.0
14.0,1000,0.07,0.01,True,1000.0,90.0
14.0,1000,0.09,0.001,False,1000.0,90.0
14.0,1000,0.1,0.001,False,1000.0,90.0
14.0,1000,0.07,0.1,True,1000.0,90.0
14.0,1000,0.08,0.001,True,1000.0,90.0
14.0,1000,0.09,0.01,False,1000.0,90.0
14.0,1000,0.1,0.1,False,1000.0,90.0
14.0,1000,0.08,0.1,True,1000.0,90.0
14.0,1000,0.08,0.01,True,1000.0,90.0
14.0,1000,0.08,0.0001,True,1000.0,90.0
14.0,1000,0.1,0.0001,False,1000.0,90.0
14.0,1000,0.09,0.0001,True,1000.0,90.0
14.0,1000,0.1,0.001,False,1000.0,90.0
14.0,1000,0.1,0.01,False,1000.0,90.0
14.0,1000,0.09,0.01,True,1000.0,90.0
14.0,1000,0.1,0.1,False,1000.0,90.0
14.0,1000,0.09,0.001,True,1000.0,90.0
14.0,1000,0.2,0.01,False,1000.0,90.0
14.0,1000,0.1,0.0001,True,1000.0,90.0
14.0,1000,0.09,0.1,True,1000.0,90.0
14.0,1000,0.1,0.001,True,1000.0,90.0
14.0,1000,0.2,0.0001,False,1000.0,90.0
14.0,1000,0.2,0.001,False,1000.0,90.0
14.0,1000,0.2,0.1,False,1000.0,90.0
14.0,1000,0.1,0.0001,True,1000.0,90.0
14.0,1000,0.1,0.01,True,1000.0,90.0
14.0,1000,0.30000000000000004,0.0001,False,1000.0,90.0
14.0,1000,0.30000000000000004,0.001,False,1000.0,90.0
14.0,1000,0.2,0.0001,True,1000.0,90.0
14.0,1000,0.1,0.1,True,1000.0,90.0
14.0,1000,0.1,0.001,True,1000.0,90.0
14.0,1000,0.1,0.1,True,1000.0,90.0
14.0,1000,0.30000000000000004,0.01,False,1000.0,90.0
14.0,1000,0.30000000000000004,0.1,False,1000.0,90.0
14.0,1000,0.1,0.01,True,1000.0,90.0
14.0,1000,0.30000000000000004,0.001,True,1000.0,90.0
14.0,1000,0.2,0.1,True,1000.0,90.0
14.0,1000,0.4,0.0001,False,1000.0,90.0
14.0,1000,0.30000000000000004,0.0001,True,1000.0,90.0
14.0,1000,0.4,0.01,False,1000.0,90.0
14.0,1000,0.2,0.001,True,1000.0,90.0
14.0,1000,0.4,0.0001,True,1000.0,90.0
14.0,1000,0.4,0.1,False,1000.0,90.0
14.0,1000,0.30000000000000004,0.01,True,1000.0,90.0
14.0,1000,0.2,0.01,True,1000.0,90.0
14.0,1000,0.30000000000000004,0.1,True,1000.0,90.0
14.0,1000,0.4,0.001,False,1000.0,90.0
14.0,1000,0.4,0.1,True,1000.0,90.0
14.0,1000,0.4,0.001,True,1000.0,90.0
14.0,1000,0.4,0.01,True,1000.0,90.0
14.0,1500,0.001,0.001,False,1.2020019344541066,86.73551152867644
14.0,1500,0.001,0.0001,False,1.2020019344541066,86.73551152867644
14.0,1500,0.002,0.1,False,4.8485959869779105,89.99759610569122
14.0,1500,0.002,0.0001,False,4.8485959869779105,89.99759610569122
14.0,1500,0.001,0.01,False,1.2020019344541066,86.73551152867644
14.0,1500,0.001,0.1,False,1.2020019344541066,86.73551152867644
14.0,1500,0.002,0.001,False,4.8485959869779105,89.99759610569122
14.0,1500,0.002,0.01,False,4.8485959869779105,89.99759610569122
14.0,1500,0.004,0.0001,False,1000.0,90.0
14.0,1500,0.003,0.01,False,1000.0,90.0
14.0,1500,0.003,0.1,False,1000.0,90.0
14.0,1500,0.003,0.0001,False,1000.0,90.0
14.0,1500,0.003,0.001,False,1000.0,90.0
14.0,1500,0.004,0.001,False,1000.0,90.0
14.0,1500,0.004,0.01,False,1000.0,90.0
14.0,1500,0.001,0.0001,True,0.6355325845087793,8.45028946893968
14.0,1500,0.001,0.01,True,0.6355325845087793,8.45028946893968
14.0,1500,0.004,0.1,False,1000.0,90.0
14.0,1500,0.001,0.001,True,0.6355325845087793,8.45028946893968
14.0,1500,0.002,0.0001,True,27.67616947407436,90.0
14.0,1500,0.005,0.001,False,1000.0,90.0
14.0,1500,0.005,0.0001,False,1000.0,90.0
14.0,1500,0.001,0.1,True,0.6355325845087793,8.45028946893968
14.0,1500,0.006,0.0001,False,1000.0,90.0
14.0,1500,0.005,0.1,False,1000.0,90.0
14.0,1500,0.002,0.01,True,27.67616947407436,90.0
14.0,1500,0.003,0.0001,True,1000.0,90.0
14.0,1500,0.003,0.001,True,1000.0,90.0
14.0,1500,0.002,0.1,True,27.67616947407436,90.0
14.0,1500,0.005,0.01,False,1000.0,90.0
14.0,1500,0.002,0.001,True,27.67616947407436,90.0
14.0,1500,0.003,0.1,True,1000.0,90.0
14.0,1500,0.003,0.01,True,1000.0,90.0
14.0,1500,0.006,0.001,False,1000.0,90.0
14.0,1500,0.004,0.001,True,1000.0,90.0
14.0,1500,0.004,0.0001,True,1000.0,90.0
14.0,1500,0.004,0.01,True,1000.0,90.0
14.0,1500,0.006,0.01,False,1000.0,90.0
14.0,1500,0.005,0.0001,True,1000.0,90.0
14.0,1500,0.006,0.1,False,1000.0,90.0
14.0,1500,0.007,0.0001,False,1000.0,90.0
14.0,1500,0.005,0.01,True,1000.0,90.0
14.0,1500,0.004,0.1,True,1000.0,90.0
14.0,1500,0.005,0.001,True,1000.0,90.0
14.0,1500,0.008,0.0001,False,1000.0,90.0
14.0,1500,0.007,0.01,False,1000.0,90.0
14.0,1500,0.006,0.0001,True,1000.0,90.0
14.0,1500,0.007,0.1,False,1000.0,90.0
14.0,1500,0.008,0.001,False,1000.0,90.0
14.0,1500,0.007,0.001,False,1000.0,90.0
14.0,1500,0.006,0.001,True,1000.0,90.0
14.0,1500,0.005,0.1,True,1000.0,90.0
14.0,1500,0.008,0.01,False,1000.0,90.0
14.0,1500,0.009000000000000001,0.0001,False,1000.0,90.0
14.0,1500,0.008,0.1,False,1000.0,90.0
14.0,1500,0.006,0.01,True,1000.0,90.0
14.0,1500,0.006,0.1,True,1000.0,90.0
14.0,1500,0.009000000000000001,0.001,False,1000.0,90.0
14.0,1500,0.01,0.0001,False,1000.0,90.0
14.0,1500,0.01,0.01,False,1000.0,90.0
14.0,1500,0.01,0.001,False,1000.0,90.0
14.0,1500,0.01,0.1,False,1000.0,90.0
14.0,1500,0.009000000000000001,0.01,False,1000.0,90.0
14.0,1500,0.007,0.0001,True,1000.0,90.0
14.0,1500,0.009000000000000001,0.1,False,1000.0,90.0
14.0,1500,0.01,0.0001,False,1000.0,90.0
14.0,1500,0.007,0.1,True,1000.0,90.0
14.0,1500,0.007,0.001,True,1000.0,90.0
14.0,1500,0.008,0.0001,True,1000.0,90.0
14.0,1500,0.01,0.001,False,1000.0,90.0
14.0,1500,0.007,0.01,True,1000.0,90.0
14.0,1500,0.01,0.01,False,1000.0,90.0
14.0,1500,0.008,0.01,True,1000.0,90.0
14.0,1500,0.008,0.001,True,1000.0,90.0
14.0,1500,0.008,0.1,True,1000.0,90.0
14.0,1500,0.009000000000000001,0.0001,True,1000.0,90.0
14.0,1500,0.02,0.1,False,1000.0,90.0
14.0,1500,0.009000000000000001,0.001,True,1000.0,90.0
14.0,1500,0.02,0.0001,False,1000.0,90.0
14.0,1500,0.03,0.0001,False,1000.0,90.0
14.0,1500,0.02,0.01,False,1000.0,90.0
14.0,1500,0.02,0.001,False,1000.0,90.0
14.0,1500,0.01,0.1,False,1000.0,90.0
14.0,1500,0.03,0.01,False,1000.0,90.0
14.0,1500,0.03,0.001,False,1000.0,90.0
14.0,1500,0.03,0.1,False,1000.0,90.0
14.0,1500,0.04,0.0001,False,1000.0,90.0
14.0,1500,0.04,0.001,False,1000.0,90.0
14.0,1500,0.04,0.01,False,1000.0,90.0
14.0,1500,0.009000000000000001,0.01,True,1000.0,90.0
14.0,1500,0.05,0.0001,False,1000.0,90.0
14.0,1500,0.009000000000000001,0.1,True,1000.0,90.0
14.0,1500,0.04,0.1,False,1000.0,90.0
14.0,1500,0.01,0.01,True,1000.0,90.0
14.0,1500,0.03,0.0001,True,1000.0,90.0
14.0,1500,0.05,0.001,False,1000.0,90.0
14.0,1500,0.04,0.0001,True,1000.0,90.0
14.0,1500,0.01,0.0001,True,1000.0,90.0
14.0,1500,0.01,0.001,True,1000.0,90.0
14.0,1500,0.01,0.0001,True,1000.0,90.0
14.0,1500,0.05,0.01,False,1000.0,90.0
14.0,1500,0.03,0.001,True,1000.0,90.0
14.0,1500,0.01,0.01,True,1000.0,90.0
14.0,1500,0.04,0.001,True,1000.0,90.0
14.0,1500,0.06,0.0001,False,1000.0,90.0
14.0,1500,0.01,0.1,True,1000.0,90.0
14.0,1500,0.03,0.01,True,1000.0,90.0
14.0,1500,0.02,0.001,True,1000.0,90.0
14.0,1500,0.01,0.001,True,1000.0,90.0
14.0,1500,0.04,0.01,True,1000.0,90.0
14.0,1500,0.05,0.1,False,1000.0,90.0
14.0,1500,0.05,0.001,True,1000.0,90.0
14.0,1500,0.02,0.01,True,1000.0,90.0
14.0,1500,0.05,0.0001,True,1000.0,90.0
14.0,1500,0.03,0.1,True,1000.0,90.0
14.0,1500,0.02,0.1,True,1000.0,90.0
14.0,1500,0.06,0.01,False,1000.0,90.0
14.0,1500,0.02,0.0001,True,1000.0,90.0
14.0,1500,0.04,0.1,True,1000.0,90.0
14.0,1500,0.06,0.001,False,1000.0,90.0
14.0,1500,0.06,0.1,False,1000.0,90.0
14.0,1500,0.05,0.01,True,1000.0,90.0
14.0,1500,0.07,0.0001,False,1000.0,90.0
14.0,1500,0.07,0.01,False,1000.0,90.0
14.0,1500,0.07,0.001,False,1000.0,90.0
14.0,1500,0.08,0.0001,False,1000.0,90.0
14.0,1500,0.06,0.0001,True,1000.0,90.0
14.0,1500,0.08,0.001,False,1000.0,90.0
14.0,1500,0.08,0.01,False,1000.0,90.0
14.0,1500,0.07,0.1,False,1000.0,90.0
14.0,1500,0.08,0.1,False,1000.0,90.0
14.0,1500,0.06,0.001,True,1000.0,90.0
14.0,1500,0.05,0.1,True,1000.0,90.0
14.0,1500,0.09,0.001,False,1000.0,90.0
14.0,1500,0.09,0.0001,False,1000.0,90.0
14.0,1500,0.09,0.01,False,1000.0,90.0
14.0,1500,0.06,0.01,True,1000.0,90.0
14.0,1500,0.06,0.1,True,1000.0,90.0
14.0,1500,0.07,0.0001,True,1000.0,90.0
14.0,1500,0.09,0.1,False,1000.0,90.0
14.0,1500,0.07,0.001,True,1000.0,90.0
14.0,1500,0.1,0.001,False,1000.0,90.0
14.0,1500,0.1,0.0001,False,1000.0,90.0
14.0,1500,0.07,0.01,True,1000.0,90.0
14.0,1500,0.08,0.0001,True,1000.0,90.0
14.0,1500,0.1,0.01,False,1000.0,90.0
14.0,1500,0.07,0.1,True,1000.0,90.0
14.0,1500,0.1,0.1,False,1000.0,90.0
14.0,1500,0.1,0.0001,False,1000.0,90.0
14.0,1500,0.08,0.001,True,1000.0,90.0
14.0,1500,0.01,0.1,True,1000.0,90.0
14.0,1500,0.08,0.01,True,1000.0,90.0
14.0,1500,0.08,0.1,True,1000.0,90.0
14.0,1500,0.09,0.01,True,1000.0,90.0
14.0,1500,0.1,0.001,False,1000.0,90.0
14.0,1500,0.1,0.01,False,1000.0,90.0
14.0,1500,0.09,0.0001,True,1000.0,90.0
14.0,1500,0.09,0.001,True,1000.0,90.0
14.0,1500,0.2,0.0001,False,1000.0,90.0
14.0,1500,0.1,0.1,False,1000.0,90.0
14.0,1500,0.2,0.01,False,1000.0,90.0
14.0,1500,0.30000000000000004,0.01,False,1000.0,90.0
14.0,1500,0.1,0.0001,True,1000.0,90.0
14.0,1500,0.09,0.1,True,1000.0,90.0
14.0,1500,0.2,0.001,False,1000.0,90.0
14.0,1500,0.30000000000000004,0.0001,False,1000.0,90.0
14.0,1500,0.2,0.1,False,1000.0,90.0
14.0,1500,0.1,0.0001,True,1000.0,90.0
14.0,1500,0.1,0.01,True,1000.0,90.0
14.0,1500,0.1,0.001,True,1000.0,90.0
14.0,1500,0.30000000000000004,0.001,False,1000.0,90.0
14.0,1500,0.1,0.1,True,1000.0,90.0
14.0,1500,0.30000000000000004,0.1,False,1000.0,90.0
14.0,1500,0.1,0.1,True,1000.0,90.0
14.0,1500,0.4,0.001,False,1000.0,90.0
14.0,1500,0.4,0.0001,False,1000.0,90.0
14.0,1500,0.1,0.001,True,1000.0,90.0
14.0,1500,0.1,0.01,True,1000.0,90.0
14.0,1500,0.30000000000000004,0.0001,True,1000.0,90.0
14.0,1500,0.2,0.01,True,1000.0,90.0
14.0,1500,0.4,0.01,False,1000.0,90.0
14.0,1500,0.30000000000000004,0.001,True,1000.0,90.0
14.0,1500,0.2,0.0001,True,1000.0,90.0
14.0,1500,0.4,0.1,False,1000.0,90.0
14.0,1500,0.2,0.1,True,1000.0,90.0
14.0,1500,0.2,0.001,True,1000.0,90.0
14.0,1500,0.30000000000000004,0.1,True,1000.0,90.0
14.0,1500,0.30000000000000004,0.01,True,1000.0,90.0
14.0,1500,0.4,0.0001,True,1000.0,90.0
14.0,1500,0.4,0.01,True,1000.0,90.0
14.0,1500,0.4,0.1,True,1000.0,90.0
14.0,1500,0.4,0.001,True,1000.0,90.0
14.0,2000,0.002,0.0001,False,3.1039697250309692,90.0
14.0,2000,0.001,0.0001,False,0.6348972851507717,34.60706344277729
14.0,2000,0.001,0.1,False,0.6348972851507717,34.60706344277729
14.0,2000,0.001,0.001,False,0.6348972851507717,34.60706344277729
14.0,2000,0.001,0.01,False,0.6348972851507717,34.60706344277729
14.0,2000,0.002,0.01,False,3.1039697250309692,90.0
14.0,2000,0.002,0.001,False,3.1039697250309692,90.0
14.0,2000,0.002,0.1,False,3.1039697250309692,90.0
14.0,2000,0.003,0.0001,False,1000.0,90.0
14.0,2000,0.003,0.001,False,1000.0,90.0
14.0,2000,0.003,0.01,False,1000.0,90.0
14.0,2000,0.003,0.1,False,1000.0,90.0
14.0,2000,0.004,0.001,False,1000.0,90.0
14.0,2000,0.004,0.0001,False,1000.0,90.0
14.0,2000,0.004,0.01,False,1000.0,90.0
14.0,2000,0.004,0.1,False,1000.0,90.0
14.0,2000,0.005,0.0001,False,1000.0,90.0
14.0,2000,0.005,0.01,False,1000.0,90.0
14.0,2000,0.005,0.001,False,1000.0,90.0
14.0,2000,0.005,0.1,False,1000.0,90.0
14.0,2000,0.001,0.001,True,0.6348972851507717,34.60706344277729
14.0,2000,0.001,0.01,True,0.6348972851507717,34.60706344277729
14.0,2000,0.006,0.0001,False,1000.0,90.0
14.0,2000,0.001,0.0001,True,0.6348972851507717,34.60706344277729
14.0,2000,0.002,0.01,True,3.1039697250308684,90.0
14.0,2000,0.003,0.01,True,1000.0,90.0
14.0,2000,0.001,0.1,True,0.6348972851507717,34.60706344277729
14.0,2000,0.002,0.0001,True,3.1039697250308684,90.0
14.0,2000,0.002,0.001,True,3.1039697250308684,90.0
14.0,2000,0.006,0.001,False,1000.0,90.0
14.0,2000,0.003,0.0001,True,1000.0,90.0
14.0,2000,0.002,0.1,True,3.1039697250308684,90.0
14.0,2000,0.003,0.001,True,1000.0,90.0
14.0,2000,0.003,0.1,True,1000.0,90.0
14.0,2000,0.004,0.01,True,1000.0,90.0
14.0,2000,0.004,0.0001,True,1000.0,90.0
14.0,2000,0.004,0.001,True,1000.0,90.0
14.0,2000,0.006,0.01,False,1000.0,90.0
14.0,2000,0.004,0.1,True,1000.0,90.0
14.0,2000,0.007,0.0001,False,1000.0,90.0
14.0,2000,0.006,0.1,False,1000.0,90.0
14.0,2000,0.007,0.001,False,1000.0,90.0
14.0,2000,0.005,0.001,True,1000.0,90.0
14.0,2000,0.005,0.1,True,1000.0,90.0
14.0,2000,0.007,0.1,False,1000.0,90.0
14.0,2000,0.007,0.01,False,1000.0,90.0
14.0,2000,0.005,0.0001,True,1000.0,90.0
14.0,2000,0.008,0.0001,False,1000.0,90.0
14.0,2000,0.008,0.001,False,1000.0,90.0
14.0,2000,0.006,0.0001,True,1000.0,90.0
14.0,2000,0.008,0.01,False,1000.0,90.0
14.0,2000,0.005,0.01,True,1000.0,90.0
14.0,2000,0.009000000000000001,0.0001,False,1000.0,90.0
14.0,2000,0.008,0.1,False,1000.0,90.0
14.0,2000,0.006,0.001,True,1000.0,90.0
14.0,2000,0.006,0.01,True,1000.0,90.0
14.0,2000,0.009000000000000001,0.001,False,1000.0,90.0
14.0,2000,0.009000000000000001,0.01,False,1000.0,90.0
14.0,2000,0.009000000000000001,0.1,False,1000.0,90.0
14.0,2000,0.01,0.0001,False,1000.0,90.0
14.0,2000,0.01,0.001,False,1000.0,90.0
14.0,2000,0.01,0.1,False,1000.0,90.0
14.0,2000,0.006,0.1,True,1000.0,90.0
14.0,2000,0.01,0.01,False,1000.0,90.0
14.0,2000,0.007,0.0001,True,1000.0,90.0
14.0,2000,0.007,0.001,True,1000.0,90.0
14.0,2000,0.01,0.0001,False,1000.0,90.0
14.0,2000,0.007,0.01,True,1000.0,90.0
14.0,2000,0.01,0.001,False,1000.0,90.0
14.0,2000,0.008,0.01,True,1000.0,90.0
14.0,2000,0.007,0.1,True,1000.0,90.0
14.0,2000,0.01,0.01,False,1000.0,90.0
14.0,2000,0.008,0.0001,True,1000.0,90.0
14.0,2000,0.008,0.001,True,1000.0,90.0
14.0,2000,0.009000000000000001,0.0001,True,1000.0,90.0
14.0,2000,0.02,0.0001,False,1000.0,90.0
14.0,2000,0.008,0.1,True,1000.0,90.0
14.0,2000,0.02,0.001,False,1000.0,90.0
14.0,2000,0.009000000000000001,0.001,True,1000.0,90.0
14.0,2000,0.02,0.01,False,1000.0,90.0
14.0,2000,0.03,0.0001,False,1000.0,90.0
14.0,2000,0.01,0.1,False,1000.0,90.0
14.0,2000,0.02,0.1,False,1000.0,90.0
14.0,2000,0.03,0.001,False,1000.0,90.0
14.0,2000,0.009000000000000001,0.01,True,1000.0,90.0
14.0,2000,0.04,0.0001,False,1000.0,90.0
14.0,2000,0.03,0.01,False,1000.0,90.0
14.0,2000,0.03,0.1,False,1000.0,90.0
14.0,2000,0.04,0.001,False,1000.0,90.0
14.0,2000,0.01,0.001,True,1000.0,90.0
14.0,2000,0.009000000000000001,0.1,True,1000.0,90.0
14.0,2000,0.04,0.01,False,1000.0,90.0
14.0,2000,0.01,0.0001,True,1000.0,90.0
14.0,2000,0.01,0.01,True,1000.0,90.0
14.0,2000,0.04,0.1,False,1000.0,90.0
14.0,2000,0.05,0.0001,False,1000.0,90.0
14.0,2000,0.01,0.001,True,1000.0,90.0
14.0,2000,0.01,0.1,True,1000.0,90.0
14.0,2000,0.05,0.001,False,1000.0,90.0
14.0,2000,0.05,0.01,False,1000.0,90.0
14.0,2000,0.02,0.0001,True,1000.0,90.0
14.0,2000,0.01,0.0001,True,1000.0,90.0
14.0,2000,0.03,0.0001,True,1000.0,90.0
14.0,2000,0.02,0.001,True,1000.0,90.0
14.0,2000,0.05,0.1,False,1000.0,90.0
14.0,2000,0.06,0.0001,False,1000.0,90.0
14.0,2000,0.03,0.001,True,1000.0,90.0
14.0,2000,0.06,0.001,False,1000.0,90.0
14.0,2000,0.05,0.0001,True,1000.0,90.0
14.0,2000,0.01,0.01,True,1000.0,90.0
14.0,2000,0.04,0.001,True,1000.0,90.0
14.0,2000,0.06,0.01,False,1000.0,90.0
14.0,2000,0.04,0.0001,True,1000.0,90.0
14.0,2000,0.03,0.1,True,1000.0,90.0
14.0,2000,0.04,0.01,True,1000.0,90.0
14.0,2000,0.02,0.01,True,1000.0,90.0
14.0,2000,0.06,0.1,False,1000.0,90.0
14.0,2000,0.03,0.01,True,1000.0,90.0
14.0,2000,0.02,0.1,True,1000.0,90.0
14.0,2000,0.05,0.001,True,1000.0,90.0
14.0,2000,0.07,0.0001,False,1000.0,90.0
14.0,2000,0.07,0.001,False,1000.0,90.0
14.0,2000,0.05,0.1,True,1000.0,90.0
14.0,2000,0.04,0.1,True,1000.0,90.0
14.0,2000,0.08,0.01,False,1000.0,90.0
14.0,2000,0.08,0.001,False,1000.0,90.0
14.0,2000,0.07,0.01,False,1000.0,90.0
14.0,2000,0.07,0.1,False,1000.0,90.0
14.0,2000,0.05,0.01,True,1000.0,90.0
14.0,2000,0.08,0.0001,False,1000.0,90.0
14.0,2000,0.09,0.001,False,1000.0,90.0
14.0,2000,0.09,0.01,False,1000.0,90.0
14.0,2000,0.09,0.0001,False,1000.0,90.0
14.0,2000,0.06,0.001,True,1000.0,90.0
14.0,2000,0.08,0.1,False,1000.0,90.0
14.0,2000,0.06,0.01,True,1000.0,90.0
14.0,2000,0.07,0.0001,True,1000.0,90.0
14.0,2000,0.06,0.0001,True,1000.0,90.0
14.0,2000,0.01,0.1,True,1000.0,90.0
14.0,2000,0.06,0.1,True,1000.0,90.0
14.0,2000,0.09,0.1,False,1000.0,90.0
14.0,2000,0.07,0.1,True,1000.0,90.0
14.0,2000,0.1,0.0001,False,1000.0,90.0
14.0,2000,0.07,0.001,True,1000.0,90.0
14.0,2000,0.1,0.001,False,1000.0,90.0
14.0,2000,0.08,0.1,True,1000.0,90.0
14.0,2000,0.1,0.01,False,1000.0,90.0
14.0,2000,0.1,0.1,False,1000.0,90.0
14.0,2000,0.1,0.0001,False,1000.0,90.0
14.0,2000,0.07,0.01,True,1000.0,90.0
14.0,2000,0.08,0.001,True,1000.0,90.0
14.0,2000,0.1,0.001,False,1000.0,90.0
14.0,2000,0.08,0.0001,True,1000.0,90.0
14.0,2000,0.1,0.1,False,1000.0,90.0
14.0,2000,0.08,0.01,True,1000.0,90.0
14.0,2000,0.1,0.01,False,1000.0,90.0
14.0,2000,0.09,0.0001,True,1000.0,90.0
14.0,2000,0.2,0.001,False,1000.0,90.0
14.0,2000,0.09,0.001,True,1000.0,90.0
14.0,2000,0.1,0.001,True,1000.0,90.0
14.0,2000,0.2,0.0001,False,1000.0,90.0
14.0,2000,0.09,0.1,True,1000.0,90.0
14.0,2000,0.09,0.01,True,1000.0,90.0
14.0,2000,0.2,0.1,False,1000.0,90.0
14.0,2000,0.1,0.0001,True,1000.0,90.0
14.0,2000,0.2,0.01,False,1000.0,90.0
14.0,2000,0.30000000000000004,0.001,False,1000.0,90.0
14.0,2000,0.30000000000000004,0.0001,False,1000.0,90.0
14.0,2000,0.30000000000000004,0.01,False,1000.0,90.0
14.0,2000,0.1,0.01,True,1000.0,90.0
14.0,2000,0.1,0.1,True,1000.0,90.0
14.0,2000,0.4,0.0001,False,1000.0,90.0
14.0,2000,0.30000000000000004,0.1,False,1000.0,90.0
14.0,2000,0.1,0.1,True,1000.0,90.0
14.0,2000,0.4,0.001,False,1000.0,90.0
14.0,2000,0.1,0.0001,True,1000.0,90.0
14.0,2000,0.1,0.001,True,1000.0,90.0
14.0,2000,0.4,0.1,False,1000.0,90.0
14.0,2000,0.1,0.01,True,1000.0,90.0
14.0,2000,0.4,0.01,False,1000.0,90.0
14.0,2000,0.2,0.0001,True,1000.0,90.0
14.0,2000,0.2,0.001,True,1000.0,90.0
14.0,2000,0.2,0.01,True,1000.0,90.0
14.0,2000,0.30000000000000004,0.001,True,1000.0,90.0
14.0,2000,0.2,0.1,True,1000.0,90.0
14.0,2000,0.30000000000000004,0.1,True,1000.0,90.0
14.0,2000,0.30000000000000004,0.0001,True,1000.0,90.0
14.0,2000,0.30000000000000004,0.01,True,1000.0,90.0
14.0,2000,0.4,0.0001,True,1000.0,90.0
14.0,2000,0.4,0.01,True,1000.0,90.0
14.0,2000,0.4,0.001,True,1000.0,90.0
14.0,2000,0.4,0.1,True,1000.0,90.0
14.5,200,0.001,0.0001,False,0.5941603050170815,5.2891684528936835
14.5,200,0.001,0.01,False,0.5941603050170815,5.2891684528936835
14.5,200,0.002,0.001,False,0.5940721191944924,22.974618882589795
14.5,200,0.001,0.1,False,0.5941603050170815,5.2891684528936835
14.5,200,0.001,0.001,False,0.5941603050170815,5.2891684528936835
14.5,200,0.001,0.0001,True,40.43637834707462,90.0
14.5,200,0.003,0.0001,False,0.5939839336091061,15.748512590396437
14.5,200,0.002,0.1,False,0.5940721191944924,22.974618882589795
14.5,200,0.002,0.0001,False,0.5940721191944924,22.974618882589795
14.5,200,0.001,0.001,True,40.43637834707462,90.0
14.5,200,0.001,0.1,True,40.43637834707462,90.0
14.5,200,0.002,0.01,False,0.5940721191944924,22.974618882589795
14.5,200,0.001,0.01,True,40.43637834707462,90.0
14.5,200,0.003,0.001,False,0.5939839336091061,15.748512590396437
14.5,200,0.002,0.001,True,109.25247173766218,82.94937799234759
14.5,200,0.003,0.01,False,0.5939839336091061,15.748512590396437
14.5,200,0.003,0.0001,True,1000.0,90.0
14.5,200,0.004,0.0001,False,0.5938957482623894,20.4817804843847
14.5,200,0.002,0.0001,True,109.25247173766218,82.94937799234759
14.5,200,0.002,0.01,True,109.25247173766218,82.94937799234759
14.5,200,0.003,0.1,False,0.5939839336091061,15.748512590396437
14.5,200,0.002,0.1,True,109.25247173766218,82.94937799234759
14.5,200,0.004,0.001,False,0.5938957482623894,20.4817804843847
14.5,200,0.003,0.01,True,1000.0,90.0
14.5,200,0.003,0.1,True,1000.0,90.0
14.5,200,0.003,0.001,True,1000.0,90.0
14.5,200,0.004,0.01,False,0.5938957482623894,20.4817804843847
14.5,200,0.004,0.0001,True,1000.0,90.0
14.5,200,0.004,0.001,True,1000.0,90.0
14.5,200,0.004,0.01,True,1000.0,90.0
14.5,200,0.004,0.1,False,0.5938957482623894,20.4817804843847
14.5,200,0.004,0.1,True,1000.0,90.0
14.5,200,0.005,0.1,False,0.5938075631557205,15.904765720467154
14.5,200,0.005,0.0001,False,0.5938075631557205,15.904765720467154
14.5,200,0.005,0.001,False,0.5938075631557205,15.904765720467154
14.5,200,0.005,0.0001,True,1000.0,90.0
14.5,200,0.005,0.01,False,0.5938075631557205,15.904765720467154
14.5,200,0.006,0.01,False,0.5937193782905252,24.938600532863234
14.5,200,0.006,0.0001,False,0.5937193782905252,24.938600532863234
14.5,200,0.005,0.001,True,1000.0,90.0
14.5,200,0.006,0.0001,True,1000.0,90.0
14.5,200,0.006,0.001,False,0.5937193782905252,24.938600532863234
14.5,200,0.007,0.0001,False,0.5936311936681843,23.195777158997572
14.5,200,0.006,0.1,False,0.5937193782905252,24.938600532863234
14.5,200,0.005,0.01,True,1000.0,90.0
14.5,200,0.007,0.001,False,0.5936311936681843,23.195777158997572
14.5,200,0.005,0.1,True,1000.0,90.0
14.5,200,0.007,0.01,False,0.5936311936681843,23.195777158997572
14.5,200,0.006,0.001,True,1000.0,90.0
14.5,200,0.008,0.0001,False,0.5935430092901193,29.38099721548909
14.5,200,0.007,0.1,False,0.5936311936681843,23.195777158997572
14.5,200,0.007,0.001,True,1000.0,90.0
14.5,200,0.006,0.01,True,1000.0,90.0
14.5,200,0.008,0.001,False,0.5935430092901193,29.38099721548909
14.5,200,0.007,0.0001,True,1000.0,90.0
14.5,200,0.006,0.1,True,1000.0,90.0
14.5,200,0.007,0.01,True,1000.0,90.0
14.5,200,0.007,0.1,True,1000.0,90.0
14.5,200,0.008,0.0001,True,1000.0,90.0
14.5,200,0.008,0.01,False,0.5935430092901193,29.38099721548909
14.5,200,0.009000000000000001,0.0001,False,0.5934548251577266,32.44115467056631
14.5,200,0.008,0.001,True,1000.0,90.0
14.5,200,0.008,0.1,False,0.5935430092901193,29.38099721548909
14.5,200,0.009000000000000001,0.001,False,0.5934548251577266,32.44115467056631
14.5,200,0.008,0.1,True,1000.0,90.0
14.5,200,0.009000000000000001,0.01,False,0.5934548251577266,32.44115467056631
14.5,200,0.008,0.01,True,1000.0,90.0
14.5,200,0.009000000000000001,0.001,True,1000.0,90.0
14.5,200,0.01,0.001,True,1000.0,90.0
14.5,200,0.01,0.0001,True,1000.0,90.0
14.5,200,0.009000000000000001,0.1,False,0.5934548251577266,32.44115467056631
14.5,200,0.009000000000000001,0.0001,True,1000.0,90.0
14.5,200,0.01,0.0001,False,0.7166614639787864,19.582724012900897
14.5,200,0.01,0.001,False,0.7166614639787864,19.582724012900897
14.5,200,0.009000000000000001,0.1,True,1000.0,90.0
14.5,200,0.01,0.01,False,0.7166614639787864,19.582724012900897
14.5,200,0.009000000000000001,0.01,True,1000.0,90.0
14.5,200,0.01,0.01,True,1000.0,90.0
14.5,200,0.01,0.1,True,1000.0,90.0
14.5,200,0.02,0.0001,True,1000.0,90.0
14.5,200,0.03,0.0001,True,1000.0,90.0
14.5,200,0.01,0.1,False,0.7166614639787864,19.582724012900897
14.5,200,0.03,0.001,True,1000.0,90.0
14.5,200,0.01,0.0001,True,1000.0,90.0
14.5,200,0.02,0.001,True,1000.0,90.0
14.5,200,0.01,0.0001,False,0.7166614639787864,19.582724012900897
14.5,200,0.01,0.001,True,1000.0,90.0
14.5,200,0.01,0.01,False,0.7166614639787864,19.582724012900897
14.5,200,0.01,0.01,True,1000.0,90.0
14.5,200,0.01,0.001,False,0.7166614639787864,19.582724012900897
14.5,200,0.03,0.01,True,1000.0,90.0
14.5,200,0.03,0.001,False,1000.0,90.0
14.5,200,0.04,0.0001,True,1000.0,90.0
14.5,200,0.01,0.1,True,1000.0,90.0
14.5,200,0.02,0.01,True,1000.0,90.0
14.5,200,0.02,0.1,True,1000.0,90.0
14.5,200,0.01,0.1,False,0.7166614639787864,19.582724012900897
14.5,200,0.04,0.001,False,1000.0,90.0
14.5,200,0.04,0.0001,False,1000.0,90.0
14.5,200,0.03,0.0001,False,1000.0,90.0
14.5,200,0.03,0.1,True,1000.0,90.0
14.5,200,0.02,0.0001,False,1000.0,70.22556541597388
14.5,200,0.04,0.001,True,1000.0,90.0
14.5,200,0.03,0.01,False,1000.0,90.0
14.5,200,0.04,0.1,False,1000.0,90.0
14.5,200,0.05,0.0001,False,1000.0,90.0
14.5,200,0.03,0.1,False,1000.0,90.0
14.5,200,0.05,0.001,False,1000.0,90.0
14.5,200,0.05,0.0001,True,1000.0,90.0
14.5,200,0.05,0.001,True,1000.0,90.0
14.5,200,0.04,0.01,False,1000.0,90.0
14.5,200,0.04,0.01,True,1000.0,90.0
14.5,200,0.05,0.01,False,1000.0,90.0
14.5,200,0.06,0.0001,False,1000.0,90.0
14.5,200,0.06,0.001,False,1000.0,90.0
14.5,200,0.02,0.001,False,1000.0,70.22556541597388
14.5,200,0.05,0.1,False,1000.0,90.0
14.5,200,0.02,0.01,False,1000.0,70.22556541597388
14.5,200,0.04,0.1,True,1000.0,90.0
14.5,200,0.06,0.01,False,1000.0,90.0
14.5,200,0.05,0.01,True,1000.0,90.0
14.5,200,0.06,0.001,True,1000.0,90.0
14.5,200,0.07,0.0001,False,1000.0,90.0
14.5,200,0.06,0.1,False,1000.0,90.0
14.5,200,0.02,0.1,False,1000.0,70.22556541597388
14.5,200,0.05,0.1,True,1000.0,90.0
14.5,200,0.06,0.0001,True,1000.0,90.0
14.5,200,0.07,0.001,False,1000.0,90.0
14.5,200,0.06,0.01,True,1000.0,90.0
14.5,200,0.06,0.1,True,1000.0,90.0
14.5,200,0.07,0.0001,True,1000.0,90.0
14.5,200,0.07,0.001,True,1000.0,90.0
14.5,200,0.08,0.01,False,1000.0,90.0
14.5,200,0.07,0.1,False,1000.0,90.0
14.5,200,0.07,0.01,False,1000.0,90.0
14.5,200,0.08,0.0001,False,1000.0,90.0
14.5,200,0.08,0.001,False,1000.0,90.0
14.5,200,0.07,0.01,True,1000.0,90.0
14.5,200,0.09,0.0001,False,1000.0,90.0
14.5,200,0.07,0.1,True,1000.0,90.0
14.5,200,0.08,0.1,False,1000.0,90.0
14.5,200,0.09,0.01,False,1000.0,90.0
14.5,200,0.08,0.0001,True,1000.0,90.0
14.5,200,0.08,0.01,True,1000.0,90.0
14.5,200,0.09,0.001,False,1000.0,90.0
14.5,200,0.08,0.001,True,1000.0,90.0
14.5,200,0.1,0.0001,False,1000.0,90.0
14.5,200,0.09,0.0001,True,1000.0,90.0
14.5,200,0.09,0.001,True,1000.0,90.0
14.5,200,0.08,0.1,True,1000.0,90.0
14.5,200,0.1,0.001,False,1000.0,90.0
14.5,200,0.09,0.1,False,1000.0,90.0
14.5,200,0.09,0.01,True,1000.0,90.0
14.5,200,0.1,0.01,False,1000.0,90.0
14.5,200,0.1,0.0001,True,1000.0,90.0
14.5,200,0.1,0.1,False,1000.0,90.0
14.5,200,0.1,0.01,True,1000.0,90.0
14.5,200,0.09,0.1,True,1000.0,90.0
14.5,200,0.1,0.001,True,1000.0,90.0
14.5,200,0.1,0.0001,False,1000.0,90.0
14.5,200,0.1,0.001,False,1000.0,90.0
14.5,200,0.2,0.1,False,1000.0,90.0
14.5,200,0.1,0.1,False,1000.0,90.0
14.5,200,0.2,0.001,False,1000.0,90.0
14.5,200,0.1,0.1,True,1000.0,90.0
14.5,200,0.1,0.01,False,1000.0,90.0
14.5,200,0.1,0.0001,True,1000.0,90.0
14.5,200,0.2,0.0001,False,1000.0,90.0
14.5,200,0.1,0.001,True,1000.0,90.0
14.5,200,0.1,0.1,True,1000.0,90.0
14.5,200,0.2,0.1,True,1000.0,90.0
14.5,200,0.2,0.01,False,1000.0,90.0
14.5,200,0.1,0.01,True,1000.0,90.0
14.5,200,0.2,0.001,True,1000.0,90.0
14.5,200,0.2,0.0001,True,1000.0,90.0
14.5,200,0.30000000000000004,0.01,False,1000.0,90.0
14.5,200,0.2,0.01,True,1000.0,90.0
14.5,200,0.30000000000000004,0.0001,False,1000.0,90.0
14.5,200,0.30000000000000004,0.1,False,1000.0,90.0
14.5,200,0.30000000000000004,0.001,False,1000.0,90.0
14.5,200,0.30000000000000004,0.001,True,1000.0,90.0
14.5,200,0.4,0.0001,False,1000.0,90.0
14.5,200,0.4,0.01,False,1000.0,90.0
14.5,200,0.30000000000000004,0.01,True,1000.0,90.0
14.5,200,0.4,0.001,False,1000.0,90.0
14.5,200,0.30000000000000004,0.0001,True,1000.0,90.0
14.5,200,0.4,0.1,False,1000.0,90.0
14.5,200,0.4,0.001,True,1000.0,90.0
14.5,200,0.30000000000000004,0.1,True,1000.0,90.0
14.5,200,0.4,0.01,True,1000.0,90.0
14.5,200,0.4,0.0001,True,1000.0,90.0
14.5,200,0.4,0.1,True,1000.0,90.0
14.5,400,0.001,0.1,False,1.0440697740164648,31.99162643482441
14.5,400,0.001,0.001,False,1.0440697740164648,31.99162643482441
14.5,400,0.001,0.0001,False,1.0440697740164648,31.99162643482441
14.5,400,0.002,0.001,False,0.946158879685708,20.825537370540275
14.5,400,0.002,0.0001,False,0.946158879685708,20.825537370540275
14.5,400,0.002,0.01,False,0.946158879685708,20.825537370540275
14.5,400,0.001,0.01,False,1.0440697740164648,31.99162643482441
14.5,400,0.003,0.0001,False,0.9671368186453375,15.640337346501326
14.5,400,0.002,0.1,False,0.946158879685708,20.825537370540275
14.5,400,0.003,0.001,False,0.9671368186453375,15.640337346501326
14.5,400,0.003,0.1,False,0.9671368186453375,15.640337346501326
14.5,400,0.003,0.01,False,0.9671368186453375,15.640337346501326
14.5,400,0.004,0.001,False,1.1696775373651829,57.65560207536208
14.5,400,0.002,0.0001,True,103.58314142070375,90.0
14.5,400,0.004,0.0001,False,1.1696775373651829,57.65560207536208
14.5,400,0.004,0.01,False,1.1696775373651829,57.65560207536208
14.5,400,0.003,0.0001,True,1000.0,90.0
14.5,400,0.001,0.001,True,1.044978148760033,89.51922113824395
14.5,400,0.001,0.0001,True,1.044978148760033,89.51922113824395
14.5,400,0.002,0.001,True,103.58314142070375,90.0
14.5,400,0.001,0.01,True,1.044978148760033,89.51922113824395
14.5,400,0.003,0.001,True,1000.0,90.0
14.5,400,0.001,0.1,True,1.044978148760033,89.51922113824395
14.5,400,0.004,0.0001,True,1000.0,90.0
14.5,400,0.002,0.1,True,103.58314142070375,90.0
14.5,400,0.003,0.01,True,1000.0,90.0
14.5,400,0.002,0.01,True,103.58314142070375,90.0
14.5,400,0.003,0.1,True,1000.0,90.0
14.5,400,0.004,0.001,True,1000.0,90.0
14.5,400,0.004,0.01,True,1000.0,90.0
14.5,400,0.004,0.1,False,1.1696775373651829,57.65560207536208
14.5,400,0.005,0.0001,False,1.4012491781196765,76.24251287085077
14.5,400,0.005,0.001,False,1.4012491781196765,76.24251287085077
14.5,400,0.005,0.01,False,1.4012491781196765,76.24251287085077
14.5,400,0.005,0.1,False,1.4012491781196765,76.24251287085077
14.5,400,0.005,0.0001,True,1000.0,90.0
14.5,400,0.006,0.001,False,1.5353220995405772,86.53839219535647
14.5,400,0.004,0.1,True,1000.0,90.0
14.5,400,0.006,0.0001,False,1.5353220995405772,86.53839219535647
14.5,400,0.007,0.001,True,1000.0,90.0
14.5,400,0.006,0.01,False,1.5353220995405772,86.53839219535647
14.5,400,0.007,0.0001,True,1000.0,90.0
14.5,400,0.006,0.1,False,1.5353220995405772,86.53839219535647
14.5,400,0.007,0.01,False,2.7638946825114314,81.78829704120675
14.5,400,0.007,0.01,True,1000.0,90.0
14.5,400,0.005,0.001,True,1000.0,90.0
14.5,400,0.007,0.0001,False,2.7638946825114314,81.78829704120675
14.5,400,0.007,0.1,True,1000.0,90.0
14.5,400,0.007,0.001,False,2.7638946825114314,81.78829704120675
14.5,400,0.005,0.1,True,1000.0,90.0
14.5,400,0.008,0.0001,True,1000.0,90.0
14.5,400,0.005,0.01,True,1000.0,90.0
14.5,400,0.007,0.1,False,2.7638946825114314,81.78829704120675
14.5,400,0.008,0.001,True,1000.0,90.0
14.5,400,0.006,0.1,True,1000.0,90.0
14.5,400,0.006,0.0001,True,1000.0,90.0
14.5,400,0.006,0.01,True,1000.0,90.0
14.5,400,0.008,0.0001,False,32.53491498932814,64.79036038382178
14.5,400,0.006,0.001,True,1000.0,90.0
14.5,400,0.008,0.01,True,1000.0,90.0
14.5,400,0.008,0.01,False,32.53491498932814,64.79036038382178
14.5,400,0.008,0.001,False,32.53491498932814,64.79036038382178
14.5,400,0.008,0.1,True,1000.0,90.0
14.5,400,0.008,0.1,False,32.53491498932814,64.79036038382178
14.5,400,0.009000000000000001,0.0001,True,1000.0,90.0
14.5,400,0.009000000000000001,0.0001,False,55.94292183697026,64.39612171718183
14.5,400,0.009000000000000001,0.001,True,1000.0,90.0
14.5,400,0.01,0.0001,True,1000.0,90.0
14.5,400,0.009000000000000001,0.01,True,1000.0,90.0
14.5,400,0.01,0.001,True,1000.0,90.0
14.5,400,0.009000000000000001,0.1,True,1000.0,90.0
14.5,400,0.02,0.0001,False,1000.0,90.0
14.5,400,0.009000000000000001,0.001,False,55.94292183697026,64.39612171718183
14.5,400,0.01,0.01,True,1000.0,90.0
14.5,400,0.02,0.001,False,1000.0,90.0
14.5,400,0.02,0.0001,True,1000.0,90.0
14.5,400,0.01,0.0001,False,1000.0,90.0
14.5,400,0.009000000000000001,0.1,False,55.94292183697026,64.39612171718183
14.5,400,0.01,0.1,True,1000.0,90.0
14.5,400,0.009000000000000001,0.01,False,55.94292183697026,64.39612171718183
14.5,400,0.01,0.0001,True,1000.0,90.0
14.5,400,0.01,0.001,True,1000.0,90.0
14.5,400,0.02,0.001,True,1000.0,90.0
14.5,400,0.01,0.01,True,1000.0,90.0
14.5,400,0.01,0.001,False,1000.0,90.0
14.5,400,0.01,0.01,False,1000.0,90.0
14.5,400,0.03,0.0001,False,1000.0,90.0
14.5,400,0.02,0.01,True,1000.0,90.0
14.5,400,0.01,0.01,False,1000.0,90.0
14.5,400,0.01,0.001,False,1000.0,90.0
14.5,400,0.02,0.1,False,1000.0,90.0
14.5,400,0.01,0.1,False,1000.0,90.0
14.5,400,0.02,0.01,False,1000.0,90.0
14.5,400,0.01,0.1,False,1000.0,90.0
14.5,400,0.01,0.0001,False,1000.0,90.0
14.5,400,0.01,0.1,True,1000.0,90.0
14.5,400,0.03,0.0001,True,1000.0,90.0
14.5,400,0.03,0.1,False,1000.0,90.0
14.5,400,0.03,0.001,False,1000.0,90.0
14.5,400,0.03,0.01,False,1000.0,90.0
14.5,400,0.04,0.01,False,1000.0,90.0
14.5,400,0.04,0.0001,False,1000.0,90.0
14.5,400,0.04,0.001,False,1000.0,90.0
14.5,400,0.02,0.1,True,1000.0,90.0
14.5,400,0.04,0.0001,True,1000.0,90.0
14.5,400,0.03,0.001,True,1000.0,90.0
14.5,400,0.03,0.1,True,1000.0,90.0
14.5,400,0.05,0.0001,False,1000.0,90.0
14.5,400,0.06,0.0001,False,1000.0,90.0
14.5,400,0.04,0.1,False,1000.0,90.0
14.5,400,0.03,0.01,True,1000.0,90.0
14.5,400,0.05,0.01,False,1000.0,90.0
14.5,400,0.04,0.001,True,1000.0,90.0
14.5,400,0.06,0.001,False,1000.0,90.0
14.5,400,0.04,0.01,True,1000.0,90.0
14.5,400,0.05,0.1,False,1000.0,90.0
14.5,400,0.05,0.001,False,1000.0,90.0
14.5,400,0.04,0.1,True,1000.0,90.0
14.5,400,0.06,0.01,False,1000.0,90.0
14.5,400,0.05,0.0001,True,1000.0,90.0
14.5,400,0.07,0.0001,False,1000.0,90.0
14.5,400,0.06,0.0001,True,1000.0,90.0
14.5,400,0.06,0.1,False,1000.0,90.0
14.5,400,0.05,0.001,True,1000.0,90.0
14.5,400,0.05,0.01,True,1000.0,90.0
14.5,400,0.07,0.001,False,1000.0,90.0
14.5,400,0.07,0.01,False,1000.0,90.0
14.5,400,0.06,0.001,True,1000.0,90.0
14.5,400,0.06,0.01,True,1000.0,90.0
14.5,400,0.05,0.1,True,1000.0,90.0
14.5,400,0.08,0.01,False,1000.0,90.0
14.5,400,0.08,0.0001,False,1000.0,90.0
14.5,400,0.07,0.1,False,1000.0,90.0
14.5,400,0.06,0.1,True,1000.0,90.0
14.5,400,0.07,0.01,True,1000.0,90.0
14.5,400,0.09,0.0001,False,1000.0,90.0
14.5,400,0.07,0.0001,True,1000.0,90.0
14.5,400,0.07,0.001,True,1000.0,90.0
14.5,400,0.08,0.1,False,1000.0,90.0
14.5,400,0.08,0.001,False,1000.0,90.0
14.5,400,0.08,0.0001,True,1000.0,90.0
14.5,400,0.07,0.1,True,1000.0,90.0
14.5,400,0.09,0.001,False,1000.0,90.0
14.5,400,0.09,0.01,False,1000.0,90.0
14.5,400,0.1,0.0001,False,1000.0,90.0
14.5,400,0.09,0.1,False,1000.0,90.0
14.5,400,0.08,0.001,True,1000.0,90.0
14.5,400,0.1,0.001,False,1000.0,90.0
14.5,400,0.08,0.01,True,1000.0,90.0
14.5,400,0.08,0.1,True,1000.0,90.0
14.5,400,0.09,0.0001,True,1000.0,90.0
14.5,400,0.09,0.001,True,1000.0,90.0
14.5,400,0.1,0.01,False,1000.0,90.0
14.5,400,0.1,0.1,False,1000.0,90.0
14.5,400,0.09,0.01,True,1000.0,90.0
14.5,400,0.09,0.1,True,1000.0,90.0
14.5,400,0.1,0.0001,False,1000.0,90.0
14.5,400,0.1,0.0001,True,1000.0,90.0
14.5,400,0.1,0.001,False,1000.0,90.0
14.5,400,0.1,0.001,True,1000.0,90.0
14.5,400,0.1,0.01,True,1000.0,90.0
14.5,400,0.2,0.0001,False,1000.0,90.0
14.5,400,0.1,0.1,False,1000.0,90.0
14.5,400,0.1,0.01,False,1000.0,90.0
14.5,400,0.1,0.1,True,1000.0,90.0
14.5,400,0.2,0.001,False,1000.0,90.0
14.5,400,0.1,0.0001,True,1000.0,90.0
14.5,400,0.2,0.01,False,1000.0,90.0
14.5,400,0.1,0.01,True,1000.0,90.0
14.5,400,0.2,0.0001,True,1000.0,90.0
14.5,400,0.1,0.001,True,1000.0,90.0
14.5,400,0.2,0.1,False,1000.0,90.0
14.5,400,0.30000000000000004,0.01,False,1000.0,90.0
14.5,400,0.30000000000000004,0.0001,False,1000.0,90.0
14.5,400,0.30000000000000004,0.1,False,1000.0,90.0
14.5,400,0.30000000000000004,0.001,False,1000.0,90.0
14.5,400,0.1,0.1,True,1000.0,90.0
14.5,400,0.2,0.001,True,1000.0,90.0
14.5,400,0.30000000000000004,0.0001,True,1000.0,90.0
14.5,400,0.4,0.0001,False,1000.0,90.0
14.5,400,0.4,0.001,False,1000.0,90.0
14.5,400,0.2,0.1,True,1000.0,90.0
14.5,400,0.2,0.01,True,1000.0,90.0
14.5,400,0.30000000000000004,0.001,True,1000.0,90.0
14.5,400,0.30000000000000004,0.01,True,1000.0,90.0
14.5,400,0.4,0.01,False,1000.0,90.0
14.5,400,0.30000000000000004,0.1,True,1000.0,90.0
14.5,400,0.4,0.1,False,1000.0,90.0
14.5,400,0.4,0.01,True,1000.0,90.0
14.5,400,0.4,0.0001,True,1000.0,90.0
14.5,400,0.4,0.001,True,1000.0,90.0
14.5,400,0.4,0.1,True,1000.0,90.0
14.5,600,0.001,0.01,False,2.6787786049866273,30.91227789018209
14.5,600,0.001,0.0001,False,2.6787786049866273,30.91227789018209
14.5,600,0.001,0.001,False,2.6787786049866273,30.91227789018209
14.5,600,0.002,0.01,False,2.404650950014151,23.121256435425387
14.5,600,0.002,0.001,False,2.404650950014151,23.121256435425387
14.5,600,0.002,0.0001,False,2.404650950014151,23.121256435425387
14.5,600,0.001,0.1,False,2.6787786049866273,30.91227789018209
14.5,600,0.003,0.0001,False,2.6474003359544094,30.777659808890398
14.5,600,0.002,0.1,False,2.404650950014151,23.121256435425387
14.5,600,0.003,0.01,False,2.6474003359544094,30.777659808890398
14.5,600,0.003,0.001,False,2.6474003359544094,30.777659808890398
14.5,600,0.004,0.001,False,3.2329998915894698,49.60496003525711
14.5,600,0.003,0.1,False,2.6474003359544094,30.777659808890398
14.5,600,0.004,0.0001,False,3.2329998915894698,49.60496003525711
14.5,600,0.004,0.01,False,3.2329998915894698,49.60496003525711
14.5,600,0.001,0.0001,True,0.9144774450624429,89.99519221138243
14.5,600,0.001,0.001,True,0.9144774450624429,89.99519221138243
14.5,600,0.001,0.01,True,0.9144774450624429,89.99519221138243
14.5,600,0.002,0.01,True,60.29742887031205,90.0
14.5,600,0.002,0.001,True,60.29742887031205,90.0
14.5,600,0.002,0.0001,True,60.29742887031205,90.0
14.5,600,0.001,0.1,True,0.9144774450624429,89.99519221138243
14.5,600,0.003,0.0001,True,1000.0,90.0
14.5,600,0.002,0.1,True,60.29742887031205,90.0
14.5,600,0.003,0.001,True,1000.0,90.0
14.5,600,0.003,0.01,True,1000.0,90.0
14.5,600,0.004,0.01,True,1000.0,90.0
14.5,600,0.004,0.001,True,1000.0,90.0
14.5,600,0.003,0.1,True,1000.0,90.0
14.5,600,0.004,0.0001,True,1000.0,90.0
14.5,600,0.005,0.001,False,50.90006852170128,52.23722430337146
14.5,600,0.005,0.0001,False,50.90006852170128,52.23722430337146
14.5,600,0.004,0.1,False,3.2329998915894698,49.60496003525711
14.5,600,0.005,0.01,False,50.90006852170128,52.23722430337146
14.5,600,0.005,0.1,False,50.90006852170128,52.23722430337146
14.5,600,0.006,0.0001,False,178.557241977429,90.0
14.5,600,0.006,0.001,False,178.557241977429,90.0
14.5,600,0.006,0.1,False,178.557241977429,90.0
14.5,600,0.006,0.01,False,178.557241977429,90.0
14.5,600,0.004,0.1,True,1000.0,90.0
14.5,600,0.007,0.0001,False,1000.0,90.0
14.5,600,0.005,0.01,True,1000.0,90.0
14.5,600,0.005,0.1,True,1000.0,90.0
14.5,600,0.007,0.001,False,1000.0,90.0
14.5,600,0.005,0.001,True,1000.0,90.0
14.5,600,0.005,0.0001,True,1000.0,90.0
14.5,600,0.007,0.01,False,1000.0,90.0
14.5,600,0.006,0.0001,True,1000.0,90.0
14.5,600,0.008,0.0001,False,1000.0,90.0
14.5,600,0.007,0.0001,True,1000.0,90.0
14.5,600,0.007,0.1,False,1000.0,90.0
14.5,600,0.006,0.001,True,1000.0,90.0
14.5,600,0.007,0.01,True,1000.0,90.0
14.5,600,0.008,0.001,False,1000.0,90.0
14.5,600,0.007,0.001,True,1000.0,90.0
14.5,600,0.007,0.1,True,1000.0,90.0
14.5,600,0.006,0.01,True,1000.0,90.0
14.5,600,0.008,0.01,False,1000.0,90.0
14.5,600,0.006,0.1,True,1000.0,90.0
14.5,600,0.008,0.1,False,1000.0,90.0
14.5,600,0.008,0.0001,True,1000.0,90.0
14.5,600,0.009000000000000001,0.0001,False,1000.0,90.0
14.5,600,0.008,0.001,True,1000.0,90.0
14.5,600,0.009000000000000001,0.001,False,1000.0,90.0
14.5,600,0.008,0.01,True,1000.0,90.0
14.5,600,0.009000000000000001,0.1,False,1000.0,90.0
14.5,600,0.009000000000000001,0.01,False,1000.0,90.0
14.5,600,0.01,0.001,False,1000.0,90.0
14.5,600,0.008,0.1,True,1000.0,90.0
14.5,600,0.01,0.0001,False,1000.0,90.0
14.5,600,0.02,0.0001,False,1000.0,90.0
14.5,600,0.009000000000000001,0.0001,True,1000.0,90.0
14.5,600,0.01,0.01,False,1000.0,90.0
14.5,600,0.02,0.0001,True,1000.0,90.0
14.5,600,0.01,0.001,False,1000.0,90.0
14.5,600,0.02,0.001,False,1000.0,90.0
14.5,600,0.01,0.1,False,1000.0,90.0
14.5,600,0.01,0.0001,False,1000.0,90.0
14.5,600,0.009000000000000001,0.001,True,1000.0,90.0
14.5,600,0.01,0.0001,True,1000.0,90.0
14.5,600,0.01,0.01,False,1000.0,90.0
14.5,600,0.02,0.001,True,1000.0,90.0
14.5,600,0.01,0.01,True,1000.0,90.0
14.5,600,0.009000000000000001,0.1,True,1000.0,90.0
14.5,600,0.01,0.001,True,1000.0,90.0
14.5,600,0.009000000000000001,0.01,True,1000.0,90.0
14.5,600,0.03,0.0001,False,1000.0,90.0
14.5,600,0.01,0.1,False,1000.0,90.0
14.5,600,0.03,0.001,False,1000.0,90.0
14.5,600,0.02,0.01,True,1000.0,90.0
14.5,600,0.01,0.1,True,1000.0,90.0
14.5,600,0.04,0.0001,False,1000.0,90.0
14.5,600,0.02,0.01,False,1000.0,90.0
14.5,600,0.02,0.1,False,1000.0,90.0
14.5,600,0.04,0.001,False,1000.0,90.0
14.5,600,0.01,0.001,True,1000.0,90.0
14.5,600,0.03,0.01,False,1000.0,90.0
14.5,600,0.03,0.1,False,1000.0,90.0
14.5,600,0.03,0.0001,True,1000.0,90.0
14.5,600,0.03,0.001,True,1000.0,90.0
14.5,600,0.01,0.0001,True,1000.0,90.0
14.5,600,0.01,0.01,True,1000.0,90.0
14.5,600,0.04,0.01,False,1000.0,90.0
14.5,600,0.01,0.1,True,1000.0,90.0
14.5,600,0.04,0.0001,True,1000.0,90.0
14.5,600,0.03,0.01,True,1000.0,90.0
14.5,600,0.02,0.1,True,1000.0,90.0
14.5,600,0.04,0.001,True,1000.0,90.0
14.5,600,0.04,0.01,True,1000.0,90.0
14.5,600,0.05,0.001,False,1000.0,90.0
14.5,600,0.04,0.1,False,1000.0,90.0
14.5,600,0.05,0.0001,False,1000.0,90.0
14.5,600,0.03,0.1,True,1000.0,90.0
14.5,600,0.05,0.1,False,1000.0,90.0
14.5,600,0.06,0.001,False,1000.0,90.0
14.5,600,0.05,0.01,False,1000.0,90.0
14.5,600,0.04,0.1,True,1000.0,90.0
14.5,600,0.06,0.0001,False,1000.0,90.0
14.5,600,0.06,0.01,False,1000.0,90.0
14.5,600,0.07,0.0001,False,1000.0,90.0
14.5,600,0.05,0.0001,True,1000.0,90.0
14.5,600,0.06,0.1,False,1000.0,90.0
14.5,600,0.05,0.01,True,1000.0,90.0
14.5,600,0.05,0.001,True,1000.0,90.0
14.5,600,0.06,0.0001,True,1000.0,90.0
14.5,600,0.07,0.001,False,1000.0,90.0
14.5,600,0.05,0.1,True,1000.0,90.0
14.5,600,0.06,0.001,True,1000.0,90.0
14.5,600,0.06,0.01,True,1000.0,90.0
14.5,600,0.08,0.0001,False,1000.0,90.0
14.5,600,0.07,0.0001,True,1000.0,90.0
14.5,600,0.07,0.1,False,1000.0,90.0
14.5,600,0.07,0.01,False,1000.0,90.0
14.5,600,0.06,0.1,True,1000.0,90.0
14.5,600,0.08,0.001,False,1000.0,90.0
14.5,600,0.08,0.01,False,1000.0,90.0
14.5,600,0.07,0.1,True,1000.0,90.0
14.5,600,0.07,0.001,True,1000.0,90.0
14.5,600,0.07,0.01,True,1000.0,90.0
14.5,600,0.09,0.0001,False,1000.0,90.0
14.5,600,0.08,0.0001,True,1000.0,90.0
14.5,600,0.08,0.1,False,1000.0,90.0
14.5,600,0.08,0.01,True,1000.0,90.0
14.5,600,0.09,0.001,False,1000.0,90.0
14.5,600,0.08,0.1,True,1000.0,90.0
14.5,600,0.09,0.01,False,1000.0,90.0
14.5,600,0.09,0.0001,True,1000.0,90.0
14.5,600,0.09,0.1,False,1000.0,90.0
14.5,600,0.08,0.001,True,1000.0,90.0
14.5,600,0.1,0.001,False,1000.0,90.0
14.5,600,0.09,0.001,True,1000.0,90.0
14.5,600,0.1,0.0001,False,1000.0,90.0
14.5,600,0.09,0.01,True,1000.0,90.0
14.5,600,0.1,0.01,False,1000.0,90.0
14.5,600,0.1,0.1,False,1000.0,90.0
14.5,600,0.1,0.1,False,1000.0,90.0
14.5,600,0.2,0.0001,False,1000.0,90.0
14.5,600,0.1,0.0001,False,1000.0,90.0
14.5,600,0.09,0.1,True,1000.0,90.0
14.5,600,0.1,0.001,True,1000.0,90.0
14.5,600,0.1,0.001,False,1000.0,90.0
14.5,600,0.1,0.0001,True,1000.0,90.0
14.5,600,0.1,0.01,False,1000.0,90.0
14.5,600,0.1,0.01,True,1000.0,90.0
14.5,600,0.2,0.001,False,1000.0,90.0
14.5,600,0.1,0.0001,True,1000.0,90.0
14.5,600,0.1,0.1,True,1000.0,90.0
14.5,600,0.2,0.01,False,1000.0,90.0
14.5,600,0.1,0.001,True,1000.0,90.0
14.5,600,0.2,0.0001,True,1000.0,90.0
14.5,600,0.2,0.001,True,1000.0,90.0
14.5,600,0.2,0.1,False,1000.0,90.0
14.5,600,0.1,0.1,True,1000.0,90.0
14.5,600,0.30000000000000004,0.01,False,1000.0,90.0
14.5,600,0.30000000000000004,0.0001,False,1000.0,90.0
14.5,600,0.1,0.01,True,1000.0,90.0
14.5,600,0.30000000000000004,0.001,False,1000.0,90.0
14.5,600,0.30000000000000004,0.1,False,1000.0,90.0
14.5,600,0.2,0.01,True,1000.0,90.0
14.5,600,0.4,0.001,False,1000.0,90.0
14.5,600,0.4,0.0001,False,1000.0,90.0
14.5,600,0.30000000000000004,0.01,True,1000.0,90.0
14.5,600,0.2,0.1,True,1000.0,90.0
14.5,600,0.30000000000000004,0.0001,True,1000.0,90.0
14.5,600,0.30000000000000004,0.001,True,1000.0,90.0
14.5,600,0.4,0.01,False,1000.0,90.0
14.5,600,0.4,0.1,False,1000.0,90.0
14.5,600,0.30000000000000004,0.1,True,1000.0,90.0
14.5,600,0.4,0.0001,True,1000.0,90.0
14.5,600,0.4,0.001,True,1000.0,90.0
14.5,600,0.4,0.01,True,1000.0,90.0
14.5,600,0.4,0.1,True,1000.0,90.0
14.5,800,0.001,0.0001,False,2.952335077096517,34.85226066227288
14.5,800,0.001,0.001,False,2.952335077096517,34.85226066227288
14.5,800,0.002,0.0001,False,3.3291979061968684,35.55179390612793
14.5,800,0.002,0.001,False,3.3291979061968684,35.55179390612793
14.5,800,0.001,0.01,False,2.952335077096517,34.85226066227288
14.5,800,0.001,0.1,False,2.952335077096517,34.85226066227288
14.5,800,0.002,0.1,False,3.3291979061968684,35.55179390612793
14.5,800,0.002,0.01,False,3.3291979061968684,35.55179390612793
14.5,800,0.003,0.0001,False,10.714130761698195,85.29077104909953
14.5,800,0.003,0.01,False,10.714130761698195,85.29077104909953
14.5,800,0.003,0.1,False,10.714130761698195,85.29077104909953
14.5,800,0.003,0.001,False,10.714130761698195,85.29077104909953
14.5,800,0.004,0.01,False,54.69321168073497,89.99759610569122
14.5,800,0.004,0.001,False,54.69321168073497,89.99759610569122
14.5,800,0.004,0.0001,False,54.69321168073497,89.99759610569122
14.5,800,0.001,0.0001,True,0.7176900050762939,89.99038442276488
14.5,800,0.001,0.001,True,0.7176900050762939,89.99038442276488
14.5,800,0.001,0.1,True,0.7176900050762939,89.99038442276488
14.5,800,0.002,0.01,True,9.790453110325814,90.0
14.5,800,0.002,0.1,True,9.790453110325814,90.0
14.5,800,0.001,0.01,True,0.7176900050762939,89.99038442276488
14.5,800,0.002,0.0001,True,9.790453110325814,90.0
14.5,800,0.003,0.1,True,1000.0,90.0
14.5,800,0.002,0.001,True,9.790453110325814,90.0
14.5,800,0.003,0.0001,True,1000.0,90.0
14.5,800,0.003,0.001,True,1000.0,90.0
14.5,800,0.003,0.01,True,1000.0,90.0
14.5,800,0.004,0.0001,True,1000.0,90.0
14.5,800,0.004,0.01,True,1000.0,90.0
14.5,800,0.004,0.1,False,54.69321168073497,89.99759610569122
14.5,800,0.005,0.0001,False,1000.0,89.99278831707365
14.5,800,0.004,0.001,True,1000.0,90.0
14.5,800,0.005,0.001,False,1000.0,89.99278831707365
14.5,800,0.006,0.0001,False,1000.0,90.0
14.5,800,0.005,0.1,False,1000.0,89.99278831707365
14.5,800,0.005,0.01,False,1000.0,89.99278831707365
14.5,800,0.006,0.001,False,1000.0,90.0
14.5,800,0.004,0.1,True,1000.0,90.0
14.5,800,0.006,0.01,False,1000.0,90.0
14.5,800,0.006,0.1,False,1000.0,90.0
14.5,800,0.007,0.0001,False,1000.0,90.0
14.5,800,0.005,0.001,True,1000.0,90.0
14.5,800,0.007,0.001,False,1000.0,90.0
14.5,800,0.005,0.0001,True,1000.0,90.0
14.5,800,0.005,0.1,True,1000.0,90.0
14.5,800,0.005,0.01,True,1000.0,90.0
14.5,800,0.008,0.0001,False,1000.0,90.0
14.5,800,0.006,0.0001,True,1000.0,90.0
14.5,800,0.007,0.01,False,1000.0,90.0
14.5,800,0.007,0.1,False,1000.0,90.0
14.5,800,0.006,0.001,True,1000.0,90.0
14.5,800,0.008,0.001,False,1000.0,90.0
14.5,800,0.008,0.01,False,1000.0,90.0
14.5,800,0.006,0.01,True,1000.0,90.0
14.5,800,0.006,0.1,True,1000.0,90.0
14.5,800,0.007,0.0001,True,1000.0,90.0
14.5,800,0.008,0.1,False,1000.0,90.0
14.5,800,0.007,0.001,True,1000.0,90.0
14.5,800,0.008,0.0001,True,1000.0,90.0
14.5,800,0.008,0.001,True,1000.0,90.0
14.5,800,0.007,0.01,True,1000.0,90.0
14.5,800,0.009000000000000001,0.0001,False,1000.0,90.0
14.5,800,0.007,0.1,True,1000.0,90.0
14.5,800,0.009000000000000001,0.001,False,1000.0,90.0
14.5,800,0.008,0.01,True,1000.0,90.0
14.5,800,0.008,0.1,True,1000.0,90.0
14.5,800,0.009000000000000001,0.001,True,1000.0,90.0
14.5,800,0.009000000000000001,0.1,False,1000.0,90.0
14.5,800,0.009000000000000001,0.01,False,1000.0,90.0
14.5,800,0.01,0.001,False,1000.0,90.0
14.5,800,0.01,0.0001,False,1000.0,90.0
14.5,800,0.01,0.01,False,1000.0,90.0
14.5,800,0.009000000000000001,0.0001,True,1000.0,90.0
14.5,800,0.02,0.0001,False,1000.0,90.0
14.5,800,0.01,0.1,False,1000.0,90.0
14.5,800,0.01,0.0001,False,1000.0,90.0
14.5,800,0.02,0.01,False,1000.0,90.0
14.5,800,0.02,0.001,False,1000.0,90.0
14.5,800,0.009000000000000001,0.01,True,1000.0,90.0
14.5,800,0.02,0.1,False,1000.0,90.0
14.5,800,0.009000000000000001,0.1,True,1000.0,90.0
14.5,800,0.01,0.001,True,1000.0,90.0
14.5,800,0.01,0.0001,True,1000.0,90.0
14.5,800,0.03,0.0001,False,1000.0,90.0
14.5,800,0.03,0.001,False,1000.0,90.0
14.5,800,0.03,0.01,False,1000.0,90.0
14.5,800,0.01,0.01,True,1000.0,90.0
14.5,800,0.01,0.1,True,1000.0,90.0
14.5,800,0.01,0.001,False,1000.0,90.0
14.5,800,0.01,0.0001,True,1000.0,90.0
14.5,800,0.02,0.001,True,1000.0,90.0
14.5,800,0.03,0.0001,True,1000.0,90.0
14.5,800,0.04,0.001,False,1000.0,90.0
14.5,800,0.01,0.01,False,1000.0,90.0
14.5,800,0.03,0.1,False,1000.0,90.0
14.5,800,0.04,0.0001,False,1000.0,90.0
14.5,800,0.02,0.0001,True,1000.0,90.0
14.5,800,0.01,0.1,False,1000.0,90.0
14.5,800,0.04,0.01,False,1000.0,90.0
14.5,800,0.03,0.01,True,1000.0,90.0
14.5,800,0.04,0.1,False,1000.0,90.0
14.5,800,0.03,0.001,True,1000.0,90.0
14.5,800,0.02,0.01,True,1000.0,90.0
14.5,800,0.03,0.1,True,1000.0,90.0
14.5,800,0.02,0.1,True,1000.0,90.0
14.5,800,0.05,0.0001,False,1000.0,90.0
14.5,800,0.04,0.0001,True,1000.0,90.0
14.5,800,0.01,0.001,True,1000.0,90.0
14.5,800,0.05,0.001,False,1000.0,90.0
14.5,800,0.04,0.001,True,1000.0,90.0
14.5,800,0.05,0.1,False,1000.0,90.0
14.5,800,0.05,0.01,False,1000.0,90.0
14.5,800,0.05,0.001,True,1000.0,90.0
14.5,800,0.05,0.0001,True,1000.0,90.0
14.5,800,0.06,0.0001,False,1000.0,90.0
14.5,800,0.04,0.01,True,1000.0,90.0
14.5,800,0.06,0.001,False,1000.0,90.0
14.5,800,0.01,0.01,True,1000.0,90.0
14.5,800,0.04,0.1,True,1000.0,90.0
14.5,800,0.06,0.1,False,1000.0,90.0
14.5,800,0.06,0.01,False,1000.0,90.0
14.5,800,0.07,0.0001,False,1000.0,90.0
14.5,800,0.01,0.1,True,1000.0,90.0
14.5,800,0.07,0.001,False,1000.0,90.0
14.5,800,0.05,0.01,True,1000.0,90.0
14.5,800,0.05,0.1,True,1000.0,90.0
14.5,800,0.06,0.01,True,1000.0,90.0
14.5,800,0.07,0.1,False,1000.0,90.0
14.5,800,0.07,0.01,False,1000.0,90.0
14.5,800,0.06,0.0001,True,1000.0,90.0
14.5,800,0.06,0.1,True,1000.0,90.0
14.5,800,0.08,0.001,False,1000.0,90.0
14.5,800,0.07,0.0001,True,1000.0,90.0
14.5,800,0.08,0.1,False,1000.0,90.0
14.5,800,0.08,0.0001,False,1000.0,90.0
14.5,800,0.06,0.001,True,1000.0,90.0
14.5,800,0.07,0.01,True,1000.0,90.0
14.5,800,0.07,0.1,True,1000.0,90.0
14.5,800,0.09,0.001,False,1000.0,90.0
14.5,800,0.07,0.001,True,1000.0,90.0
14.5,800,0.09,0.0001,False,1000.0,90.0
14.5,800,0.08,0.01,False,1000.0,90.0
14.5,800,0.08,0.001,True,1000.0,90.0
14.5,800,0.08,0.0001,True,1000.0,90.0
14.5,800,0.08,0.1,True,1000.0,90.0
14.5,800,0.1,0.0001,False,1000.0,90.0
14.5,800,0.09,0.01,False,1000.0,90.0
14.5,800,0.09,0.1,False,1000.0,90.0
14.5,800,0.1,0.01,False,1000.0,90.0
14.5,800,0.1,0.001,False,1000.0,90.0
14.5,800,0.08,0.01,True,1000.0,90.0
14.5,800,0.09,0.001,True,1000.0,90.0
14.5,800,0.09,0.0001,True,1000.0,90.0
14.5,800,0.1,0.0001,False,1000.0,90.0
14.5,800,0.09,0.01,True,1000.0,90.0
14.5,800,0.09,0.1,True,1000.0,90.0
14.5,800,0.1,0.1,False,1000.0,90.0
14.5,800,0.1,0.001,False,1000.0,90.0
14.5,800,0.1,0.01,False,1000.0,90.0
14.5,800,0.1,0.001,True,1000.0,90.0
14.5,800,0.1,0.1,False,1000.0,90.0
14.5,800,0.1,0.01,True,1000.0,90.0
14.5,800,0.2,0.0001,False,1000.0,90.0
14.5,800,0.2,0.001,False,1000.0,90.0
14.5,800,0.1,0.0001,True,1000.0,90.0
14.5,800,0.2,0.01,False,1000.0,90.0
14.5,800,0.2,0.1,False,1000.0,90.0
14.5,800,0.1,0.1,True,1000.0,90.0
14.5,800,0.30000000000000004,0.01,False,1000.0,90.0
14.5,800,0.1,0.1,True,1000.0,90.0
14.5,800,0.4,0.001,False,1000.0,90.0
14.5,800,0.4,0.0001,False,1000.0,90.0
14.5,800,0.2,0.001,True,1000.0,90.0
14.5,800,0.30000000000000004,0.0001,False,1000.0,90.0
14.5,800,0.1,0.001,True,1000.0,90.0
14.5,800,0.30000000000000004,0.001,False,1000.0,90.0
14.5,800,0.1,0.0001,True,1000.0,90.0
14.5,800,0.2,0.0001,True,1000.0,90.0
14.5,800,0.1,0.01,True,1000.0,90.0
14.5,800,0.2,0.01,True,1000.0,90.0
14.5,800,0.2,0.1,True,1000.0,90.0
14.5,800,0.30000000000000004,0.1,False,1000.0,90.0
14.5,800,0.30000000000000004,0.01,True,1000.0,90.0
14.5,800,0.4,0.1,False,1000.0,90.0
14.5,800,0.4,0.01,False,1000.0,90.0
14.5,800,0.30000000000000004,0.001,True,1000.0,90.0
14.5,800,0.30000000000000004,0.0001,True,1000.0,90.0
14.5,800,0.4,0.001,True,1000.0,90.0
14.5,800,0.4,0.0001,True,1000.0,90.0
14.5,800,0.30000000000000004,0.1,True,1000.0,90.0
14.5,800,0.4,0.01,True,1000.0,90.0
14.5,800,0.4,0.1,True,1000.0,90.0
14.5,1000,0.001,0.001,False,2.1894989751711855,45.5952643282117
14.5,1000,0.001,0.1,False,2.1894989751711855,45.5952643282117
14.5,1000,0.001,0.01,False,2.1894989751711855,45.5952643282117
14.5,1000,0.001,0.0001,False,2.1894989751711855,45.5952643282117
14.5,1000,0.002,0.1,False,8.2672706670292,89.97596105691218
14.5,1000,0.002,0.001,False,8.2672706670292,89.97596105691218
14.5,1000,0.003,0.001,False,81.19288256832452,89.99759610569122
14.5,1000,0.002,0.0001,False,8.2672706670292,89.97596105691218
14.5,1000,0.002,0.01,False,8.2672706670292,89.97596105691218
14.5,1000,0.003,0.0001,False,81.19288256832452,89.99759610569122
14.5,1000,0.003,0.1,False,81.19288256832452,89.99759610569122
14.5,1000,0.003,0.01,False,81.19288256832452,89.99759610569122
14.5,1000,0.004,0.0001,False,319.10091681456885,90.0
14.5,1000,0.004,0.001,False,319.10091681456885,90.0
14.5,1000,0.004,0.01,False,319.10091681456885,90.0
14.5,1000,0.001,0.1,True,1.3367021709740508,90.0
14.5,1000,0.001,0.01,True,1.3367021709740508,90.0
14.5,1000,0.002,0.001,True,9.361487693486172,89.37739137402592
14.5,1000,0.002,0.0001,True,9.361487693486172,89.37739137402592
14.5,1000,0.001,0.0001,True,1.3367021709740508,90.0
14.5,1000,0.002,0.01,True,9.361487693486172,89.37739137402592
14.5,1000,0.001,0.001,True,1.3367021709740508,90.0
14.5,1000,0.003,0.01,True,1000.0,90.0
14.5,1000,0.003,0.001,True,1000.0,90.0
14.5,1000,0.002,0.1,True,9.361487693486172,89.37739137402592
14.5,1000,0.003,0.1,True,1000.0,90.0
14.5,1000,0.003,0.0001,True,1000.0,90.0
14.5,1000,0.005,0.1,False,1000.0,90.0
14.5,1000,0.005,0.01,False,1000.0,90.0
14.5,1000,0.004,0.1,False,319.10091681456885,90.0
14.5,1000,0.004,0.0001,True,1000.0,90.0
14.5,1000,0.005,0.0001,False,1000.0,90.0
14.5,1000,0.004,0.001,True,1000.0,90.0
14.5,1000,0.005,0.001,False,1000.0,90.0
14.5,1000,0.004,0.01,True,1000.0,90.0
14.5,1000,0.006,0.0001,False,1000.0,90.0
14.5,1000,0.006,0.001,False,1000.0,90.0
14.5,1000,0.006,0.1,False,1000.0,90.0
14.5,1000,0.007,0.0001,False,1000.0,90.0
14.5,1000,0.004,0.1,True,1000.0,90.0
14.5,1000,0.006,0.01,False,1000.0,90.0
14.5,1000,0.005,0.0001,True,1000.0,90.0
14.5,1000,0.007,0.001,False,1000.0,90.0
14.5,1000,0.005,0.01,True,1000.0,90.0
14.5,1000,0.005,0.1,True,1000.0,90.0
14.5,1000,0.007,0.01,False,1000.0,90.0
14.5,1000,0.005,0.001,True,1000.0,90.0
14.5,1000,0.007,0.1,False,1000.0,90.0
14.5,1000,0.006,0.0001,True,1000.0,90.0
14.5,1000,0.009000000000000001,0.0001,False,1000.0,90.0
14.5,1000,0.006,0.001,True,1000.0,90.0
14.5,1000,0.008,0.0001,False,1000.0,90.0
14.5,1000,0.008,0.001,False,1000.0,90.0
14.5,1000,0.008,0.1,False,1000.0,90.0
14.5,1000,0.008,0.01,False,1000.0,90.0
14.5,1000,0.006,0.01,True,1000.0,90.0
14.5,1000,0.007,0.0001,True,1000.0,90.0
14.5,1000,0.007,0.001,True,1000.0,90.0
14.5,1000,0.006,0.1,True,1000.0,90.0
14.5,1000,0.01,0.001,False,1000.0,90.0
14.5,1000,0.01,0.0001,False,1000.0,90.0
14.5,1000,0.01,0.01,False,1000.0,90.0
14.5,1000,0.009000000000000001,0.1,False,1000.0,90.0
14.5,1000,0.009000000000000001,0.001,False,1000.0,90.0
14.5,1000,0.007,0.01,True,1000.0,90.0
14.5,1000,0.01,0.1,False,1000.0,90.0
14.5,1000,0.007,0.1,True,1000.0,90.0
14.5,1000,0.008,0.0001,True,1000.0,90.0
14.5,1000,0.01,0.0001,False,1000.0,90.0
14.5,1000,0.01,0.001,False,1000.0,90.0
14.5,1000,0.009000000000000001,0.01,False,1000.0,90.0
14.5,1000,0.008,0.001,True,1000.0,90.0
14.5,1000,0.01,0.01,False,1000.0,90.0
14.5,1000,0.008,0.01,True,1000.0,90.0
14.5,1000,0.008,0.1,True,1000.0,90.0
14.5,1000,0.02,0.0001,False,1000.0,90.0
14.5,1000,0.009000000000000001,0.0001,True,1000.0,90.0
14.5,1000,0.009000000000000001,0.001,True,1000.0,90.0
14.5,1000,0.02,0.001,False,1000.0,90.0
14.5,1000,0.02,0.01,False,1000.0,90.0
14.5,1000,0.02,0.1,False,1000.0,90.0
14.5,1000,0.03,0.0001,False,1000.0,90.0
14.5,1000,0.01,0.1,False,1000.0,90.0
14.5,1000,0.03,0.001,False,1000.0,90.0
14.5,1000,0.03,0.01,False,1000.0,90.0
14.5,1000,0.02,0.0001,True,1000.0,90.0
14.5,1000,0.03,0.1,False,1000.0,90.0
14.5,1000,0.009000000000000001,0.01,True,1000.0,90.0
14.5,1000,0.02,0.001,True,1000.0,90.0
14.5,1000,0.01,0.0001,True,1000.0,90.0
14.5,1000,0.04,0.01,False,1000.0,90.0
14.5,1000,0.04,0.0001,False,1000.0,90.0
14.5,1000,0.04,0.001,False,1000.0,90.0
14.5,1000,0.02,0.1,True,1000.0,90.0
14.5,1000,0.03,0.0001,True,1000.0,90.0
14.5,1000,0.03,0.01,True,1000.0,90.0
14.5,1000,0.04,0.1,False,1000.0,90.0
14.5,1000,0.009000000000000001,0.1,True,1000.0,90.0
14.5,1000,0.04,0.0001,True,1000.0,90.0
14.5,1000,0.01,0.001,True,1000.0,90.0
14.5,1000,0.03,0.001,True,1000.0,90.0
14.5,1000,0.05,0.0001,False,1000.0,90.0
14.5,1000,0.01,0.01,True,1000.0,90.0
14.5,1000,0.02,0.01,True,1000.0,90.0
14.5,1000,0.01,0.1,True,1000.0,90.0
14.5,1000,0.03,0.1,True,1000.0,90.0
14.5,1000,0.01,0.0001,True,1000.0,90.0
14.5,1000,0.06,0.0001,False,1000.0,90.0
14.5,1000,0.05,0.001,False,1000.0,90.0
14.5,1000,0.05,0.0001,True,1000.0,90.0
14.5,1000,0.05,0.1,False,1000.0,90.0
14.5,1000,0.04,0.001,True,1000.0,90.0
14.5,1000,0.04,0.01,True,1000.0,90.0
14.5,1000,0.01,0.001,True,1000.0,90.0
14.5,1000,0.04,0.1,True,1000.0,90.0
14.5,1000,0.05,0.01,False,1000.0,90.0
14.5,1000,0.06,0.001,False,1000.0,90.0
14.5,1000,0.05,0.001,True,1000.0,90.0
14.5,1000,0.01,0.01,True,1000.0,90.0
14.5,1000,0.06,0.1,False,1000.0,90.0
14.5,1000,0.06,0.01,False,1000.0,90.0
14.5,1000,0.07,0.01,False,1000.0,90.0
14.5,1000,0.07,0.0001,False,1000.0,90.0
14.5,1000,0.07,0.001,False,1000.0,90.0
14.5,1000,0.06,0.001,True,1000.0,90.0
14.5,1000,0.08,0.0001,False,1000.0,90.0
14.5,1000,0.07,0.1,False,1000.0,90.0
14.5,1000,0.06,0.0001,True,1000.0,90.0
14.5,1000,0.05,0.01,True,1000.0,90.0
14.5,1000,0.05,0.1,True,1000.0,90.0
14.5,1000,0.01,0.1,True,1000.0,90.0
14.5,1000,0.08,0.001,False,1000.0,90.0
14.5,1000,0.07,0.0001,True,1000.0,90.0
14.5,1000,0.06,0.01,True,1000.0,90.0
14.5,1000,0.08,0.1,False,1000.0,90.0
14.5,1000,0.07,0.1,True,1000.0,90.0
14.5,1000,0.08,0.01,False,1000.0,90.0
14.5,1000,0.09,0.0001,False,1000.0,90.0
14.5,1000,0.06,0.1,True,1000.0,90.0
14.5,1000,0.07,0.001,True,1000.0,90.0
14.5,1000,0.09,0.01,False,1000.0,90.0
14.5,1000,0.09,0.001,False,1000.0,90.0
14.5,1000,0.07,0.01,True,1000.0,90.0
14.5,1000,0.1,0.0001,False,1000.0,90.0
14.5,1000,0.09,0.1,False,1000.0,90.0
14.5,1000,0.08,0.0001,True,1000.0,90.0
14.5,1000,0.08,0.01,True,1000.0,90.0
14.5,1000,0.1,0.01,False,1000.0,90.0
14.5,1000,0.1,0.001,False,1000.0,90.0
14.5,1000,0.08,0.1,True,1000.0,90.0
14.5,1000,0.08,0.001,True,1000.0,90.0
14.5,1000,0.09,0.0001,True,1000.0,90.0
14.5,1000,0.09,0.001,True,1000.0,90.0
14.5,1000,0.1,0.0001,False,1000.0,90.0
14.5,1000,0.1,0.1,False,1000.0,90.0
14.5,1000,0.09,0.01,True,1000.0,90.0
14.5,1000,0.1,0.0001,True,1000.0,90.0
14.5,1000,0.2,0.0001,False,1000.0,90.0
14.5,1000,0.1,0.01,False,1000.0,90.0
14.5,1000,0.2,0.001,False,1000.0,90.0
14.5,1000,0.1,0.1,False,1000.0,90.0
14.5,1000,0.09,0.1,True,1000.0,90.0
14.5,1000,0.1,0.001,False,1000.0,90.0
14.5,1000,0.1,0.1,True,1000.0,90.0
14.5,1000,0.2,0.01,False,1000.0,90.0
14.5,1000,0.1,0.001,True,1000.0,90.0
14.5,1000,0.1,0.01,True,1000.0,90.0
14.5,1000,0.2,0.1,False,1000.0,90.0
14.5,1000,0.30000000000000004,0.0001,False,1000.0,90.0
14.5,1000,0.1,0.0001,True,1000.0,90.0
14.5,1000,0.30000000000000004,0.001,False,1000.0,90.0
14.5,1000,0.1,0.001,True,1000.0,90.0
14.5,1000,0.1,0.01,True,1000.0,90.0
14.5,1000,0.2,0.0001,True,1000.0,90.0
14.5,1000,0.30000000000000004,0.01,False,1000.0,90.0
14.5,1000,0.30000000000000004,0.1,False,1000.0,90.0
14.5,1000,0.4,0.0001,False,1000.0,90.0
14.5,1000,0.2,0.001,True,1000.0,90.0
14.5,1000,0.4,0.001,False,1000.0,90.0
14.5,1000,0.1,0.1,True,1000.0,90.0
14.5,1000,0.4,0.01,False,1000.0,90.0
14.5,1000,0.2,0.01,True,1000.0,90.0
14.5,1000,0.30000000000000004,0.0001,True,1000.0,90.0
14.5,1000,0.2,0.1,True,1000.0,90.0
14.5,1000,0.4,0.1,False,1000.0,90.0
14.5,1000,0.30000000000000004,0.001,True,1000.0,90.0
14.5,1000,0.30000000000000004,0.01,True,1000.0,90.0
14.5,1000,0.4,0.01,True,1000.0,90.0
14.5,1000,0.4,0.001,True,1000.0,90.0
14.5,1000,0.30000000000000004,0.1,True,1000.0,90.0
14.5,1000,0.4,0.0001,True,1000.0,90.0
14.5,1000,0.4,0.1,True,1000.0,90.0
14.5,1500,0.001,0.001,False,2.5469733279808535,88.17304032532702
14.5,1500,0.001,0.1,False,2.5469733279808535,88.17304032532702
14.5,1500,0.001,0.0001,False,2.5469733279808535,88.17304032532702
14.5,1500,0.002,0.0001,False,16.672735050730573,90.0
14.5,1500,0.001,0.01,False,2.5469733279808535,88.17304032532702
14.5,1500,0.002,0.1,False,16.672735050730573,90.0
14.5,1500,0.002,0.01,False,16.672735050730573,90.0
14.5,1500,0.002,0.001,False,16.672735050730573,90.0
14.5,1500,0.003,0.0001,False,1000.0,90.0
14.5,1500,0.003,0.01,False,1000.0,90.0
14.5,1500,0.003,0.001,False,1000.0,90.0
14.5,1500,0.004,0.001,False,1000.0,90.0
14.5,1500,0.004,0.0001,False,1000.0,90.0
14.5,1500,0.003,0.1,False,1000.0,90.0
14.5,1500,0.004,0.01,False,1000.0,90.0
14.5,1500,0.004,0.1,False,1000.0,90.0
14.5,1500,0.001,0.001,True,1.4066330589375047,89.94471043089804
14.5,1500,0.001,0.0001,True,1.4066330589375047,89.94471043089804
14.5,1500,0.002,0.0001,True,45.06016901501449,90.0
14.5,1500,0.003,0.0001,True,1000.0,90.0
14.5,1500,0.003,0.001,True,1000.0,90.0
14.5,1500,0.001,0.1,True,1.4066330589375047,89.94471043089804
14.5,1500,0.005,0.0001,False,1000.0,90.0
14.5,1500,0.001,0.01,True,1.4066330589375047,89.94471043089804
14.5,1500,0.002,0.01,True,45.06016901501449,90.0
14.5,1500,0.002,0.001,True,45.06016901501449,90.0
14.5,1500,0.005,0.001,False,1000.0,90.0
14.5,1500,0.005,0.1,False,1000.0,90.0
14.5,1500,0.005,0.01,False,1000.0,90.0
14.5,1500,0.003,0.01,True,1000.0,90.0
14.5,1500,0.002,0.1,True,45.06016901501449,90.0
14.5,1500,0.003,0.1,True,1000.0,90.0
14.5,1500,0.006,0.001,False,1000.0,90.0
14.5,1500,0.006,0.0001,False,1000.0,90.0
14.5,1500,0.004,0.0001,True,1000.0,90.0
14.5,1500,0.004,0.001,True,1000.0,90.0
14.5,1500,0.004,0.01,True,1000.0,90.0
14.5,1500,0.004,0.1,True,1000.0,90.0
14.5,1500,0.006,0.01,False,1000.0,90.0
14.5,1500,0.006,0.1,False,1000.0,90.0
14.5,1500,0.007,0.001,False,1000.0,90.0
14.5,1500,0.008,0.0001,False,1000.0,90.0
14.5,1500,0.005,0.0001,True,1000.0,90.0
14.5,1500,0.007,0.0001,False,1000.0,90.0
14.5,1500,0.007,0.01,False,1000.0,90.0
14.5,1500,0.005,0.01,True,1000.0,90.0
14.5,1500,0.007,0.1,False,1000.0,90.0
14.5,1500,0.008,0.001,False,1000.0,90.0
14.5,1500,0.005,0.001,True,1000.0,90.0
14.5,1500,0.005,0.1,True,1000.0,90.0
14.5,1500,0.006,0.001,True,1000.0,90.0
14.5,1500,0.008,0.1,False,1000.0,90.0
14.5,1500,0.008,0.01,False,1000.0,90.0
14.5,1500,0.006,0.0001,True,1000.0,90.0
14.5,1500,0.009000000000000001,0.0001,False,1000.0,90.0
14.5,1500,0.006,0.01,True,1000.0,90.0
14.5,1500,0.009000000000000001,0.001,False,1000.0,90.0
14.5,1500,0.007,0.0001,True,1000.0,90.0
14.5,1500,0.009000000000000001,0.1,False,1000.0,90.0
14.5,1500,0.007,0.001,True,1000.0,90.0
14.5,1500,0.01,0.001,False,1000.0,90.0
14.5,1500,0.009000000000000001,0.01,False,1000.0,90.0
14.5,1500,0.008,0.0001,True,1000.0,90.0
14.5,1500,0.01,0.0001,False,1000.0,90.0
14.5,1500,0.007,0.01,True,1000.0,90.0
14.5,1500,0.006,0.1,True,1000.0,90.0
14.5,1500,0.009000000000000001,0.001,True,1000.0,90.0
14.5,1500,0.01,0.1,False,1000.0,90.0
14.5,1500,0.007,0.1,True,1000.0,90.0
14.5,1500,0.009000000000000001,0.0001,True,1000.0,90.0
14.5,1500,0.01,0.0001,False,1000.0,90.0
14.5,1500,0.008,0.1,True,1000.0,90.0
14.5,1500,0.008,0.001,True,1000.0,90.0
14.5,1500,0.008,0.01,True,1000.0,90.0
14.5,1500,0.01,0.01,False,1000.0,90.0
14.5,1500,0.01,0.001,False,1000.0,90.0
14.5,1500,0.02,0.0001,False,1000.0,90.0
14.5,1500,0.01,0.01,False,1000.0,90.0
14.5,1500,0.03,0.0001,False,1000.0,90.0
14.5,1500,0.009000000000000001,0.01,True,1000.0,90.0
14.5,1500,0.03,0.001,False,1000.0,90.0
14.5,1500,0.01,0.0001,True,1000.0,90.0
14.5,1500,0.03,0.01,False,1000.0,90.0
14.5,1500,0.02,0.001,False,1000.0,90.0
14.5,1500,0.01,0.01,True,1000.0,90.0
14.5,1500,0.02,0.01,False,1000.0,90.0
14.5,1500,0.01,0.001,True,1000.0,90.0
14.5,1500,0.009000000000000001,0.1,True,1000.0,90.0
14.5,1500,0.01,0.0001,True,1000.0,90.0
14.5,1500,0.02,0.1,False,1000.0,90.0
14.5,1500,0.01,0.1,True,1000.0,90.0
14.5,1500,0.03,0.1,False,1000.0,90.0
14.5,1500,0.04,0.0001,False,1000.0,90.0
14.5,1500,0.01,0.1,False,1000.0,90.0
14.5,1500,0.05,0.001,False,1000.0,90.0
14.5,1500,0.04,0.001,False,1000.0,90.0
14.5,1500,0.04,0.01,False,1000.0,90.0
14.5,1500,0.04,0.1,False,1000.0,90.0
14.5,1500,0.01,0.001,True,1000.0,90.0
14.5,1500,0.01,0.01,True,1000.0,90.0
14.5,1500,0.05,0.0001,False,1000.0,90.0
14.5,1500,0.05,0.01,False,1000.0,90.0
14.5,1500,0.05,0.1,False,1000.0,90.0
14.5,1500,0.06,0.0001,False,1000.0,90.0
14.5,1500,0.04,0.001,True,1000.0,90.0
14.5,1500,0.03,0.001,True,1000.0,90.0
14.5,1500,0.03,0.01,True,1000.0,90.0
14.5,1500,0.06,0.001,False,1000.0,90.0
14.5,1500,0.04,0.0001,True,1000.0,90.0
14.5,1500,0.05,0.0001,True,1000.0,90.0
14.5,1500,0.06,0.01,False,1000.0,90.0
14.5,1500,0.01,0.1,True,1000.0,90.0
14.5,1500,0.03,0.0001,True,1000.0,90.0
14.5,1500,0.07,0.0001,False,1000.0,90.0
14.5,1500,0.03,0.1,True,1000.0,90.0
14.5,1500,0.07,0.001,False,1000.0,90.0
14.5,1500,0.06,0.1,False,1000.0,90.0
14.5,1500,0.04,0.1,True,1000.0,90.0
14.5,1500,0.05,0.1,True,1000.0,90.0
14.5,1500,0.05,0.01,True,1000.0,90.0
14.5,1500,0.05,0.001,True,1000.0,90.0
14.5,1500,0.06,0.0001,True,1000.0,90.0
14.5,1500,0.06,0.001,True,1000.0,90.0
14.5,1500,0.06,0.01,True,1000.0,90.0
14.5,1500,0.07,0.01,False,1000.0,90.0
14.5,1500,0.07,0.1,False,1000.0,90.0
14.5,1500,0.08,0.0001,False,1000.0,90.0
14.5,1500,0.08,0.001,False,1000.0,90.0
14.5,1500,0.04,0.01,True,1000.0,90.0
14.5,1500,0.08,0.01,False,1000.0,90.0
14.5,1500,0.06,0.1,True,1000.0,90.0
14.5,1500,0.07,0.0001,True,1000.0,90.0
14.5,1500,0.02,0.0001,True,1000.0,90.0
14.5,1500,0.09,0.1,False,1000.0,90.0
14.5,1500,0.07,0.001,True,1000.0,90.0
14.5,1500,0.08,0.1,False,1000.0,90.0
14.5,1500,0.09,0.0001,False,1000.0,90.0
14.5,1500,0.09,0.01,False,1000.0,90.0
14.5,1500,0.09,0.001,False,1000.0,90.0
14.5,1500,0.07,0.01,True,1000.0,90.0
14.5,1500,0.1,0.0001,False,1000.0,90.0
14.5,1500,0.1,0.001,False,1000.0,90.0
14.5,1500,0.02,0.001,True,1000.0,90.0
14.5,1500,0.07,0.1,True,1000.0,90.0
14.5,1500,0.08,0.0001,True,1000.0,90.0
14.5,1500,0.1,0.01,False,1000.0,90.0
14.5,1500,0.1,0.1,False,1000.0,90.0
14.5,1500,0.02,0.1,True,1000.0,90.0
14.5,1500,0.08,0.001,True,1000.0,90.0
14.5,1500,0.02,0.01,True,1000.0,90.0
14.5,1500,0.08,0.01,True,1000.0,90.0
14.5,1500,0.1,0.0001,False,1000.0,90.0
14.5,1500,0.1,0.1,False,1000.0,90.0
14.5,1500,0.1,0.01,False,1000.0,90.0
14.5,1500,0.1,0.001,False,1000.0,90.0
14.5,1500,0.08,0.1,True,1000.0,90.0
14.5,1500,0.09,0.001,True,1000.0,90.0
14.5,1500,0.09,0.0001,True,1000.0,90.0
14.5,1500,0.09,0.01,True,1000.0,90.0
14.5,1500,0.2,0.0001,False,1000.0,90.0
14.5,1500,0.1,0.0001,True,1000.0,90.0
14.5,1500,0.2,0.01,False,1000.0,90.0
14.5,1500,0.2,0.1,False,1000.0,90.0
14.5,1500,0.09,0.1,True,1000.0,90.0
14.5,1500,0.2,0.001,False,1000.0,90.0
14.5,1500,0.30000000000000004,0.001,False,1000.0,90.0
14.5,1500,0.1,0.001,True,1000.0,90.0
14.5,1500,0.30000000000000004,0.0001,False,1000.0,90.0
14.5,1500,0.1,0.1,True,1000.0,90.0
14.5,1500,0.1,0.01,True,1000.0,90.0
14.5,1500,0.1,0.0001,True,1000.0,90.0
14.5,1500,0.1,0.001,True,1000.0,90.0
14.5,1500,0.30000000000000004,0.01,False,1000.0,90.0
14.5,1500,0.30000000000000004,0.1,False,1000.0,90.0
14.5,1500,0.4,0.0001,False,1000.0,90.0
14.5,1500,0.1,0.01,True,1000.0,90.0
14.5,1500,0.4,0.001,False,1000.0,90.0
14.5,1500,0.1,0.1,True,1000.0,90.0
14.5,1500,0.2,0.0001,True,1000.0,90.0
14.5,1500,0.4,0.01,False,1000.0,90.0
14.5,1500,0.2,0.1,True,1000.0,90.0
14.5,1500,0.2,0.01,True,1000.0,90.0
14.5,1500,0.4,0.1,False,1000.0,90.0
14.5,1500,0.2,0.001,True,1000.0,90.0
14.5,1500,0.30000000000000004,0.0001,True,1000.0,90.0
14.5,1500,0.30000000000000004,0.001,True,1000.0,90.0
14.5,1500,0.30000000000000004,0.01,True,1000.0,90.0
14.5,1500,0.30000000000000004,0.1,True,1000.0,90.0
14.5,1500,0.4,0.01,True,1000.0,90.0
14.5,1500,0.4,0.0001,True,1000.0,90.0
14.5,1500,0.4,0.001,True,1000.0,90.0
14.5,1500,0.4,0.1,True,1000.0,90.0
14.5,2000,0.001,0.001,False,1.2351008068950342,89.99038442276488
14.5,2000,0.001,0.01,False,1.2351008068950342,89.99038442276488
14.5,2000,0.001,0.1,False,1.2351008068950342,89.99038442276488
14.5,2000,0.002,0.0001,False,11.690390634054276,89.99759610569122
14.5,2000,0.001,0.0001,False,1.2351008068950342,89.99038442276488
14.5,2000,0.003,0.001,False,1000.0,90.0
14.5,2000,0.003,0.01,False,1000.0,90.0
14.5,2000,0.002,0.01,False,11.690390634054276,89.99759610569122
14.5,2000,0.002,0.001,False,11.690390634054276,89.99759610569122
14.5,2000,0.002,0.1,False,11.690390634054276,89.99759610569122
14.5,2000,0.003,0.0001,False,1000.0,90.0
14.5,2000,0.004,0.0001,False,1000.0,90.0
14.5,2000,0.003,0.1,False,1000.0,90.0
14.5,2000,0.004,0.001,False,1000.0,90.0
14.5,2000,0.004,0.01,False,1000.0,90.0
14.5,2000,0.004,0.1,False,1000.0,90.0
14.5,2000,0.005,0.0001,False,1000.0,90.0
14.5,2000,0.005,0.001,False,1000.0,90.0
14.5,2000,0.005,0.01,False,1000.0,90.0
14.5,2000,0.005,0.1,False,1000.0,90.0
14.5,2000,0.001,0.0001,True,1.2351008068951044,89.99038442276488
14.5,2000,0.001,0.001,True,1.2351008068951044,89.99038442276488
14.5,2000,0.002,0.0001,True,11.690390634057064,89.99759610569122
14.5,2000,0.001,0.01,True,1.2351008068951044,89.99038442276488
14.5,2000,0.006,0.001,False,1000.0,90.0
14.5,2000,0.006,0.0001,False,1000.0,90.0
14.5,2000,0.001,0.1,True,1.2351008068951044,89.99038442276488
14.5,2000,0.003,0.001,True,1000.0,90.0
14.5,2000,0.003,0.0001,True,1000.0,90.0
14.5,2000,0.002,0.01,True,11.690390634057064,89.99759610569122
14.5,2000,0.002,0.001,True,11.690390634057064,89.99759610569122
14.5,2000,0.003,0.01,True,1000.0,90.0
14.5,2000,0.002,0.1,True,11.690390634057064,89.99759610569122
14.5,2000,0.003,0.1,True,1000.0,90.0
14.5,2000,0.004,0.001,True,1000.0,90.0
14.5,2000,0.004,0.0001,True,1000.0,90.0
14.5,2000,0.004,0.01,True,1000.0,90.0
14.5,2000,0.006,0.01,False,1000.0,90.0
14.5,2000,0.006,0.1,False,1000.0,90.0
14.5,2000,0.004,0.1,True,1000.0,90.0
14.5,2000,0.005,0.0001,True,1000.0,90.0
14.5,2000,0.007,0.0001,False,1000.0,90.0
14.5,2000,0.007,0.001,False,1000.0,90.0
14.5,2000,0.005,0.001,True,1000.0,90.0
14.5,2000,0.007,0.1,False,1000.0,90.0
14.5,2000,0.007,0.01,False,1000.0,90.0
14.5,2000,0.005,0.1,True,1000.0,90.0
14.5,2000,0.008,0.01,False,1000.0,90.0
14.5,2000,0.008,0.0001,False,1000.0,90.0
14.5,2000,0.008,0.001,False,1000.0,90.0
14.5,2000,0.005,0.01,True,1000.0,90.0
14.5,2000,0.006,0.0001,True,1000.0,90.0
14.5,2000,0.008,0.1,False,1000.0,90.0
14.5,2000,0.009000000000000001,0.0001,False,1000.0,90.0
14.5,2000,0.006,0.001,True,1000.0,90.0
14.5,2000,0.006,0.01,True,1000.0,90.0
14.5,2000,0.009000000000000001,0.001,False,1000.0,90.0
14.5,2000,0.009000000000000001,0.01,False,1000.0,90.0
14.5,2000,0.009000000000000001,0.1,False,1000.0,90.0
14.5,2000,0.006,0.1,True,1000.0,90.0
14.5,2000,0.01,0.0001,False,1000.0,90.0
14.5,2000,0.01,0.001,False,1000.0,90.0
14.5,2000,0.01,0.01,False,1000.0,90.0
14.5,2000,0.01,0.1,False,1000.0,90.0
14.5,2000,0.007,0.0001,True,1000.0,90.0
14.5,2000,0.01,0.0001,False,1000.0,90.0
14.5,2000,0.007,0.01,True,1000.0,90.0
14.5,2000,0.007,0.1,True,1000.0,90.0
14.5,2000,0.007,0.001,True,1000.0,90.0
14.5,2000,0.01,0.001,False,1000.0,90.0
14.5,2000,0.008,0.001,True,1000.0,90.0
14.5,2000,0.008,0.0001,True,1000.0,90.0
14.5,2000,0.008,0.01,True,1000.0,90.0
14.5,2000,0.008,0.1,True,1000.0,90.0
14.5,2000,0.01,0.01,False,1000.0,90.0
14.5,2000,0.009000000000000001,0.0001,True,1000.0,90.0
14.5,2000,0.01,0.1,False,1000.0,90.0
14.5,2000,0.02,0.0001,False,1000.0,90.0
14.5,2000,0.009000000000000001,0.001,True,1000.0,90.0
14.5,2000,0.02,0.001,False,1000.0,90.0
14.5,2000,0.03,0.0001,False,1000.0,90.0
14.5,2000,0.02,0.01,False,1000.0,90.0
14.5,2000,0.03,0.01,False,1000.0,90.0
14.5,2000,0.02,0.1,False,1000.0,90.0
14.5,2000,0.04,0.0001,False,1000.0,90.0
14.5,2000,0.03,0.001,False,1000.0,90.0
14.5,2000,0.03,0.1,False,1000.0,90.0
14.5,2000,0.009000000000000001,0.01,True,1000.0,90.0
14.5,2000,0.01,0.0001,True,1000.0,90.0
14.5,2000,0.009000000000000001,0.1,True,1000.0,90.0
14.5,2000,0.04,0.01,False,1000.0,90.0
14.5,2000,0.04,0.001,False,1000.0,90.0
14.5,2000,0.05,0.0001,False,1000.0,90.0
14.5,2000,0.01,0.1,True,1000.0,90.0
14.5,2000,0.05,0.001,False,1000.0,90.0
14.5,2000,0.01,0.01,True,1000.0,90.0
14.5,2000,0.01,0.001,True,1000.0,90.0
14.5,2000,0.04,0.1,False,1000.0,90.0
14.5,2000,0.05,0.01,False,1000.0,90.0
14.5,2000,0.03,0.0001,True,1000.0,90.0
14.5,2000,0.02,0.0001,True,1000.0,90.0
14.5,2000,0.01,0.0001,True,1000.0,90.0
14.5,2000,0.03,0.001,True,1000.0,90.0
14.5,2000,0.01,0.01,True,1000.0,90.0
14.5,2000,0.01,0.001,True,1000.0,90.0
14.5,2000,0.05,0.1,False,1000.0,90.0
14.5,2000,0.03,0.01,True,1000.0,90.0
14.5,2000,0.04,0.0001,True,1000.0,90.0
14.5,2000,0.06,0.01,False,1000.0,90.0
14.5,2000,0.06,0.001,False,1000.0,90.0
14.5,2000,0.02,0.001,True,1000.0,90.0
14.5,2000,0.06,0.0001,False,1000.0,90.0
14.5,2000,0.03,0.1,True,1000.0,90.0
14.5,2000,0.06,0.1,False,1000.0,90.0
14.5,2000,0.01,0.1,True,1000.0,90.0
14.5,2000,0.04,0.001,True,1000.0,90.0
14.5,2000,0.07,0.0001,False,1000.0,90.0
14.5,2000,0.05,0.0001,True,1000.0,90.0
14.5,2000,0.02,0.1,True,1000.0,90.0
14.5,2000,0.07,0.001,False,1000.0,90.0
14.5,2000,0.04,0.01,True,1000.0,90.0
14.5,2000,0.05,0.01,True,1000.0,90.0
14.5,2000,0.05,0.001,True,1000.0,90.0
14.5,2000,0.02,0.01,True,1000.0,90.0
14.5,2000,0.07,0.01,False,1000.0,90.0
14.5,2000,0.04,0.1,True,1000.0,90.0
14.5,2000,0.07,0.1,False,1000.0,90.0
14.5,2000,0.08,0.0001,False,1000.0,90.0
14.5,2000,0.08,0.001,False,1000.0,90.0
14.5,2000,0.06,0.0001,True,1000.0,90.0
14.5,2000,0.08,0.01,False,1000.0,90.0
14.5,2000,0.08,0.1,False,1000.0,90.0
14.5,2000,0.05,0.1,True,1000.0,90.0
14.5,2000,0.09,0.0001,False,1000.0,90.0
14.5,2000,0.06,0.001,True,1000.0,90.0
14.5,2000,0.09,0.001,False,1000.0,90.0
14.5,2000,0.06,0.01,True,1000.0,90.0
14.5,2000,0.09,0.01,False,1000.0,90.0
14.5,2000,0.06,0.1,True,1000.0,90.0
14.5,2000,0.09,0.1,False,1000.0,90.0
14.5,2000,0.1,0.0001,False,1000.0,90.0
14.5,2000,0.1,0.1,False,1000.0,90.0
14.5,2000,0.1,0.001,False,1000.0,90.0
14.5,2000,0.07,0.0001,True,1000.0,90.0
14.5,2000,0.1,0.01,False,1000.0,90.0
14.5,2000,0.07,0.001,True,1000.0,90.0
14.5,2000,0.07,0.01,True,1000.0,90.0
14.5,2000,0.07,0.1,True,1000.0,90.0
14.5,2000,0.08,0.01,True,1000.0,90.0
14.5,2000,0.08,0.001,True,1000.0,90.0
14.5,2000,0.1,0.001,False,1000.0,90.0
14.5,2000,0.08,0.0001,True,1000.0,90.0
14.5,2000,0.1,0.0001,False,1000.0,90.0
14.5,2000,0.1,0.01,False,1000.0,90.0
14.5,2000,0.08,0.1,True,1000.0,90.0
14.5,2000,0.1,0.1,False,1000.0,90.0
14.5,2000,0.2,0.0001,False,1000.0,90.0
14.5,2000,0.09,0.0001,True,1000.0,90.0
14.5,2000,0.09,0.001,True,1000.0,90.0
14.5,2000,0.2,0.001,False,1000.0,90.0
14.5,2000,0.09,0.01,True,1000.0,90.0
14.5,2000,0.1,0.0001,True,1000.0,90.0
14.5,2000,0.2,0.01,False,1000.0,90.0
14.5,2000,0.2,0.1,False,1000.0,90.0
14.5,2000,0.09,0.1,True,1000.0,90.0
14.5,2000,0.1,0.001,True,1000.0,90.0
14.5,2000,0.30000000000000004,0.0001,False,1000.0,90.0
14.5,2000,0.1,0.01,True,1000.0,90.0
14.5,2000,0.30000000000000004,0.01,False,1000.0,90.0
14.5,2000,0.1,0.1,True,1000.0,90.0
14.5,2000,0.30000000000000004,0.1,False,1000.0,90.0
14.5,2000,0.30000000000000004,0.001,False,1000.0,90.0
14.5,2000,0.4,0.0001,False,1000.0,90.0
14.5,2000,0.1,0.0001,True,1000.0,90.0
14.5,2000,0.1,0.001,True,1000.0,90.0
14.5,2000,0.2,0.0001,True,1000.0,90.0
14.5,2000,0.4,0.001,False,1000.0,90.0
14.5,2000,0.1,0.01,True,1000.0,90.0
14.5,2000,0.1,0.1,True,1000.0,90.0
14.5,2000,0.2,0.001,True,1000.0,90.0
14.5,2000,0.2,0.01,True,1000.0,90.0
14.5,2000,0.4,0.1,False,1000.0,90.0
14.5,2000,0.4,0.01,False,1000.0,90.0
14.5,2000,0.2,0.1,True,1000.0,90.0
14.5,2000,0.30000000000000004,0.0001,True,1000.0,90.0
14.5,2000,0.4,0.0001,True,1000.0,90.0
14.5,2000,0.30000000000000004,0.1,True,1000.0,90.0
14.5,2000,0.30000000000000004,0.001,True,1000.0,90.0
14.5,2000,0.30000000000000004,0.01,True,1000.0,90.0
14.5,2000,0.4,0.001,True,1000.0,90.0
14.5,2000,0.4,0.01,True,1000.0,90.0
14.5,2000,0.4,0.1,True,1000.0,90.0
15.0,200,0.001,0.001,False,7.124949020495304,68.68226526973697
15.0,200,0.001,0.0001,False,7.124949020495304,68.68226526973697
15.0,200,0.001,0.01,False,7.124949020495304,68.68226526973697
15.0,200,0.002,0.0001,False,5.381796185861854,12.416715078427046
15.0,200,0.001,0.1,False,7.124949020495304,68.68226526973697
15.0,200,0.002,0.001,False,5.381796185861854,12.416715078427046
15.0,200,0.002,0.01,False,5.381796185861854,12.416715078427046
15.0,200,0.003,0.0001,False,4.48335978404307,9.983974037941465
15.0,200,0.001,0.001,True,24.5939412972329,89.99759610569122
15.0,200,0.001,0.0001,True,24.5939412972329,89.99759610569122
15.0,200,0.003,0.001,False,4.48335978404307,9.983974037941465
15.0,200,0.002,0.1,False,5.381796185861854,12.416715078427046
15.0,200,0.001,0.1,True,24.5939412972329,89.99759610569122
15.0,200,0.001,0.01,True,24.5939412972329,89.99759610569122
15.0,200,0.003,0.01,False,4.48335978404307,9.983974037941465
15.0,200,0.002,0.0001,True,27.374260117476368,90.0
15.0,200,0.002,0.01,True,27.374260117476368,90.0
15.0,200,0.002,0.1,True,27.374260117476368,90.0
15.0,200,0.003,0.001,True,64.09922177091221,89.96874937398584
15.0,200,0.002,0.001,True,27.374260117476368,90.0
15.0,200,0.003,0.1,False,4.48335978404307,9.983974037941465
15.0,200,0.003,0.0001,True,64.09922177091221,89.96874937398584
15.0,200,0.004,0.0001,False,4.011303868401978,8.750776257537204
15.0,200,0.004,0.01,False,4.011303868401978,8.750776257537204
15.0,200,0.003,0.01,True,64.09922177091221,89.96874937398584
15.0,200,0.003,0.1,True,64.09922177091221,89.96874937398584
15.0,200,0.004,0.001,False,4.011303868401978,8.750776257537204
15.0,200,0.004,0.001,True,1000.0,90.0
15.0,200,0.004,0.0001,True,1000.0,90.0
15.0,200,0.004,0.01,True,1000.0,90.0
15.0,200,0.004,0.1,False,4.011303868401978,8.750776257537204
15.0,200,0.005,0.001,False,3.992709255667677,7.724313387688049
15.0,200,0.005,0.0001,False,3.992709255667677,7.724313387688049
15.0,200,0.005,0.1,False,3.992709255667677,7.724313387688049
15.0,200,0.004,0.1,True,1000.0,90.0
15.0,200,0.005,0.0001,True,1000.0,90.0
15.0,200,0.005,0.01,False,3.992709255667677,7.724313387688049
15.0,200,0.006,0.0001,False,4.045002026876361,7.983933973036315
15.0,200,0.006,0.001,False,4.045002026876361,7.983933973036315
15.0,200,0.006,0.1,False,4.045002026876361,7.983933973036315
15.0,200,0.005,0.001,True,1000.0,90.0
15.0,200,0.005,0.01,True,1000.0,90.0
15.0,200,0.006,0.0001,True,1000.0,90.0
15.0,200,0.006,0.01,False,4.045002026876361,7.983933973036315
15.0,200,0.007,0.0001,False,3.7221772416914094,10.298884192391668
15.0,200,0.006,0.001,True,1000.0,90.0
15.0,200,0.007,0.001,False,3.7221772416914094,10.298884192391668
15.0,200,0.007,0.01,False,3.7221772416914094,10.298884192391668
15.0,200,0.005,0.1,True,1000.0,90.0
15.0,200,0.006,0.01,True,1000.0,90.0
15.0,200,0.006,0.1,True,1000.0,90.0
15.0,200,0.007,0.1,False,3.7221772416914094,10.298884192391668
15.0,200,0.007,0.001,True,1000.0,90.0
15.0,200,0.008,0.0001,False,4.012999497620623,10.414271119213119
15.0,200,0.007,0.0001,True,1000.0,90.0
15.0,200,0.007,0.01,True,1000.0,90.0
15.0,200,0.008,0.001,False,4.012999497620623,10.414271119213119
15.0,200,0.007,0.1,True,1000.0,90.0
15.0,200,0.008,0.0001,True,1000.0,90.0
15.0,200,0.008,0.001,True,1000.0,90.0
15.0,200,0.008,0.01,False,4.012999497620623,10.414271119213119
15.0,200,0.008,0.01,True,1000.0,90.0
15.0,200,0.009000000000000001,0.0001,False,4.287461944865514,10.74120074520723
15.0,200,0.008,0.1,False,4.012999497620623,10.414271119213119
15.0,200,0.009000000000000001,0.001,False,4.287461944865514,10.74120074520723
15.0,200,0.009000000000000001,0.01,False,4.287461944865514,10.74120074520723
15.0,200,0.008,0.1,True,1000.0,90.0
15.0,200,0.01,0.001,False,4.518530697584477,10.702738436266749
15.0,200,0.009000000000000001,0.001,True,1000.0,90.0
15.0,200,0.02,0.001,True,1000.0,90.0
15.0,200,0.02,0.0001,True,1000.0,90.0
15.0,200,0.009000000000000001,0.1,False,4.287461944865514,10.74120074520723
15.0,200,0.01,0.0001,False,4.518530697584477,10.702738436266749
15.0,200,0.009000000000000001,0.01,True,1000.0,90.0
15.0,200,0.01,0.01,False,4.518530697584477,10.702738436266749
15.0,200,0.01,0.1,False,4.518530697584477,10.702738436266749
15.0,200,0.01,0.0001,False,4.518530697584477,10.702738436266749
15.0,200,0.009000000000000001,0.0001,True,1000.0,90.0
15.0,200,0.01,0.0001,True,1000.0,90.0
15.0,200,0.01,0.001,False,4.518530697584477,10.702738436266749
15.0,200,0.02,0.01,True,1000.0,90.0
15.0,200,0.009000000000000001,0.1,True,1000.0,90.0
15.0,200,0.01,0.001,True,1000.0,90.0
15.0,200,0.01,0.1,True,1000.0,90.0
15.0,200,0.01,0.01,True,1000.0,90.0
15.0,200,0.02,0.1,True,1000.0,90.0
15.0,200,0.03,0.001,False,1000.0,90.0
15.0,200,0.03,0.0001,False,1000.0,90.0
15.0,200,0.03,0.001,True,1000.0,90.0
15.0,200,0.03,0.01,False,1000.0,90.0
15.0,200,0.01,0.0001,True,1000.0,90.0
15.0,200,0.01,0.01,False,4.518530697584477,10.702738436266749
15.0,200,0.04,0.0001,False,1000.0,90.0
15.0,200,0.03,0.1,False,1000.0,90.0
15.0,200,0.03,0.0001,True,1000.0,90.0
15.0,200,0.01,0.001,True,1000.0,90.0
15.0,200,0.04,0.1,False,1000.0,90.0
15.0,200,0.04,0.01,False,1000.0,90.0
15.0,200,0.01,0.1,False,4.518530697584477,10.702738436266749
15.0,200,0.04,0.001,False,1000.0,90.0
15.0,200,0.04,0.001,True,1000.0,90.0
15.0,200,0.05,0.0001,True,1000.0,90.0
15.0,200,0.02,0.0001,False,1000.0,84.25709649632404
15.0,200,0.03,0.01,True,1000.0,90.0
15.0,200,0.04,0.0001,True,1000.0,90.0
15.0,200,0.04,0.01,True,1000.0,90.0
15.0,200,0.01,0.01,True,1000.0,90.0
15.0,200,0.04,0.1,True,1000.0,90.0
15.0,200,0.01,0.1,True,1000.0,90.0
15.0,200,0.03,0.1,True,1000.0,90.0
15.0,200,0.02,0.001,False,1000.0,84.25709649632404
15.0,200,0.05,0.0001,False,1000.0,90.0
15.0,200,0.02,0.01,False,1000.0,84.25709649632404
15.0,200,0.06,0.001,False,1000.0,90.0
15.0,200,0.05,0.001,True,1000.0,90.0
15.0,200,0.05,0.01,False,1000.0,90.0
15.0,200,0.05,0.001,False,1000.0,90.0
15.0,200,0.05,0.1,False,1000.0,90.0
15.0,200,0.05,0.1,True,1000.0,90.0
15.0,200,0.05,0.01,True,1000.0,90.0
15.0,200,0.06,0.0001,False,1000.0,90.0
15.0,200,0.06,0.0001,True,1000.0,90.0
15.0,200,0.06,0.01,False,1000.0,90.0
15.0,200,0.06,0.001,True,1000.0,90.0
15.0,200,0.02,0.1,False,1000.0,84.25709649632404
15.0,200,0.06,0.1,False,1000.0,90.0
15.0,200,0.07,0.001,False,1000.0,90.0
15.0,200,0.06,0.01,True,1000.0,90.0
15.0,200,0.07,0.1,False,1000.0,90.0
15.0,200,0.07,0.0001,False,1000.0,90.0
15.0,200,0.06,0.1,True,1000.0,90.0
15.0,200,0.08,0.0001,False,1000.0,90.0
15.0,200,0.07,0.1,True,1000.0,90.0
15.0,200,0.07,0.001,True,1000.0,90.0
15.0,200,0.08,0.0001,True,1000.0,90.0
15.0,200,0.07,0.01,False,1000.0,90.0
15.0,200,0.08,0.001,False,1000.0,90.0
15.0,200,0.07,0.0001,True,1000.0,90.0
15.0,200,0.08,0.1,False,1000.0,90.0
15.0,200,0.07,0.01,True,1000.0,90.0
15.0,200,0.08,0.01,True,1000.0,90.0
15.0,200,0.09,0.0001,False,1000.0,90.0
15.0,200,0.08,0.001,True,1000.0,90.0
15.0,200,0.08,0.01,False,1000.0,90.0
15.0,200,0.09,0.001,False,1000.0,90.0
15.0,200,0.08,0.1,True,1000.0,90.0
15.0,200,0.09,0.0001,True,1000.0,90.0
15.0,200,0.09,0.01,False,1000.0,90.0
15.0,200,0.09,0.01,True,1000.0,90.0
15.0,200,0.09,0.001,True,1000.0,90.0
15.0,200,0.1,0.0001,False,1000.0,90.0
15.0,200,0.09,0.1,False,1000.0,90.0
15.0,200,0.1,0.001,False,1000.0,90.0
15.0,200,0.1,0.1,False,1000.0,90.0
15.0,200,0.1,0.0001,False,1000.0,90.0
15.0,200,0.1,0.01,False,1000.0,90.0
15.0,200,0.1,0.001,False,1000.0,90.0
15.0,200,0.1,0.01,True,1000.0,90.0
15.0,200,0.1,0.0001,True,1000.0,90.0
15.0,200,0.1,0.01,False,1000.0,90.0
15.0,200,0.09,0.1,True,1000.0,90.0
15.0,200,0.1,0.001,True,1000.0,90.0
15.0,200,0.1,0.1,True,1000.0,90.0
15.0,200,0.2,0.0001,False,1000.0,90.0
15.0,200,0.1,0.001,True,1000.0,90.0
15.0,200,0.1,0.01,True,1000.0,90.0
15.0,200,0.1,0.1,False,1000.0,90.0
15.0,200,0.1,0.0001,True,1000.0,90.0
15.0,200,0.2,0.1,False,1000.0,90.0
15.0,200,0.2,0.01,False,1000.0,90.0
15.0,200,0.2,0.0001,True,1000.0,90.0
15.0,200,0.2,0.001,False,1000.0,90.0
15.0,200,0.1,0.1,True,1000.0,90.0
15.0,200,0.30000000000000004,0.0001,False,1000.0,90.0
15.0,200,0.2,0.1,True,1000.0,90.0
15.0,200,0.2,0.001,True,1000.0,90.0
15.0,200,0.30000000000000004,0.0001,True,1000.0,90.0
15.0,200,0.2,0.01,True,1000.0,90.0
15.0,200,0.30000000000000004,0.001,False,1000.0,90.0
15.0,200,0.30000000000000004,0.01,False,1000.0,90.0
15.0,200,0.30000000000000004,0.01,True,1000.0,90.0
15.0,200,0.4,0.001,False,1000.0,90.0
15.0,200,0.30000000000000004,0.1,False,1000.0,90.0
15.0,200,0.4,0.0001,False,1000.0,90.0
15.0,200,0.30000000000000004,0.001,True,1000.0,90.0
15.0,200,0.4,0.0001,True,1000.0,90.0
15.0,200,0.30000000000000004,0.1,True,1000.0,90.0
15.0,200,0.4,0.1,False,1000.0,90.0
15.0,200,0.4,0.01,False,1000.0,90.0
15.0,200,0.4,0.01,True,1000.0,90.0
15.0,200,0.4,0.001,True,1000.0,90.0
15.0,200,0.4,0.1,True,1000.0,90.0
15.0,400,0.001,0.0001,False,1.5662800448502003,89.4999899837737
15.0,400,0.001,0.001,False,1.5662800448502003,89.4999899837737
15.0,400,0.001,0.01,False,1.5662800448502003,89.4999899837737
15.0,400,0.001,0.1,False,1.5662800448502003,89.4999899837737
15.0,400,0.002,0.001,False,2.853294942582231,48.28281816542798
15.0,400,0.002,0.0001,False,2.853294942582231,48.28281816542798
15.0,400,0.002,0.01,False,2.853294942582231,48.28281816542798
15.0,400,0.002,0.1,False,2.853294942582231,48.28281816542798
15.0,400,0.003,0.0001,False,5.0540739308847185,65.65816622929144
15.0,400,0.004,0.0001,False,12.559095225050925,55.57142570964963
15.0,400,0.003,0.1,False,5.0540739308847185,65.65816622929144
15.0,400,0.003,0.01,False,5.0540739308847185,65.65816622929144
15.0,400,0.003,0.001,False,5.0540739308847185,65.65816622929144
15.0,400,0.004,0.001,False,12.559095225050925,55.57142570964963
15.0,400,0.004,0.01,False,12.559095225050925,55.57142570964963
15.0,400,0.001,0.001,True,0.5773065385562896,25.426591077545616
15.0,400,0.001,0.0001,True,0.5773065385562896,25.426591077545616
15.0,400,0.001,0.1,True,0.5773065385562896,25.426591077545616
15.0,400,0.002,0.001,True,44.21258041906704,90.0
15.0,400,0.001,0.01,True,0.5773065385562896,25.426591077545616
15.0,400,0.002,0.0001,True,44.21258041906704,90.0
15.0,400,0.002,0.01,True,44.21258041906704,90.0
15.0,400,0.003,0.001,True,1000.0,90.0
15.0,400,0.004,0.0001,True,1000.0,90.0
15.0,400,0.002,0.1,True,44.21258041906704,90.0
15.0,400,0.003,0.1,True,1000.0,90.0
15.0,400,0.003,0.01,True,1000.0,90.0
15.0,400,0.003,0.0001,True,1000.0,90.0
15.0,400,0.004,0.01,True,1000.0,90.0
15.0,400,0.004,0.001,True,1000.0,90.0
15.0,400,0.004,0.1,False,12.559095225050925,55.57142570964963
15.0,400,0.005,0.1,False,19.841596527728846,45.40054888920049
15.0,400,0.005,0.01,False,19.841596527728846,45.40054888920049
15.0,400,0.005,0.0001,False,19.841596527728846,45.40054888920049
15.0,400,0.005,0.001,False,19.841596527728846,45.40054888920049
15.0,400,0.006,0.0001,False,84.54667279726979,60.15565215649352
15.0,400,0.005,0.0001,True,1000.0,90.0
15.0,400,0.006,0.001,False,84.54667279726979,60.15565215649352
15.0,400,0.006,0.1,False,84.54667279726979,60.15565215649352
15.0,400,0.004,0.1,True,1000.0,90.0
15.0,400,0.006,0.01,False,84.54667279726979,60.15565215649352
15.0,400,0.005,0.001,True,1000.0,90.0
15.0,400,0.005,0.1,True,1000.0,90.0
15.0,400,0.006,0.0001,True,1000.0,90.0
15.0,400,0.007,0.0001,False,96.571502348576,66.97550031050301
15.0,400,0.007,0.001,False,96.571502348576,66.97550031050301
15.0,400,0.005,0.01,True,1000.0,90.0
15.0,400,0.007,0.1,False,96.571502348576,66.97550031050301
15.0,400,0.007,0.01,False,96.571502348576,66.97550031050301
15.0,400,0.006,0.001,True,1000.0,90.0
15.0,400,0.008,0.0001,False,175.0365368787987,89.70432100002003
15.0,400,0.006,0.1,True,1000.0,90.0
15.0,400,0.006,0.01,True,1000.0,90.0
15.0,400,0.007,0.001,True,1000.0,90.0
15.0,400,0.008,0.001,False,175.0365368787987,89.70432100002003
15.0,400,0.007,0.01,True,1000.0,90.0
15.0,400,0.007,0.0001,True,1000.0,90.0
15.0,400,0.007,0.1,True,1000.0,90.0
15.0,400,0.008,0.01,False,175.0365368787987,89.70432100002003
15.0,400,0.008,0.001,True,1000.0,90.0
15.0,400,0.008,0.0001,True,1000.0,90.0
15.0,400,0.009000000000000001,0.0001,True,1000.0,90.0
15.0,400,0.008,0.1,False,175.0365368787987,89.70432100002003
15.0,400,0.009000000000000001,0.0001,False,1000.0,90.0
15.0,400,0.009000000000000001,0.001,True,1000.0,90.0
15.0,400,0.009000000000000001,0.01,True,1000.0,90.0
15.0,400,0.009000000000000001,0.01,False,1000.0,90.0
15.0,400,0.008,0.01,True,1000.0,90.0
15.0,400,0.009000000000000001,0.1,False,1000.0,90.0
15.0,400,0.009000000000000001,0.1,True,1000.0,90.0
15.0,400,0.009000000000000001,0.001,False,1000.0,90.0
15.0,400,0.01,0.0001,False,1000.0,90.0
15.0,400,0.008,0.1,True,1000.0,90.0
15.0,400,0.01,0.0001,True,1000.0,90.0
15.0,400,0.01,0.001,False,1000.0,90.0
15.0,400,0.02,0.001,False,1000.0,90.0
15.0,400,0.02,0.0001,False,1000.0,90.0
15.0,400,0.01,0.001,True,1000.0,90.0
15.0,400,0.01,0.01,True,1000.0,90.0
15.0,400,0.01,0.01,False,1000.0,90.0
15.0,400,0.01,0.1,True,1000.0,90.0
15.0,400,0.01,0.1,False,1000.0,90.0
15.0,400,0.02,0.01,False,1000.0,90.0
15.0,400,0.03,0.0001,False,1000.0,90.0
15.0,400,0.01,0.0001,False,1000.0,90.0
15.0,400,0.03,0.001,False,1000.0,90.0
15.0,400,0.01,0.001,False,1000.0,90.0
15.0,400,0.02,0.0001,True,1000.0,90.0
15.0,400,0.03,0.01,False,1000.0,90.0
15.0,400,0.02,0.1,False,1000.0,90.0
15.0,400,0.04,0.0001,False,1000.0,90.0
15.0,400,0.04,0.001,False,1000.0,90.0
15.0,400,0.02,0.01,True,1000.0,90.0
15.0,400,0.02,0.001,True,1000.0,90.0
15.0,400,0.03,0.1,False,1000.0,90.0
15.0,400,0.01,0.0001,True,1000.0,90.0
15.0,400,0.01,0.01,False,1000.0,90.0
15.0,400,0.01,0.01,True,1000.0,90.0
15.0,400,0.01,0.001,True,1000.0,90.0
15.0,400,0.04,0.01,False,1000.0,90.0
15.0,400,0.04,0.1,False,1000.0,90.0
15.0,400,0.05,0.0001,False,1000.0,90.0
15.0,400,0.03,0.001,True,1000.0,90.0
15.0,400,0.01,0.1,False,1000.0,90.0
15.0,400,0.01,0.1,True,1000.0,90.0
15.0,400,0.03,0.0001,True,1000.0,90.0
15.0,400,0.05,0.001,False,1000.0,90.0
15.0,400,0.02,0.1,True,1000.0,90.0
15.0,400,0.05,0.01,False,1000.0,90.0
15.0,400,0.03,0.1,True,1000.0,90.0
15.0,400,0.03,0.01,True,1000.0,90.0
15.0,400,0.04,0.001,True,1000.0,90.0
15.0,400,0.04,0.0001,True,1000.0,90.0
15.0,400,0.05,0.1,False,1000.0,90.0
15.0,400,0.06,0.0001,False,1000.0,90.0
15.0,400,0.04,0.01,True,1000.0,90.0
15.0,400,0.05,0.001,True,1000.0,90.0
15.0,400,0.05,0.0001,True,1000.0,90.0
15.0,400,0.06,0.001,False,1000.0,90.0
15.0,400,0.04,0.1,True,1000.0,90.0
15.0,400,0.06,0.1,False,1000.0,90.0
15.0,400,0.05,0.01,True,1000.0,90.0
15.0,400,0.07,0.0001,False,1000.0,90.0
15.0,400,0.06,0.01,False,1000.0,90.0
15.0,400,0.05,0.1,True,1000.0,90.0
15.0,400,0.06,0.0001,True,1000.0,90.0
15.0,400,0.07,0.001,False,1000.0,90.0
15.0,400,0.06,0.001,True,1000.0,90.0
15.0,400,0.07,0.1,False,1000.0,90.0
15.0,400,0.06,0.01,True,1000.0,90.0
15.0,400,0.07,0.0001,True,1000.0,90.0
15.0,400,0.07,0.01,False,1000.0,90.0
15.0,400,0.08,0.01,False,1000.0,90.0
15.0,400,0.08,0.0001,False,1000.0,90.0
15.0,400,0.07,0.001,True,1000.0,90.0
15.0,400,0.08,0.1,False,1000.0,90.0
15.0,400,0.08,0.001,False,1000.0,90.0
15.0,400,0.09,0.0001,False,1000.0,90.0
15.0,400,0.06,0.1,True,1000.0,90.0
15.0,400,0.09,0.001,False,1000.0,90.0
15.0,400,0.07,0.01,True,1000.0,90.0
15.0,400,0.09,0.01,False,1000.0,90.0
15.0,400,0.07,0.1,True,1000.0,90.0
15.0,400,0.08,0.0001,True,1000.0,90.0
15.0,400,0.08,0.01,True,1000.0,90.0
15.0,400,0.08,0.001,True,1000.0,90.0
15.0,400,0.09,0.1,False,1000.0,90.0
15.0,400,0.08,0.1,True,1000.0,90.0
15.0,400,0.09,0.001,True,1000.0,90.0
15.0,400,0.1,0.001,False,1000.0,90.0
15.0,400,0.1,0.0001,False,1000.0,90.0
15.0,400,0.1,0.01,False,1000.0,90.0
15.0,400,0.09,0.0001,True,1000.0,90.0
15.0,400,0.1,0.1,False,1000.0,90.0
15.0,400,0.1,0.0001,True,1000.0,90.0
15.0,400,0.1,0.0001,False,1000.0,90.0
15.0,400,0.09,0.01,True,1000.0,90.0
15.0,400,0.09,0.1,True,1000.0,90.0
15.0,400,0.1,0.001,False,1000.0,90.0
15.0,400,0.1,0.01,False,1000.0,90.0
15.0,400,0.1,0.001,True,1000.0,90.0
15.0,400,0.1,0.1,False,1000.0,90.0
15.0,400,0.1,0.01,True,1000.0,90.0
15.0,400,0.1,0.1,True,1000.0,90.0
15.0,400,0.1,0.001,True,1000.0,90.0
15.0,400,0.2,0.01,False,1000.0,90.0
15.0,400,0.1,0.0001,True,1000.0,90.0
15.0,400,0.2,0.001,False,1000.0,90.0
15.0,400,0.2,0.0001,False,1000.0,90.0
15.0,400,0.2,0.1,False,1000.0,90.0
15.0,400,0.1,0.01,True,1000.0,90.0
15.0,400,0.30000000000000004,0.0001,False,1000.0,90.0
15.0,400,0.1,0.1,True,1000.0,90.0
15.0,400,0.2,0.0001,True,1000.0,90.0
15.0,400,0.30000000000000004,0.001,False,1000.0,90.0
15.0,400,0.30000000000000004,0.1,False,1000.0,90.0
15.0,400,0.2,0.001,True,1000.0,90.0
15.0,400,0.30000000000000004,0.01,False,1000.0,90.0
15.0,400,0.2,0.01,True,1000.0,90.0
15.0,400,0.4,0.0001,False,1000.0,90.0
15.0,400,0.2,0.1,True,1000.0,90.0
15.0,400,0.4,0.001,False,1000.0,90.0
15.0,400,0.4,0.01,False,1000.0,90.0
15.0,400,0.30000000000000004,0.001,True,1000.0,90.0
15.0,400,0.30000000000000004,0.0001,True,1000.0,90.0
15.0,400,0.4,0.1,False,1000.0,90.0
15.0,400,0.30000000000000004,0.01,True,1000.0,90.0
15.0,400,0.30000000000000004,0.1,True,1000.0,90.0
15.0,400,0.4,0.0001,True,1000.0,90.0
15.0,400,0.4,0.001,True,1000.0,90.0
15.0,400,0.4,0.01,True,1000.0,90.0
15.0,400,0.4,0.1,True,1000.0,90.0
15.0,600,0.001,0.001,False,10.417772644427721,89.99038442276488
15.0,600,0.002,0.0001,False,2.3729816754318516,88.9783449187684
15.0,600,0.001,0.0001,False,10.417772644427721,89.99038442276488
15.0,600,0.001,0.01,False,10.417772644427721,89.99038442276488
15.0,600,0.002,0.001,False,2.3729816754318516,88.9783449187684
15.0,600,0.001,0.1,False,10.417772644427721,89.99038442276488
15.0,600,0.003,0.0001,False,1.7187131732298782,89.15382920330936
15.0,600,0.002,0.01,False,2.3729816754318516,88.9783449187684
15.0,600,0.002,0.1,False,2.3729816754318516,88.9783449187684
15.0,600,0.003,0.001,False,1.7187131732298782,89.15382920330936
15.0,600,0.003,0.01,False,1.7187131732298782,89.15382920330936
15.0,600,0.003,0.1,False,1.7187131732298782,89.15382920330936
15.0,600,0.004,0.0001,False,21.93216171241874,90.0
15.0,600,0.004,0.001,False,21.93216171241874,90.0
15.0,600,0.004,0.01,False,21.93216171241874,90.0
15.0,600,0.001,0.001,True,0.5773186027926279,9.62098599731565
15.0,600,0.001,0.0001,True,0.5773186027926279,9.62098599731565
15.0,600,0.002,0.0001,True,10.038210933306578,90.0
15.0,600,0.003,0.001,True,1000.0,90.0
15.0,600,0.002,0.1,True,10.038210933306578,90.0
15.0,600,0.001,0.01,True,0.5773186027926279,9.62098599731565
15.0,600,0.002,0.01,True,10.038210933306578,90.0
15.0,600,0.002,0.001,True,10.038210933306578,90.0
15.0,600,0.003,0.01,True,1000.0,90.0
15.0,600,0.003,0.1,True,1000.0,90.0
15.0,600,0.001,0.1,True,0.5773186027926279,9.62098599731565
15.0,600,0.004,0.001,True,1000.0,90.0
15.0,600,0.003,0.0001,True,1000.0,90.0
15.0,600,0.004,0.01,True,1000.0,90.0
15.0,600,0.004,0.0001,True,1000.0,90.0
15.0,600,0.004,0.1,False,21.93216171241874,90.0
15.0,600,0.005,0.0001,False,3.2220918251105974,90.0
15.0,600,0.005,0.001,False,3.2220918251105974,90.0
15.0,600,0.005,0.01,False,3.2220918251105974,90.0
15.0,600,0.006,0.0001,False,33.176134664822925,89.99519221138243
15.0,600,0.005,0.1,False,3.2220918251105974,90.0
15.0,600,0.006,0.001,False,33.176134664822925,89.99519221138243
15.0,600,0.005,0.0001,True,1000.0,90.0
15.0,600,0.004,0.1,True,1000.0,90.0
15.0,600,0.006,0.01,False,33.176134664822925,89.99519221138243
15.0,600,0.005,0.001,True,1000.0,90.0
15.0,600,0.007,0.01,True,1000.0,90.0
15.0,600,0.007,0.001,False,772.2877562464502,90.0
15.0,600,0.007,0.0001,False,772.2877562464502,90.0
15.0,600,0.005,0.01,True,1000.0,90.0
15.0,600,0.006,0.1,False,33.176134664822925,89.99519221138243
15.0,600,0.007,0.01,False,772.2877562464502,90.0
15.0,600,0.007,0.0001,True,1000.0,90.0
15.0,600,0.007,0.1,False,772.2877562464502,90.0
15.0,600,0.007,0.001,True,1000.0,90.0
15.0,600,0.007,0.1,True,1000.0,90.0
15.0,600,0.006,0.0001,True,1000.0,90.0
15.0,600,0.006,0.01,True,1000.0,90.0
15.0,600,0.006,0.001,True,1000.0,90.0
15.0,600,0.005,0.1,True,1000.0,90.0
15.0,600,0.008,0.0001,False,1000.0,90.0
15.0,600,0.006,0.1,True,1000.0,90.0
15.0,600,0.008,0.01,False,1000.0,90.0
15.0,600,0.008,0.001,False,1000.0,90.0
15.0,600,0.008,0.1,False,1000.0,90.0
15.0,600,0.008,0.001,True,1000.0,90.0
15.0,600,0.008,0.0001,True,1000.0,90.0
15.0,600,0.008,0.01,True,1000.0,90.0
15.0,600,0.009000000000000001,0.0001,False,1000.0,90.0
15.0,600,0.009000000000000001,0.001,False,1000.0,90.0
15.0,600,0.008,0.1,True,1000.0,90.0
15.0,600,0.01,0.001,True,1000.0,90.0
15.0,600,0.009000000000000001,0.01,False,1000.0,90.0
15.0,600,0.01,0.0001,True,1000.0,90.0
15.0,600,0.01,0.01,False,1000.0,90.0
15.0,600,0.01,0.001,False,1000.0,90.0
15.0,600,0.02,0.0001,False,1000.0,90.0
15.0,600,0.01,0.0001,False,1000.0,90.0
15.0,600,0.009000000000000001,0.1,False,1000.0,90.0
15.0,600,0.01,0.01,True,1000.0,90.0
15.0,600,0.01,0.1,True,1000.0,90.0
15.0,600,0.01,0.0001,True,1000.0,90.0
15.0,600,0.02,0.001,False,1000.0,90.0
15.0,600,0.009000000000000001,0.0001,True,1000.0,90.0
15.0,600,0.01,0.1,False,1000.0,90.0
15.0,600,0.02,0.0001,True,1000.0,90.0
15.0,600,0.02,0.01,False,1000.0,90.0
15.0,600,0.01,0.001,True,1000.0,90.0
15.0,600,0.01,0.0001,False,1000.0,90.0
15.0,600,0.03,0.0001,False,1000.0,90.0
15.0,600,0.03,0.001,False,1000.0,90.0
15.0,600,0.01,0.001,False,1000.0,90.0
15.0,600,0.01,0.01,True,1000.0,90.0
15.0,600,0.03,0.1,False,1000.0,90.0
15.0,600,0.02,0.1,False,1000.0,90.0
15.0,600,0.009000000000000001,0.001,True,1000.0,90.0
15.0,600,0.03,0.01,False,1000.0,90.0
15.0,600,0.01,0.01,False,1000.0,90.0
15.0,600,0.009000000000000001,0.1,True,1000.0,90.0
15.0,600,0.01,0.1,True,1000.0,90.0
15.0,600,0.02,0.001,True,1000.0,90.0
15.0,600,0.009000000000000001,0.01,True,1000.0,90.0
15.0,600,0.01,0.1,False,1000.0,90.0
15.0,600,0.04,0.0001,False,1000.0,90.0
15.0,600,0.02,0.01,True,1000.0,90.0
15.0,600,0.04,0.001,False,1000.0,90.0
15.0,600,0.04,0.01,False,1000.0,90.0
15.0,600,0.05,0.0001,False,1000.0,90.0
15.0,600,0.03,0.0001,True,1000.0,90.0
15.0,600,0.04,0.001,True,1000.0,90.0
15.0,600,0.04,0.1,False,1000.0,90.0
15.0,600,0.06,0.0001,False,1000.0,90.0
15.0,600,0.05,0.01,False,1000.0,90.0
15.0,600,0.02,0.1,True,1000.0,90.0
15.0,600,0.05,0.1,False,1000.0,90.0
15.0,600,0.04,0.0001,True,1000.0,90.0
15.0,600,0.05,0.001,False,1000.0,90.0
15.0,600,0.06,0.01,False,1000.0,90.0
15.0,600,0.06,0.001,False,1000.0,90.0
15.0,600,0.03,0.1,True,1000.0,90.0
15.0,600,0.03,0.001,True,1000.0,90.0
15.0,600,0.06,0.1,False,1000.0,90.0
15.0,600,0.05,0.0001,True,1000.0,90.0
15.0,600,0.03,0.01,True,1000.0,90.0
15.0,600,0.06,0.0001,True,1000.0,90.0
15.0,600,0.04,0.01,True,1000.0,90.0
15.0,600,0.05,0.001,True,1000.0,90.0
15.0,600,0.07,0.0001,False,1000.0,90.0
15.0,600,0.05,0.01,True,1000.0,90.0
15.0,600,0.06,0.001,True,1000.0,90.0
15.0,600,0.04,0.1,True,1000.0,90.0
15.0,600,0.07,0.001,False,1000.0,90.0
15.0,600,0.05,0.1,True,1000.0,90.0
15.0,600,0.08,0.001,False,1000.0,90.0
15.0,600,0.08,0.0001,False,1000.0,90.0
15.0,600,0.07,0.1,False,1000.0,90.0
15.0,600,0.06,0.1,True,1000.0,90.0
15.0,600,0.07,0.01,False,1000.0,90.0
15.0,600,0.06,0.01,True,1000.0,90.0
15.0,600,0.08,0.01,False,1000.0,90.0
15.0,600,0.07,0.0001,True,1000.0,90.0
15.0,600,0.07,0.001,True,1000.0,90.0
15.0,600,0.08,0.1,False,1000.0,90.0
15.0,600,0.09,0.001,False,1000.0,90.0
15.0,600,0.09,0.0001,False,1000.0,90.0
15.0,600,0.09,0.1,False,1000.0,90.0
15.0,600,0.08,0.0001,True,1000.0,90.0
15.0,600,0.07,0.01,True,1000.0,90.0
15.0,600,0.07,0.1,True,1000.0,90.0
15.0,600,0.1,0.0001,False,1000.0,90.0
15.0,600,0.09,0.01,False,1000.0,90.0
15.0,600,0.08,0.001,True,1000.0,90.0
15.0,600,0.08,0.01,True,1000.0,90.0
15.0,600,0.08,0.1,True,1000.0,90.0
15.0,600,0.1,0.001,False,1000.0,90.0
15.0,600,0.1,0.01,False,1000.0,90.0
15.0,600,0.09,0.0001,True,1000.0,90.0
15.0,600,0.1,0.1,False,1000.0,90.0
15.0,600,0.1,0.0001,False,1000.0,90.0
15.0,600,0.1,0.001,False,1000.0,90.0
15.0,600,0.09,0.001,True,1000.0,90.0
15.0,600,0.09,0.01,True,1000.0,90.0
15.0,600,0.09,0.1,True,1000.0,90.0
15.0,600,0.1,0.1,False,1000.0,90.0
15.0,600,0.1,0.0001,True,1000.0,90.0
15.0,600,0.1,0.01,False,1000.0,90.0
15.0,600,0.2,0.0001,False,1000.0,90.0
15.0,600,0.2,0.001,False,1000.0,90.0
15.0,600,0.1,0.001,True,1000.0,90.0
15.0,600,0.1,0.1,True,1000.0,90.0
15.0,600,0.2,0.01,False,1000.0,90.0
15.0,600,0.1,0.0001,True,1000.0,90.0
15.0,600,0.30000000000000004,0.0001,False,1000.0,90.0
15.0,600,0.1,0.01,True,1000.0,90.0
15.0,600,0.1,0.01,True,1000.0,90.0
15.0,600,0.2,0.1,False,1000.0,90.0
15.0,600,0.1,0.001,True,1000.0,90.0
15.0,600,0.30000000000000004,0.01,False,1000.0,90.0
15.0,600,0.1,0.1,True,1000.0,90.0
15.0,600,0.30000000000000004,0.001,False,1000.0,90.0
15.0,600,0.4,0.0001,False,1000.0,90.0
15.0,600,0.2,0.0001,True,1000.0,90.0
15.0,600,0.2,0.001,True,1000.0,90.0
15.0,600,0.30000000000000004,0.1,False,1000.0,90.0
15.0,600,0.4,0.001,False,1000.0,90.0
15.0,600,0.2,0.01,True,1000.0,90.0
15.0,600,0.30000000000000004,0.0001,True,1000.0,90.0
15.0,600,0.4,0.1,False,1000.0,90.0
15.0,600,0.4,0.01,False,1000.0,90.0
15.0,600,0.30000000000000004,0.1,True,1000.0,90.0
15.0,600,0.2,0.1,True,1000.0,90.0
15.0,600,0.30000000000000004,0.001,True,1000.0,90.0
15.0,600,0.30000000000000004,0.01,True,1000.0,90.0
15.0,600,0.4,0.0001,True,1000.0,90.0
15.0,600,0.4,0.001,True,1000.0,90.0
15.0,600,0.4,0.1,True,1000.0,90.0
15.0,600,0.4,0.01,True,1000.0,90.0
15.0,800,0.001,0.0001,False,0.5772715413957357,19.212524289348742
15.0,800,0.001,0.001,False,0.5772715413957357,19.212524289348742
15.0,800,0.001,0.01,False,0.5772715413957357,19.212524289348742
15.0,800,0.002,0.01,False,0.5771484889681998,18.611550712153687
15.0,800,0.001,0.1,False,0.5772715413957357,19.212524289348742
15.0,800,0.002,0.0001,False,0.5771484889681998,18.611550712153687
15.0,800,0.003,0.0001,False,0.577025435954864,27.52759470341954
15.0,800,0.002,0.001,False,0.5771484889681998,18.611550712153687
15.0,800,0.002,0.1,False,0.5771484889681998,18.611550712153687
15.0,800,0.003,0.1,False,0.577025435954864,27.52759470341954
15.0,800,0.003,0.001,False,0.577025435954864,27.52759470341954
15.0,800,0.003,0.01,False,0.577025435954864,27.52759470341954
15.0,800,0.004,0.001,False,4.320434590883754,89.80047677237123
15.0,800,0.004,0.0001,False,4.320434590883754,89.80047677237123
15.0,800,0.004,0.01,False,4.320434590883754,89.80047677237123
15.0,800,0.001,0.0001,True,0.5773128425833095,13.558564875097652
15.0,800,0.001,0.001,True,0.5773128425833095,13.558564875097652
15.0,800,0.001,0.01,True,0.5773128425833095,13.558564875097652
15.0,800,0.003,0.001,True,291.76896099875694,90.0
15.0,800,0.002,0.001,True,0.892340115005961,74.44680382219194
15.0,800,0.001,0.1,True,0.5773128425833095,13.558564875097652
15.0,800,0.004,0.0001,True,1000.0,90.0
15.0,800,0.002,0.0001,True,0.892340115005961,74.44680382219194
15.0,800,0.003,0.0001,True,291.76896099875694,90.0
15.0,800,0.002,0.1,True,0.892340115005961,74.44680382219194
15.0,800,0.002,0.01,True,0.892340115005961,74.44680382219194
15.0,800,0.003,0.01,True,291.76896099875694,90.0
15.0,800,0.003,0.1,True,291.76896099875694,90.0
15.0,800,0.004,0.1,False,4.320434590883754,89.80047677237123
15.0,800,0.004,0.001,True,1000.0,90.0
15.0,800,0.005,0.01,False,1000.0,90.0
15.0,800,0.005,0.001,False,1000.0,90.0
15.0,800,0.005,0.0001,False,1000.0,90.0
15.0,800,0.004,0.01,True,1000.0,90.0
15.0,800,0.006,0.0001,False,1000.0,90.0
15.0,800,0.006,0.001,False,1000.0,90.0
15.0,800,0.005,0.1,False,1000.0,90.0
15.0,800,0.006,0.01,False,1000.0,90.0
15.0,800,0.005,0.01,True,1000.0,90.0
15.0,800,0.005,0.0001,True,1000.0,90.0
15.0,800,0.007,0.001,False,1000.0,90.0
15.0,800,0.007,0.0001,False,1000.0,90.0
15.0,800,0.005,0.001,True,1000.0,90.0
15.0,800,0.007,0.01,False,1000.0,90.0
15.0,800,0.006,0.1,False,1000.0,90.0
15.0,800,0.006,0.0001,True,1000.0,90.0
15.0,800,0.005,0.1,True,1000.0,90.0
15.0,800,0.004,0.1,True,1000.0,90.0
15.0,800,0.007,0.1,False,1000.0,90.0
15.0,800,0.006,0.001,True,1000.0,90.0
15.0,800,0.008,0.01,False,1000.0,90.0
15.0,800,0.008,0.001,False,1000.0,90.0
15.0,800,0.008,0.0001,False,1000.0,90.0
15.0,800,0.006,0.01,True,1000.0,90.0
15.0,800,0.006,0.1,True,1000.0,90.0
15.0,800,0.008,0.1,False,1000.0,90.0
15.0,800,0.007,0.0001,True,1000.0,90.0
15.0,800,0.009000000000000001,0.0001,False,1000.0,90.0
15.0,800,0.007,0.1,True,1000.0,90.0
15.0,800,0.007,0.001,True,1000.0,90.0
15.0,800,0.008,0.0001,True,1000.0,90.0
15.0,800,0.009000000000000001,0.001,False,1000.0,90.0
15.0,800,0.008,0.001,True,1000.0,90.0
15.0,800,0.007,0.01,True,1000.0,90.0
15.0,800,0.009000000000000001,0.01,False,1000.0,90.0
15.0,800,0.01,0.001,False,1000.0,90.0
15.0,800,0.01,0.0001,False,1000.0,90.0
15.0,800,0.009000000000000001,0.1,False,1000.0,90.0
15.0,800,0.008,0.1,True,1000.0,90.0
15.0,800,0.008,0.01,True,1000.0,90.0
15.0,800,0.01,0.01,False,1000.0,90.0
15.0,800,0.02,0.0001,False,1000.0,90.0
15.0,800,0.02,0.001,False,1000.0,90.0
15.0,800,0.009000000000000001,0.0001,True,1000.0,90.0
15.0,800,0.01,0.1,False,1000.0,90.0
15.0,800,0.01,0.0001,False,1000.0,90.0
15.0,800,0.02,0.01,False,1000.0,90.0
15.0,800,0.01,0.001,False,1000.0,90.0
15.0,800,0.009000000000000001,0.001,True,1000.0,90.0
15.0,800,0.03,0.0001,False,1000.0,90.0
15.0,800,0.03,0.001,False,1000.0,90.0
15.0,800,0.01,0.01,False,1000.0,90.0
15.0,800,0.009000000000000001,0.1,True,1000.0,90.0
15.0,800,0.02,0.1,False,1000.0,90.0
15.0,800,0.009000000000000001,0.01,True,1000.0,90.0
15.0,800,0.01,0.1,False,1000.0,90.0
15.0,800,0.03,0.01,False,1000.0,90.0
15.0,800,0.04,0.0001,False,1000.0,90.0
15.0,800,0.03,0.1,False,1000.0,90.0
15.0,800,0.01,0.01,True,1000.0,90.0
15.0,800,0.04,0.001,False,1000.0,90.0
15.0,800,0.02,0.0001,True,1000.0,90.0
15.0,800,0.04,0.01,False,1000.0,90.0
15.0,800,0.05,0.0001,False,1000.0,90.0
15.0,800,0.01,0.001,True,1000.0,90.0
15.0,800,0.01,0.0001,True,1000.0,90.0
15.0,800,0.03,0.001,True,1000.0,90.0
15.0,800,0.04,0.1,False,1000.0,90.0
15.0,800,0.05,0.001,False,1000.0,90.0
15.0,800,0.03,0.0001,True,1000.0,90.0
15.0,800,0.01,0.1,True,1000.0,90.0
15.0,800,0.05,0.01,False,1000.0,90.0
15.0,800,0.03,0.1,True,1000.0,90.0
15.0,800,0.01,0.01,True,1000.0,90.0
15.0,800,0.04,0.0001,True,1000.0,90.0
15.0,800,0.02,0.001,True,1000.0,90.0
15.0,800,0.01,0.1,True,1000.0,90.0
15.0,800,0.05,0.001,True,1000.0,90.0
15.0,800,0.05,0.1,False,1000.0,90.0
15.0,800,0.03,0.01,True,1000.0,90.0
15.0,800,0.01,0.001,True,1000.0,90.0
15.0,800,0.01,0.0001,True,1000.0,90.0
15.0,800,0.05,0.0001,True,1000.0,90.0
15.0,800,0.06,0.0001,False,1000.0,90.0
15.0,800,0.06,0.001,False,1000.0,90.0
15.0,800,0.06,0.01,False,1000.0,90.0
15.0,800,0.05,0.01,True,1000.0,90.0
15.0,800,0.04,0.001,True,1000.0,90.0
15.0,800,0.02,0.01,True,1000.0,90.0
15.0,800,0.05,0.1,True,1000.0,90.0
15.0,800,0.07,0.0001,False,1000.0,90.0
15.0,800,0.04,0.01,True,1000.0,90.0
15.0,800,0.07,0.01,False,1000.0,90.0
15.0,800,0.04,0.1,True,1000.0,90.0
15.0,800,0.07,0.1,False,1000.0,90.0
15.0,800,0.06,0.1,False,1000.0,90.0
15.0,800,0.07,0.001,False,1000.0,90.0
15.0,800,0.08,0.0001,False,1000.0,90.0
15.0,800,0.02,0.1,True,1000.0,90.0
15.0,800,0.06,0.1,True,1000.0,90.0
15.0,800,0.06,0.001,True,1000.0,90.0
15.0,800,0.06,0.0001,True,1000.0,90.0
15.0,800,0.08,0.1,False,1000.0,90.0
15.0,800,0.06,0.01,True,1000.0,90.0
15.0,800,0.08,0.01,False,1000.0,90.0
15.0,800,0.08,0.001,False,1000.0,90.0
15.0,800,0.07,0.0001,True,1000.0,90.0
15.0,800,0.09,0.0001,False,1000.0,90.0
15.0,800,0.07,0.01,True,1000.0,90.0
15.0,800,0.08,0.0001,True,1000.0,90.0
15.0,800,0.09,0.001,False,1000.0,90.0
15.0,800,0.07,0.1,True,1000.0,90.0
15.0,800,0.07,0.001,True,1000.0,90.0
15.0,800,0.09,0.01,False,1000.0,90.0
15.0,800,0.1,0.0001,False,1000.0,90.0
15.0,800,0.08,0.1,True,1000.0,90.0
15.0,800,0.1,0.01,False,1000.0,90.0
15.0,800,0.09,0.1,False,1000.0,90.0
15.0,800,0.1,0.1,False,1000.0,90.0
15.0,800,0.1,0.001,False,1000.0,90.0
15.0,800,0.1,0.0001,False,1000.0,90.0
15.0,800,0.09,0.0001,True,1000.0,90.0
15.0,800,0.08,0.001,True,1000.0,90.0
15.0,800,0.08,0.01,True,1000.0,90.0
15.0,800,0.09,0.001,True,1000.0,90.0
15.0,800,0.1,0.001,False,1000.0,90.0
15.0,800,0.09,0.01,True,1000.0,90.0
15.0,800,0.1,0.0001,True,1000.0,90.0
15.0,800,0.1,0.1,False,1000.0,90.0
15.0,800,0.09,0.1,True,1000.0,90.0
15.0,800,0.1,0.01,True,1000.0,90.0
15.0,800,0.1,0.1,True,1000.0,90.0
15.0,800,0.2,0.0001,False,1000.0,90.0
15.0,800,0.1,0.001,True,1000.0,90.0
15.0,800,0.1,0.01,False,1000.0,90.0
15.0,800,0.2,0.01,False,1000.0,90.0
15.0,800,0.1,0.0001,True,1000.0,90.0
15.0,800,0.2,0.001,False,1000.0,90.0
15.0,800,0.2,0.1,False,1000.0,90.0
15.0,800,0.1,0.01,True,1000.0,90.0
15.0,800,0.30000000000000004,0.0001,False,1000.0,90.0
15.0,800,0.1,0.001,True,1000.0,90.0
15.0,800,0.30000000000000004,0.001,False,1000.0,90.0
15.0,800,0.30000000000000004,0.01,False,1000.0,90.0
15.0,800,0.2,0.0001,True,1000.0,90.0
15.0,800,0.4,0.01,False,1000.0,90.0
15.0,800,0.30000000000000004,0.01,True,1000.0,90.0
15.0,800,0.30000000000000004,0.0001,True,1000.0,90.0
15.0,800,0.30000000000000004,0.1,False,1000.0,90.0
15.0,800,0.4,0.0001,False,1000.0,90.0
15.0,800,0.4,0.001,False,1000.0,90.0
15.0,800,0.30000000000000004,0.001,True,1000.0,90.0
15.0,800,0.4,0.1,False,1000.0,90.0
15.0,800,0.2,0.1,True,1000.0,90.0
15.0,800,0.1,0.1,True,1000.0,90.0
15.0,800,0.2,0.001,True,1000.0,90.0
15.0,800,0.2,0.01,True,1000.0,90.0
15.0,800,0.30000000000000004,0.1,True,1000.0,90.0
15.0,800,0.4,0.1,True,1000.0,90.0
15.0,800,0.4,0.01,True,1000.0,90.0
15.0,800,0.4,0.001,True,1000.0,90.0
15.0,800,0.4,0.0001,True,1000.0,90.0
15.0,1000,0.001,0.0001,False,0.5773362453575674,16.952863639095334
15.0,1000,0.001,0.01,False,0.5773362453575674,16.952863639095334
15.0,1000,0.002,0.0001,False,0.577277898879626,37.611931328752576
15.0,1000,0.001,0.001,False,0.5773362453575674,16.952863639095334
15.0,1000,0.002,0.001,False,0.577277898879626,37.611931328752576
15.0,1000,0.002,0.1,False,0.577277898879626,37.611931328752576
15.0,1000,0.001,0.1,False,0.5773362453575674,16.952863639095334
15.0,1000,0.003,0.01,False,0.9693049337132001,67.61012840802098
15.0,1000,0.003,0.001,False,0.9693049337132001,67.61012840802098
15.0,1000,0.002,0.01,False,0.577277898879626,37.611931328752576
15.0,1000,0.003,0.0001,False,0.9693049337132001,67.61012840802098
15.0,1000,0.003,0.1,False,0.9693049337132001,67.61012840802098
15.0,1000,0.004,0.0001,False,1000.0,90.0
15.0,1000,0.004,0.01,False,1000.0,90.0
15.0,1000,0.004,0.001,False,1000.0,90.0
15.0,1000,0.001,0.0001,True,0.5773198666228405,12.320559306075843
15.0,1000,0.001,0.01,True,0.5773198666228405,12.320559306075843
15.0,1000,0.001,0.1,True,0.5773198666228405,12.320559306075843
15.0,1000,0.001,0.001,True,0.5773198666228405,12.320559306075843
15.0,1000,0.002,0.0001,True,0.5952339874327184,74.49968949698511
15.0,1000,0.002,0.001,True,0.5952339874327184,74.49968949698511
15.0,1000,0.002,0.01,True,0.5952339874327184,74.49968949698511
15.0,1000,0.003,0.001,True,1000.0,90.0
15.0,1000,0.003,0.01,True,1000.0,90.0
15.0,1000,0.002,0.1,True,0.5952339874327184,74.49968949698511
15.0,1000,0.003,0.1,True,1000.0,90.0
15.0,1000,0.003,0.0001,True,1000.0,90.0
15.0,1000,0.004,0.1,False,1000.0,90.0
15.0,1000,0.005,0.0001,False,1000.0,90.0
15.0,1000,0.004,0.001,True,1000.0,90.0
15.0,1000,0.004,0.0001,True,1000.0,90.0
15.0,1000,0.004,0.01,True,1000.0,90.0
15.0,1000,0.005,0.001,False,1000.0,90.0
15.0,1000,0.005,0.1,False,1000.0,90.0
15.0,1000,0.005,0.01,False,1000.0,90.0
15.0,1000,0.006,0.0001,False,1000.0,90.0
15.0,1000,0.006,0.001,False,1000.0,90.0
15.0,1000,0.004,0.1,True,1000.0,90.0
15.0,1000,0.006,0.01,False,1000.0,90.0
15.0,1000,0.006,0.1,False,1000.0,90.0
15.0,1000,0.005,0.001,True,1000.0,90.0
15.0,1000,0.007,0.0001,False,1000.0,90.0
15.0,1000,0.005,0.01,True,1000.0,90.0
15.0,1000,0.005,0.0001,True,1000.0,90.0
15.0,1000,0.007,0.01,False,1000.0,90.0
15.0,1000,0.007,0.001,False,1000.0,90.0
15.0,1000,0.006,0.0001,True,1000.0,90.0
15.0,1000,0.005,0.1,True,1000.0,90.0
15.0,1000,0.007,0.1,False,1000.0,90.0
15.0,1000,0.009000000000000001,0.0001,False,1000.0,90.0
15.0,1000,0.008,0.0001,False,1000.0,90.0
15.0,1000,0.008,0.001,False,1000.0,90.0
15.0,1000,0.006,0.001,True,1000.0,90.0
15.0,1000,0.008,0.01,False,1000.0,90.0
15.0,1000,0.006,0.01,True,1000.0,90.0
15.0,1000,0.008,0.1,False,1000.0,90.0
15.0,1000,0.006,0.1,True,1000.0,90.0
15.0,1000,0.009000000000000001,0.001,False,1000.0,90.0
15.0,1000,0.009000000000000001,0.1,False,1000.0,90.0
15.0,1000,0.009000000000000001,0.01,False,1000.0,90.0
15.0,1000,0.007,0.0001,True,1000.0,90.0
15.0,1000,0.01,0.0001,False,1000.0,90.0
15.0,1000,0.01,0.001,False,1000.0,90.0
15.0,1000,0.01,0.01,False,1000.0,90.0
15.0,1000,0.007,0.01,True,1000.0,90.0
15.0,1000,0.007,0.1,True,1000.0,90.0
15.0,1000,0.007,0.001,True,1000.0,90.0
15.0,1000,0.01,0.001,False,1000.0,90.0
15.0,1000,0.01,0.0001,False,1000.0,90.0
15.0,1000,0.008,0.0001,True,1000.0,90.0
15.0,1000,0.008,0.01,True,1000.0,90.0
15.0,1000,0.01,0.1,False,1000.0,90.0
15.0,1000,0.008,0.1,True,1000.0,90.0
15.0,1000,0.008,0.001,True,1000.0,90.0
15.0,1000,0.01,0.01,False,1000.0,90.0
15.0,1000,0.009000000000000001,0.0001,True,1000.0,90.0
15.0,1000,0.02,0.0001,False,1000.0,90.0
15.0,1000,0.03,0.0001,False,1000.0,90.0
15.0,1000,0.02,0.001,False,1000.0,90.0
15.0,1000,0.01,0.1,False,1000.0,90.0
15.0,1000,0.02,0.01,False,1000.0,90.0
15.0,1000,0.02,0.1,False,1000.0,90.0
15.0,1000,0.03,0.001,False,1000.0,90.0
15.0,1000,0.03,0.01,False,1000.0,90.0
15.0,1000,0.03,0.1,False,1000.0,90.0
15.0,1000,0.04,0.0001,False,1000.0,90.0
15.0,1000,0.009000000000000001,0.001,True,1000.0,90.0
15.0,1000,0.009000000000000001,0.1,True,1000.0,90.0
15.0,1000,0.009000000000000001,0.01,True,1000.0,90.0
15.0,1000,0.04,0.001,False,1000.0,90.0
15.0,1000,0.04,0.01,False,1000.0,90.0
15.0,1000,0.03,0.0001,True,1000.0,90.0
15.0,1000,0.04,0.1,False,1000.0,90.0
15.0,1000,0.03,0.1,True,1000.0,90.0
15.0,1000,0.01,0.001,True,1000.0,90.0
15.0,1000,0.05,0.0001,False,1000.0,90.0
15.0,1000,0.03,0.001,True,1000.0,90.0
15.0,1000,0.05,0.001,False,1000.0,90.0
15.0,1000,0.03,0.01,True,1000.0,90.0
15.0,1000,0.04,0.001,True,1000.0,90.0
15.0,1000,0.01,0.0001,True,1000.0,90.0
15.0,1000,0.04,0.0001,True,1000.0,90.0
15.0,1000,0.01,0.1,True,1000.0,90.0
15.0,1000,0.01,0.0001,True,1000.0,90.0
15.0,1000,0.01,0.001,True,1000.0,90.0
15.0,1000,0.02,0.0001,True,1000.0,90.0
15.0,1000,0.04,0.01,True,1000.0,90.0
15.0,1000,0.05,0.01,False,1000.0,90.0
15.0,1000,0.02,0.1,True,1000.0,90.0
15.0,1000,0.01,0.01,True,1000.0,90.0
15.0,1000,0.04,0.1,True,1000.0,90.0
15.0,1000,0.05,0.1,False,1000.0,90.0
15.0,1000,0.05,0.0001,True,1000.0,90.0
15.0,1000,0.02,0.001,True,1000.0,90.0
15.0,1000,0.06,0.0001,False,1000.0,90.0
15.0,1000,0.02,0.01,True,1000.0,90.0
15.0,1000,0.05,0.001,True,1000.0,90.0
15.0,1000,0.06,0.001,False,1000.0,90.0
15.0,1000,0.06,0.01,False,1000.0,90.0
15.0,1000,0.01,0.01,True,1000.0,90.0
15.0,1000,0.05,0.01,True,1000.0,90.0
15.0,1000,0.06,0.1,False,1000.0,90.0
15.0,1000,0.07,0.0001,False,1000.0,90.0
15.0,1000,0.07,0.001,False,1000.0,90.0
15.0,1000,0.07,0.01,False,1000.0,90.0
15.0,1000,0.06,0.0001,True,1000.0,90.0
15.0,1000,0.01,0.1,True,1000.0,90.0
15.0,1000,0.08,0.0001,False,1000.0,90.0
15.0,1000,0.06,0.001,True,1000.0,90.0
15.0,1000,0.05,0.1,True,1000.0,90.0
15.0,1000,0.07,0.1,False,1000.0,90.0
15.0,1000,0.08,0.01,False,1000.0,90.0
15.0,1000,0.08,0.001,False,1000.0,90.0
15.0,1000,0.09,0.0001,False,1000.0,90.0
15.0,1000,0.06,0.1,True,1000.0,90.0
15.0,1000,0.09,0.001,False,1000.0,90.0
15.0,1000,0.08,0.1,False,1000.0,90.0
15.0,1000,0.06,0.01,True,1000.0,90.0
15.0,1000,0.07,0.0001,True,1000.0,90.0
15.0,1000,0.09,0.01,False,1000.0,90.0
15.0,1000,0.07,0.001,True,1000.0,90.0
15.0,1000,0.07,0.01,True,1000.0,90.0
15.0,1000,0.07,0.1,True,1000.0,90.0
15.0,1000,0.08,0.0001,True,1000.0,90.0
15.0,1000,0.08,0.001,True,1000.0,90.0
15.0,1000,0.09,0.1,False,1000.0,90.0
15.0,1000,0.08,0.01,True,1000.0,90.0
15.0,1000,0.1,0.0001,False,1000.0,90.0
15.0,1000,0.09,0.01,True,1000.0,90.0
15.0,1000,0.1,0.01,False,1000.0,90.0
15.0,1000,0.08,0.1,True,1000.0,90.0
15.0,1000,0.1,0.001,False,1000.0,90.0
15.0,1000,0.1,0.1,False,1000.0,90.0
15.0,1000,0.09,0.0001,True,1000.0,90.0
15.0,1000,0.1,0.0001,False,1000.0,90.0
15.0,1000,0.1,0.01,False,1000.0,90.0
15.0,1000,0.1,0.001,False,1000.0,90.0
15.0,1000,0.09,0.001,True,1000.0,90.0
15.0,1000,0.1,0.1,False,1000.0,90.0
15.0,1000,0.09,0.1,True,1000.0,90.0
15.0,1000,0.2,0.0001,False,1000.0,90.0
15.0,1000,0.1,0.0001,True,1000.0,90.0
15.0,1000,0.1,0.1,True,1000.0,90.0
15.0,1000,0.2,0.001,False,1000.0,90.0
15.0,1000,0.2,0.01,False,1000.0,90.0
15.0,1000,0.2,0.1,False,1000.0,90.0
15.0,1000,0.30000000000000004,0.0001,False,1000.0,90.0
15.0,1000,0.1,0.001,True,1000.0,90.0
15.0,1000,0.1,0.01,True,1000.0,90.0
15.0,1000,0.30000000000000004,0.01,False,1000.0,90.0
15.0,1000,0.1,0.0001,True,1000.0,90.0
15.0,1000,0.1,0.001,True,1000.0,90.0
15.0,1000,0.30000000000000004,0.1,False,1000.0,90.0
15.0,1000,0.1,0.01,True,1000.0,90.0
15.0,1000,0.30000000000000004,0.001,False,1000.0,90.0
15.0,1000,0.4,0.0001,False,1000.0,90.0
15.0,1000,0.2,0.0001,True,1000.0,90.0
15.0,1000,0.1,0.1,True,1000.0,90.0
15.0,1000,0.4,0.001,False,1000.0,90.0
15.0,1000,0.2,0.1,True,1000.0,90.0
15.0,1000,0.2,0.001,True,1000.0,90.0
15.0,1000,0.4,0.01,False,1000.0,90.0
15.0,1000,0.30000000000000004,0.0001,True,1000.0,90.0
15.0,1000,0.2,0.01,True,1000.0,90.0
15.0,1000,0.4,0.1,False,1000.0,90.0
15.0,1000,0.30000000000000004,0.001,True,1000.0,90.0
15.0,1000,0.30000000000000004,0.1,True,1000.0,90.0
15.0,1000,0.4,0.0001,True,1000.0,90.0
15.0,1000,0.30000000000000004,0.01,True,1000.0,90.0
15.0,1000,0.4,0.1,True,1000.0,90.0
15.0,1000,0.4,0.001,True,1000.0,90.0
15.0,1000,0.4,0.01,True,1000.0,90.0
15.0,1500,0.001,0.1,False,0.5773205254936924,11.12582383461207
15.0,1500,0.001,0.01,False,0.5773205254936924,11.12582383461207
15.0,1500,0.001,0.0001,False,0.5773205254936924,11.12582383461207
15.0,1500,0.002,0.0001,False,0.577246458445175,49.95352471003024
15.0,1500,0.001,0.001,False,0.5773205254936924,11.12582383461207
15.0,1500,0.002,0.01,False,0.577246458445175,49.95352471003024
15.0,1500,0.002,0.001,False,0.577246458445175,49.95352471003024
15.0,1500,0.002,0.1,False,0.577246458445175,49.95352471003024
15.0,1500,0.003,0.001,False,1000.0,90.0
15.0,1500,0.003,0.0001,False,1000.0,90.0
15.0,1500,0.003,0.01,False,1000.0,90.0
15.0,1500,0.003,0.1,False,1000.0,90.0
15.0,1500,0.004,0.0001,False,1000.0,90.0
15.0,1500,0.004,0.001,False,1000.0,90.0
15.0,1500,0.004,0.01,False,1000.0,90.0
15.0,1500,0.001,0.001,True,0.5773228167317558,12.286904785752917
15.0,1500,0.001,0.0001,True,0.5773228167317558,12.286904785752917
15.0,1500,0.001,0.01,True,0.5773228167317558,12.286904785752917
15.0,1500,0.004,0.1,False,1000.0,90.0
15.0,1500,0.005,0.001,False,1000.0,90.0
15.0,1500,0.001,0.1,True,0.5773228167317558,12.286904785752917
15.0,1500,0.005,0.0001,False,1000.0,90.0
15.0,1500,0.003,0.0001,True,1000.0,90.0
15.0,1500,0.003,0.001,True,1000.0,90.0
15.0,1500,0.005,0.01,False,1000.0,90.0
15.0,1500,0.002,0.001,True,0.5772510402677078,74.68478935876118
15.0,1500,0.005,0.1,False,1000.0,90.0
15.0,1500,0.002,0.0001,True,0.5772510402677078,74.68478935876118
15.0,1500,0.003,0.01,True,1000.0,90.0
15.0,1500,0.002,0.01,True,0.5772510402677078,74.68478935876118
15.0,1500,0.002,0.1,True,0.5772510402677078,74.68478935876118
15.0,1500,0.003,0.1,True,1000.0,90.0
15.0,1500,0.006,0.001,False,1000.0,90.0
15.0,1500,0.006,0.0001,False,1000.0,90.0
15.0,1500,0.004,0.0001,True,1000.0,90.0
15.0,1500,0.004,0.001,True,1000.0,90.0
15.0,1500,0.004,0.01,True,1000.0,90.0
15.0,1500,0.006,0.1,False,1000.0,90.0
15.0,1500,0.005,0.001,True,1000.0,90.0
15.0,1500,0.004,0.1,True,1000.0,90.0
15.0,1500,0.005,0.01,True,1000.0,90.0
15.0,1500,0.006,0.01,False,1000.0,90.0
15.0,1500,0.008,0.001,False,1000.0,90.0
15.0,1500,0.007,0.01,False,1000.0,90.0
15.0,1500,0.007,0.001,False,1000.0,90.0
15.0,1500,0.005,0.0001,True,1000.0,90.0
15.0,1500,0.007,0.0001,False,1000.0,90.0
15.0,1500,0.008,0.0001,False,1000.0,90.0
15.0,1500,0.007,0.1,False,1000.0,90.0
15.0,1500,0.006,0.0001,True,1000.0,90.0
15.0,1500,0.005,0.1,True,1000.0,90.0
15.0,1500,0.008,0.01,False,1000.0,90.0
15.0,1500,0.006,0.001,True,1000.0,90.0
15.0,1500,0.009000000000000001,0.0001,False,1000.0,90.0
15.0,1500,0.008,0.1,False,1000.0,90.0
15.0,1500,0.006,0.01,True,1000.0,90.0
15.0,1500,0.009000000000000001,0.001,False,1000.0,90.0
15.0,1500,0.009000000000000001,0.1,False,1000.0,90.0
15.0,1500,0.006,0.1,True,1000.0,90.0
15.0,1500,0.009000000000000001,0.01,False,1000.0,90.0
15.0,1500,0.01,0.0001,False,1000.0,90.0
15.0,1500,0.007,0.0001,True,1000.0,90.0
15.0,1500,0.01,0.001,False,1000.0,90.0
15.0,1500,0.01,0.0001,False,1000.0,90.0
15.0,1500,0.007,0.01,True,1000.0,90.0
15.0,1500,0.01,0.1,False,1000.0,90.0
15.0,1500,0.007,0.001,True,1000.0,90.0
15.0,1500,0.01,0.01,False,1000.0,90.0
15.0,1500,0.008,0.0001,True,1000.0,90.0
15.0,1500,0.008,0.001,True,1000.0,90.0
15.0,1500,0.007,0.1,True,1000.0,90.0
15.0,1500,0.008,0.1,True,1000.0,90.0
15.0,1500,0.01,0.001,False,1000.0,90.0
15.0,1500,0.01,0.01,False,1000.0,90.0
15.0,1500,0.009000000000000001,0.0001,True,1000.0,90.0
15.0,1500,0.02,0.0001,False,1000.0,90.0
15.0,1500,0.009000000000000001,0.001,True,1000.0,90.0
15.0,1500,0.008,0.01,True,1000.0,90.0
15.0,1500,0.02,0.001,False,1000.0,90.0
15.0,1500,0.03,0.0001,False,1000.0,90.0
15.0,1500,0.02,0.01,False,1000.0,90.0
15.0,1500,0.02,0.1,False,1000.0,90.0
15.0,1500,0.03,0.001,False,1000.0,90.0
15.0,1500,0.03,0.01,False,1000.0,90.0
15.0,1500,0.04,0.0001,False,1000.0,90.0
15.0,1500,0.01,0.1,False,1000.0,90.0
15.0,1500,0.03,0.1,False,1000.0,90.0
15.0,1500,0.04,0.001,False,1000.0,90.0
15.0,1500,0.009000000000000001,0.1,True,1000.0,90.0
15.0,1500,0.009000000000000001,0.01,True,1000.0,90.0
15.0,1500,0.04,0.01,False,1000.0,90.0
15.0,1500,0.04,0.1,False,1000.0,90.0
15.0,1500,0.01,0.0001,True,1000.0,90.0
15.0,1500,0.05,0.0001,False,1000.0,90.0
15.0,1500,0.05,0.001,False,1000.0,90.0
15.0,1500,0.03,0.0001,True,1000.0,90.0
15.0,1500,0.01,0.01,True,1000.0,90.0
15.0,1500,0.05,0.01,False,1000.0,90.0
15.0,1500,0.01,0.001,True,1000.0,90.0
15.0,1500,0.03,0.001,True,1000.0,90.0
15.0,1500,0.01,0.001,True,1000.0,90.0
15.0,1500,0.01,0.1,True,1000.0,90.0
15.0,1500,0.05,0.1,False,1000.0,90.0
15.0,1500,0.04,0.0001,True,1000.0,90.0
15.0,1500,0.03,0.01,True,1000.0,90.0
15.0,1500,0.02,0.0001,True,1000.0,90.0
15.0,1500,0.04,0.001,True,1000.0,90.0
15.0,1500,0.01,0.0001,True,1000.0,90.0
15.0,1500,0.02,0.001,True,1000.0,90.0
15.0,1500,0.06,0.0001,False,1000.0,90.0
15.0,1500,0.03,0.1,True,1000.0,90.0
15.0,1500,0.06,0.001,False,1000.0,90.0
15.0,1500,0.04,0.01,True,1000.0,90.0
15.0,1500,0.04,0.1,True,1000.0,90.0
15.0,1500,0.05,0.001,True,1000.0,90.0
15.0,1500,0.05,0.0001,True,1000.0,90.0
15.0,1500,0.06,0.01,False,1000.0,90.0
15.0,1500,0.01,0.01,True,1000.0,90.0
15.0,1500,0.02,0.1,True,1000.0,90.0
15.0,1500,0.02,0.01,True,1000.0,90.0
15.0,1500,0.06,0.1,False,1000.0,90.0
15.0,1500,0.07,0.0001,False,1000.0,90.0
15.0,1500,0.05,0.1,True,1000.0,90.0
15.0,1500,0.07,0.1,False,1000.0,90.0
15.0,1500,0.05,0.01,True,1000.0,90.0
15.0,1500,0.07,0.01,False,1000.0,90.0
15.0,1500,0.07,0.001,False,1000.0,90.0
15.0,1500,0.08,0.0001,False,1000.0,90.0
15.0,1500,0.06,0.0001,True,1000.0,90.0
15.0,1500,0.08,0.001,False,1000.0,90.0
15.0,1500,0.08,0.01,False,1000.0,90.0
15.0,1500,0.09,0.0001,False,1000.0,90.0
15.0,1500,0.06,0.001,True,1000.0,90.0
15.0,1500,0.08,0.1,False,1000.0,90.0
15.0,1500,0.06,0.01,True,1000.0,90.0
15.0,1500,0.09,0.01,False,1000.0,90.0
15.0,1500,0.09,0.001,False,1000.0,90.0
15.0,1500,0.01,0.1,True,1000.0,90.0
15.0,1500,0.06,0.1,True,1000.0,90.0
15.0,1500,0.07,0.001,True,1000.0,90.0
15.0,1500,0.07,0.0001,True,1000.0,90.0
15.0,1500,0.09,0.1,False,1000.0,90.0
15.0,1500,0.07,0.01,True,1000.0,90.0
15.0,1500,0.1,0.0001,False,1000.0,90.0
15.0,1500,0.07,0.1,True,1000.0,90.0
15.0,1500,0.1,0.1,False,1000.0,90.0
15.0,1500,0.1,0.001,False,1000.0,90.0
15.0,1500,0.08,0.001,True,1000.0,90.0
15.0,1500,0.08,0.0001,True,1000.0,90.0
15.0,1500,0.1,0.01,False,1000.0,90.0
15.0,1500,0.08,0.1,True,1000.0,90.0
15.0,1500,0.08,0.01,True,1000.0,90.0
15.0,1500,0.09,0.0001,True,1000.0,90.0
15.0,1500,0.1,0.0001,False,1000.0,90.0
15.0,1500,0.09,0.001,True,1000.0,90.0
15.0,1500,0.09,0.01,True,1000.0,90.0
15.0,1500,0.1,0.1,False,1000.0,90.0
15.0,1500,0.1,0.001,False,1000.0,90.0
15.0,1500,0.1,0.01,False,1000.0,90.0
15.0,1500,0.09,0.1,True,1000.0,90.0
15.0,1500,0.2,0.001,False,1000.0,90.0
15.0,1500,0.2,0.01,False,1000.0,90.0
15.0,1500,0.2,0.0001,False,1000.0,90.0
15.0,1500,0.1,0.0001,True,1000.0,90.0
15.0,1500,0.30000000000000004,0.001,False,1000.0,90.0
15.0,1500,0.1,0.001,True,1000.0,90.0
15.0,1500,0.1,0.01,True,1000.0,90.0
15.0,1500,0.30000000000000004,0.0001,False,1000.0,90.0
15.0,1500,0.2,0.1,False,1000.0,90.0
15.0,1500,0.1,0.1,True,1000.0,90.0
15.0,1500,0.30000000000000004,0.1,False,1000.0,90.0
15.0,1500,0.1,0.0001,True,1000.0,90.0
15.0,1500,0.30000000000000004,0.01,False,1000.0,90.0
15.0,1500,0.1,0.001,True,1000.0,90.0
15.0,1500,0.4,0.001,False,1000.0,90.0
15.0,1500,0.1,0.01,True,1000.0,90.0
15.0,1500,0.4,0.0001,False,1000.0,90.0
15.0,1500,0.2,0.0001,True,1000.0,90.0
15.0,1500,0.2,0.001,True,1000.0,90.0
15.0,1500,0.1,0.1,True,1000.0,90.0
15.0,1500,0.2,0.01,True,1000.0,90.0
15.0,1500,0.30000000000000004,0.0001,True,1000.0,90.0
15.0,1500,0.4,0.1,False,1000.0,90.0
15.0,1500,0.4,0.01,False,1000.0,90.0
15.0,1500,0.30000000000000004,0.001,True,1000.0,90.0
15.0,1500,0.2,0.1,True,1000.0,90.0
15.0,1500,0.30000000000000004,0.01,True,1000.0,90.0
15.0,1500,0.4,0.001,True,1000.0,90.0
15.0,1500,0.30000000000000004,0.1,True,1000.0,90.0
15.0,1500,0.4,0.01,True,1000.0,90.0
15.0,1500,0.4,0.0001,True,1000.0,90.0
15.0,1500,0.4,0.1,True,1000.0,90.0
15.0,2000,0.001,0.01,False,0.5773264930152135,12.25325026542999
15.0,2000,0.001,0.0001,False,0.5773264930152135,12.25325026542999
15.0,2000,0.001,0.001,False,0.5773264930152135,12.25325026542999
15.0,2000,0.002,0.0001,False,0.5772583927768121,89.99519221138243
15.0,2000,0.001,0.1,False,0.5773264930152135,12.25325026542999
15.0,2000,0.002,0.001,False,0.5772583927768121,89.99519221138243
15.0,2000,0.002,0.01,False,0.5772583927768121,89.99519221138243
15.0,2000,0.002,0.1,False,0.5772583927768121,89.99519221138243
15.0,2000,0.003,0.0001,False,1000.0,90.0
15.0,2000,0.003,0.1,False,1000.0,90.0
15.0,2000,0.003,0.001,False,1000.0,90.0
15.0,2000,0.003,0.01,False,1000.0,90.0
15.0,2000,0.004,0.001,False,1000.0,90.0
15.0,2000,0.004,0.0001,False,1000.0,90.0
15.0,2000,0.004,0.01,False,1000.0,90.0
15.0,2000,0.004,0.1,False,1000.0,90.0
15.0,2000,0.005,0.001,False,1000.0,90.0
15.0,2000,0.005,0.0001,False,1000.0,90.0
15.0,2000,0.005,0.01,False,1000.0,90.0
15.0,2000,0.005,0.1,False,1000.0,90.0
15.0,2000,0.006,0.0001,False,1000.0,90.0
15.0,2000,0.001,0.0001,True,0.5773264930152135,12.25325026542999
15.0,2000,0.001,0.1,True,0.5773264930152135,12.25325026542999
15.0,2000,0.006,0.001,False,1000.0,90.0
15.0,2000,0.001,0.001,True,0.5773264930152135,12.25325026542999
15.0,2000,0.001,0.01,True,0.5773264930152135,12.25325026542999
15.0,2000,0.002,0.1,True,0.5772583927768121,89.99519221138243
15.0,2000,0.002,0.0001,True,0.5772583927768121,89.99519221138243
15.0,2000,0.003,0.001,True,1000.0,90.0
15.0,2000,0.002,0.01,True,0.5772583927768121,89.99519221138243
15.0,2000,0.002,0.001,True,0.5772583927768121,89.99519221138243
15.0,2000,0.003,0.01,True,1000.0,90.0
15.0,2000,0.004,0.0001,True,1000.0,90.0
15.0,2000,0.003,0.1,True,1000.0,90.0
15.0,2000,0.003,0.0001,True,1000.0,90.0
15.0,2000,0.004,0.001,True,1000.0,90.0
15.0,2000,0.004,0.01,True,1000.0,90.0
15.0,2000,0.006,0.01,False,1000.0,90.0
15.0,2000,0.006,0.1,False,1000.0,90.0
15.0,2000,0.005,0.0001,True,1000.0,90.0
15.0,2000,0.007,0.0001,False,1000.0,90.0
15.0,2000,0.007,0.001,False,1000.0,90.0
15.0,2000,0.007,0.01,False,1000.0,90.0
15.0,2000,0.005,0.01,True,1000.0,90.0
15.0,2000,0.004,0.1,True,1000.0,90.0
15.0,2000,0.007,0.1,False,1000.0,90.0
15.0,2000,0.005,0.001,True,1000.0,90.0
15.0,2000,0.008,0.001,False,1000.0,90.0
15.0,2000,0.008,0.0001,False,1000.0,90.0
15.0,2000,0.006,0.0001,True,1000.0,90.0
15.0,2000,0.008,0.01,False,1000.0,90.0
15.0,2000,0.006,0.001,True,1000.0,90.0
15.0,2000,0.005,0.1,True,1000.0,90.0
15.0,2000,0.008,0.1,False,1000.0,90.0
15.0,2000,0.009000000000000001,0.0001,False,1000.0,90.0
15.0,2000,0.006,0.01,True,1000.0,90.0
15.0,2000,0.009000000000000001,0.001,False,1000.0,90.0
15.0,2000,0.009000000000000001,0.01,False,1000.0,90.0
15.0,2000,0.009000000000000001,0.1,False,1000.0,90.0
15.0,2000,0.006,0.1,True,1000.0,90.0
15.0,2000,0.01,0.0001,False,1000.0,90.0
15.0,2000,0.01,0.001,False,1000.0,90.0
15.0,2000,0.007,0.0001,True,1000.0,90.0
15.0,2000,0.007,0.01,True,1000.0,90.0
15.0,2000,0.01,0.0001,False,1000.0,90.0
15.0,2000,0.01,0.1,False,1000.0,90.0
15.0,2000,0.01,0.01,False,1000.0,90.0
15.0,2000,0.007,0.001,True,1000.0,90.0
15.0,2000,0.01,0.001,False,1000.0,90.0
15.0,2000,0.008,0.001,True,1000.0,90.0
15.0,2000,0.008,0.0001,True,1000.0,90.0
15.0,2000,0.007,0.1,True,1000.0,90.0
15.0,2000,0.008,0.01,True,1000.0,90.0
15.0,2000,0.01,0.01,False,1000.0,90.0
15.0,2000,0.008,0.1,True,1000.0,90.0
15.0,2000,0.01,0.1,False,1000.0,90.0
15.0,2000,0.009000000000000001,0.0001,True,1000.0,90.0
15.0,2000,0.009000000000000001,0.001,True,1000.0,90.0
15.0,2000,0.02,0.0001,False,1000.0,90.0
15.0,2000,0.03,0.0001,False,1000.0,90.0
15.0,2000,0.02,0.001,False,1000.0,90.0
15.0,2000,0.02,0.1,False,1000.0,90.0
15.0,2000,0.03,0.001,False,1000.0,90.0
15.0,2000,0.009000000000000001,0.01,True,1000.0,90.0
15.0,2000,0.02,0.01,False,1000.0,90.0
15.0,2000,0.03,0.01,False,1000.0,90.0
15.0,2000,0.03,0.1,False,1000.0,90.0
15.0,2000,0.04,0.0001,False,1000.0,90.0
15.0,2000,0.01,0.001,True,1000.0,90.0
15.0,2000,0.01,0.0001,True,1000.0,90.0
15.0,2000,0.04,0.001,False,1000.0,90.0
15.0,2000,0.009000000000000001,0.1,True,1000.0,90.0
15.0,2000,0.04,0.01,False,1000.0,90.0
15.0,2000,0.01,0.0001,True,1000.0,90.0
15.0,2000,0.04,0.1,False,1000.0,90.0
15.0,2000,0.05,0.0001,False,1000.0,90.0
15.0,2000,0.05,0.001,False,1000.0,90.0
15.0,2000,0.01,0.01,True,1000.0,90.0
15.0,2000,0.05,0.01,False,1000.0,90.0
15.0,2000,0.01,0.01,True,1000.0,90.0
15.0,2000,0.03,0.0001,True,1000.0,90.0
15.0,2000,0.03,0.001,True,1000.0,90.0
15.0,2000,0.01,0.1,True,1000.0,90.0
15.0,2000,0.01,0.001,True,1000.0,90.0
15.0,2000,0.03,0.01,True,1000.0,90.0
15.0,2000,0.05,0.1,False,1000.0,90.0
15.0,2000,0.04,0.0001,True,1000.0,90.0
15.0,2000,0.02,0.001,True,1000.0,90.0
15.0,2000,0.06,0.0001,False,1000.0,90.0
15.0,2000,0.02,0.0001,True,1000.0,90.0
15.0,2000,0.06,0.001,False,1000.0,90.0
15.0,2000,0.04,0.001,True,1000.0,90.0
15.0,2000,0.02,0.01,True,1000.0,90.0
15.0,2000,0.06,0.01,False,1000.0,90.0
15.0,2000,0.04,0.01,True,1000.0,90.0
15.0,2000,0.06,0.1,False,1000.0,90.0
15.0,2000,0.03,0.1,True,1000.0,90.0
15.0,2000,0.07,0.001,False,1000.0,90.0
15.0,2000,0.07,0.0001,False,1000.0,90.0
15.0,2000,0.05,0.001,True,1000.0,90.0
15.0,2000,0.01,0.1,True,1000.0,90.0
15.0,2000,0.05,0.0001,True,1000.0,90.0
15.0,2000,0.07,0.01,False,1000.0,90.0
15.0,2000,0.08,0.0001,False,1000.0,90.0
15.0,2000,0.02,0.1,True,1000.0,90.0
15.0,2000,0.04,0.1,True,1000.0,90.0
15.0,2000,0.07,0.1,False,1000.0,90.0
15.0,2000,0.06,0.0001,True,1000.0,90.0
15.0,2000,0.08,0.001,False,1000.0,90.0
15.0,2000,0.05,0.01,True,1000.0,90.0
15.0,2000,0.09,0.0001,False,1000.0,90.0
15.0,2000,0.08,0.01,False,1000.0,90.0
15.0,2000,0.08,0.1,False,1000.0,90.0
15.0,2000,0.09,0.001,False,1000.0,90.0
15.0,2000,0.09,0.01,False,1000.0,90.0
15.0,2000,0.09,0.1,False,1000.0,90.0
15.0,2000,0.05,0.1,True,1000.0,90.0
15.0,2000,0.06,0.01,True,1000.0,90.0
15.0,2000,0.06,0.001,True,1000.0,90.0
15.0,2000,0.07,0.01,True,1000.0,90.0
15.0,2000,0.07,0.0001,True,1000.0,90.0
15.0,2000,0.1,0.01,False,1000.0,90.0
15.0,2000,0.07,0.001,True,1000.0,90.0
15.0,2000,0.1,0.001,False,1000.0,90.0
15.0,2000,0.1,0.0001,False,1000.0,90.0
15.0,2000,0.07,0.1,True,1000.0,90.0
15.0,2000,0.06,0.1,True,1000.0,90.0
15.0,2000,0.1,0.1,False,1000.0,90.0
15.0,2000,0.08,0.001,True,1000.0,90.0
15.0,2000,0.08,0.0001,True,1000.0,90.0
15.0,2000,0.1,0.01,False,1000.0,90.0
15.0,2000,0.1,0.0001,False,1000.0,90.0
15.0,2000,0.09,0.1,True,1000.0,90.0
15.0,2000,0.09,0.0001,True,1000.0,90.0
15.0,2000,0.1,0.001,False,1000.0,90.0
15.0,2000,0.08,0.01,True,1000.0,90.0
15.0,2000,0.08,0.1,True,1000.0,90.0
15.0,2000,0.2,0.0001,False,1000.0,90.0
15.0,2000,0.2,0.001,False,1000.0,90.0
15.0,2000,0.2,0.01,False,1000.0,90.0
15.0,2000,0.2,0.1,False,1000.0,90.0
15.0,2000,0.1,0.1,False,1000.0,90.0
15.0,2000,0.1,0.01,True,1000.0,90.0
15.0,2000,0.09,0.001,True,1000.0,90.0
15.0,2000,0.09,0.01,True,1000.0,90.0
15.0,2000,0.30000000000000004,0.0001,False,1000.0,90.0
15.0,2000,0.1,0.001,True,1000.0,90.0
15.0,2000,0.1,0.0001,True,1000.0,90.0
15.0,2000,0.30000000000000004,0.001,False,1000.0,90.0
15.0,2000,0.30000000000000004,0.01,False,1000.0,90.0
15.0,2000,0.1,0.0001,True,1000.0,90.0
15.0,2000,0.1,0.1,True,1000.0,90.0
15.0,2000,0.1,0.001,True,1000.0,90.0
15.0,2000,0.4,0.0001,False,1000.0,90.0
15.0,2000,0.30000000000000004,0.1,False,1000.0,90.0
15.0,2000,0.4,0.1,False,1000.0,90.0
15.0,2000,0.1,0.01,True,1000.0,90.0
15.0,2000,0.4,0.001,False,1000.0,90.0
15.0,2000,0.1,0.1,True,1000.0,90.0
15.0,2000,0.2,0.0001,True,1000.0,90.0
15.0,2000,0.4,0.01,False,1000.0,90.0
15.0,2000,0.2,0.001,True,1000.0,90.0
15.0,2000,0.2,0.01,True,1000.0,90.0
15.0,2000,0.30000000000000004,0.0001,True,1000.0,90.0
15.0,2000,0.2,0.1,True,1000.0,90.0
15.0,2000,0.30000000000000004,0.01,True,1000.0,90.0
15.0,2000,0.30000000000000004,0.001,True,1000.0,90.0
15.0,2000,0.30000000000000004,0.1,True,1000.0,90.0
15.0,2000,0.4,0.01,True,1000.0,90.0
15.0,2000,0.4,0.0001,True,1000.0,90.0
15.0,2000,0.4,0.001,True,1000.0,90.0
15.0,2000,0.4,0.1,True,1000.0,90.0
15.5,200,0.001,0.0001,False,4.922662487287623,17.537009956128927
15.5,200,0.001,0.1,False,4.922662487287623,17.537009956128927
15.5,200,0.002,0.0001,False,3.923626106685305,12.510466956469479
15.5,200,0.001,0.001,False,4.922662487287623,17.537009956128927
15.5,200,0.002,0.001,False,3.923626106685305,12.510466956469479
15.5,200,0.001,0.01,False,4.922662487287623,17.537009956128927
15.5,200,0.002,0.1,False,3.923626106685305,12.510466956469479
15.5,200,0.002,0.01,False,3.923626106685305,12.510466956469479
15.5,200,0.001,0.0001,True,1000.0,90.0
15.5,200,0.001,0.01,True,1000.0,90.0
15.5,200,0.003,0.001,False,3.3290116354697488,15.195616899376986
15.5,200,0.001,0.001,True,1000.0,90.0
15.5,200,0.003,0.0001,False,3.3290116354697488,15.195616899376986
15.5,200,0.001,0.1,True,1000.0,90.0
15.5,200,0.002,0.0001,True,1000.0,90.0
15.5,200,0.003,0.01,False,3.3290116354697488,15.195616899376986
15.5,200,0.002,0.01,True,1000.0,90.0
15.5,200,0.002,0.001,True,1000.0,90.0
15.5,200,0.003,0.0001,True,18.319991052065475,89.99519221138243
15.5,200,0.003,0.1,False,3.3290116354697488,15.195616899376986
15.5,200,0.003,0.001,True,18.319991052065475,89.99519221138243
15.5,200,0.004,0.001,False,2.983089484891004,35.82343396302009
15.5,200,0.004,0.0001,False,2.983089484891004,35.82343396302009
15.5,200,0.002,0.1,True,1000.0,90.0
15.5,200,0.003,0.1,True,18.319991052065475,89.99519221138243
15.5,200,0.003,0.01,True,18.319991052065475,89.99519221138243
15.5,200,0.004,0.01,False,2.983089484891004,35.82343396302009
15.5,200,0.004,0.0001,True,13.050565749489976,89.99759610569122
15.5,200,0.004,0.01,True,13.050565749489976,89.99759610569122
15.5,200,0.004,0.001,True,13.050565749489976,89.99759610569122
15.5,200,0.005,0.0001,False,2.779088302043436,24.282337386566233
15.5,200,0.005,0.01,False,2.779088302043436,24.282337386566233
15.5,200,0.004,0.1,False,2.983089484891004,35.82343396302009
15.5,200,0.005,0.1,False,2.779088302043436,24.282337386566233
15.5,200,0.005,0.001,False,2.779088302043436,24.282337386566233
15.5,200,0.005,0.0001,True,1000.0,90.0
15.5,200,0.004,0.1,True,13.050565749489976,89.99759610569122
15.5,200,0.005,0.01,True,1000.0,90.0
15.5,200,0.006,0.0001,False,5.797035878534408,14.926380736793604
15.5,200,0.006,0.1,False,5.797035878534408,14.926380736793604
15.5,200,0.006,0.001,False,5.797035878534408,14.926380736793604
15.5,200,0.007,0.001,False,7.07558062095424,17.05142330575532
15.5,200,0.005,0.1,True,1000.0,90.0
15.5,200,0.006,0.01,False,5.797035878534408,14.926380736793604
15.5,200,0.007,0.0001,False,7.07558062095424,17.05142330575532
15.5,200,0.005,0.001,True,1000.0,90.0
15.5,200,0.007,0.1,False,7.07558062095424,17.05142330575532
15.5,200,0.006,0.001,True,1000.0,90.0
15.5,200,0.006,0.0001,True,1000.0,90.0
15.5,200,0.007,0.01,False,7.07558062095424,17.05142330575532
15.5,200,0.006,0.01,True,1000.0,90.0
15.5,200,0.007,0.0001,True,1000.0,90.0
15.5,200,0.007,0.01,True,1000.0,90.0
15.5,200,0.006,0.1,True,1000.0,90.0
15.5,200,0.007,0.1,True,1000.0,90.0
15.5,200,0.008,0.0001,False,14.232309409389542,23.109236963881486
15.5,200,0.007,0.001,True,1000.0,90.0
15.5,200,0.008,0.001,False,14.232309409389542,23.109236963881486
15.5,200,0.008,0.001,True,1000.0,90.0
15.5,200,0.008,0.0001,True,1000.0,90.0
15.5,200,0.008,0.01,False,14.232309409389542,23.109236963881486
15.5,200,0.008,0.1,False,14.232309409389542,23.109236963881486
15.5,200,0.008,0.01,True,1000.0,90.0
15.5,200,0.009000000000000001,0.001,False,15.342058471409615,28.01558524810192
15.5,200,0.009000000000000001,0.0001,False,15.342058471409615,28.01558524810192
15.5,200,0.009000000000000001,0.01,False,15.342058471409615,28.01558524810192
15.5,200,0.01,0.0001,False,25.182132755388565,31.95316412588393
15.5,200,0.008,0.1,True,1000.0,90.0
15.5,200,0.009000000000000001,0.1,False,15.342058471409615,28.01558524810192
15.5,200,0.01,0.001,False,25.182132755388565,31.95316412588393
15.5,200,0.01,0.01,False,25.182132755388565,31.95316412588393
15.5,200,0.02,0.0001,True,1000.0,90.0
15.5,200,0.01,0.1,False,25.182132755388565,31.95316412588393
15.5,200,0.009000000000000001,0.0001,True,1000.0,90.0
15.5,200,0.009000000000000001,0.1,True,1000.0,90.0
15.5,200,0.02,0.001,True,1000.0,90.0
15.5,200,0.01,0.001,False,25.182132755388565,31.95316412588393
15.5,200,0.009000000000000001,0.001,True,1000.0,90.0
15.5,200,0.01,0.0001,True,1000.0,90.0
15.5,200,0.01,0.0001,False,25.182132755388565,31.95316412588393
15.5,200,0.009000000000000001,0.01,True,1000.0,90.0
15.5,200,0.01,0.001,True,1000.0,90.0
15.5,200,0.02,0.01,True,1000.0,90.0
15.5,200,0.01,0.01,True,1000.0,90.0
15.5,200,0.01,0.1,False,25.182132755388565,31.95316412588393
15.5,200,0.01,0.1,True,1000.0,90.0
15.5,200,0.01,0.0001,True,1000.0,90.0
15.5,200,0.02,0.1,True,1000.0,90.0
15.5,200,0.03,0.0001,True,1000.0,90.0
15.5,200,0.03,0.001,True,1000.0,90.0
15.5,200,0.01,0.001,True,1000.0,90.0
15.5,200,0.03,0.001,False,1000.0,90.0
15.5,200,0.03,0.0001,False,1000.0,90.0
15.5,200,0.04,0.0001,False,1000.0,90.0
15.5,200,0.02,0.0001,False,1000.0,72.85302189547066
15.5,200,0.01,0.01,False,25.182132755388565,31.95316412588393
15.5,200,0.03,0.01,False,1000.0,90.0
15.5,200,0.04,0.0001,True,1000.0,90.0
15.5,200,0.04,0.01,False,1000.0,90.0
15.5,200,0.03,0.01,True,1000.0,90.0
15.5,200,0.03,0.1,True,1000.0,90.0
15.5,200,0.04,0.001,True,1000.0,90.0
15.5,200,0.04,0.001,False,1000.0,90.0
15.5,200,0.04,0.1,False,1000.0,90.0
15.5,200,0.02,0.001,False,1000.0,72.85302189547066
15.5,200,0.04,0.01,True,1000.0,90.0
15.5,200,0.01,0.01,True,1000.0,90.0
15.5,200,0.03,0.1,False,1000.0,90.0
15.5,200,0.05,0.0001,False,1000.0,90.0
15.5,200,0.05,0.001,False,1000.0,90.0
15.5,200,0.04,0.1,True,1000.0,90.0
15.5,200,0.05,0.01,False,1000.0,90.0
15.5,200,0.06,0.0001,False,1000.0,90.0
15.5,200,0.01,0.1,True,1000.0,90.0
15.5,200,0.05,0.0001,True,1000.0,90.0
15.5,200,0.05,0.01,True,1000.0,90.0
15.5,200,0.02,0.01,False,1000.0,72.85302189547066
15.5,200,0.05,0.001,True,1000.0,90.0
15.5,200,0.05,0.1,False,1000.0,90.0
15.5,200,0.06,0.0001,True,1000.0,90.0
15.5,200,0.06,0.001,False,1000.0,90.0
15.5,200,0.06,0.01,False,1000.0,90.0
15.5,200,0.06,0.01,True,1000.0,90.0
15.5,200,0.02,0.1,False,1000.0,72.85302189547066
15.5,200,0.05,0.1,True,1000.0,90.0
15.5,200,0.07,0.01,False,1000.0,90.0
15.5,200,0.07,0.1,False,1000.0,90.0
15.5,200,0.06,0.001,True,1000.0,90.0
15.5,200,0.07,0.001,False,1000.0,90.0
15.5,200,0.06,0.1,False,1000.0,90.0
15.5,200,0.07,0.0001,False,1000.0,90.0
15.5,200,0.07,0.0001,True,1000.0,90.0
15.5,200,0.06,0.1,True,1000.0,90.0
15.5,200,0.08,0.0001,False,1000.0,90.0
15.5,200,0.08,0.001,False,1000.0,90.0
15.5,200,0.07,0.1,True,1000.0,90.0
15.5,200,0.07,0.001,True,1000.0,90.0
15.5,200,0.08,0.01,False,1000.0,90.0
15.5,200,0.07,0.01,True,1000.0,90.0
15.5,200,0.08,0.0001,True,1000.0,90.0
15.5,200,0.09,0.0001,False,1000.0,90.0
15.5,200,0.09,0.01,False,1000.0,90.0
15.5,200,0.08,0.1,False,1000.0,90.0
15.5,200,0.09,0.001,False,1000.0,90.0
15.5,200,0.08,0.001,True,1000.0,90.0
15.5,200,0.08,0.1,True,1000.0,90.0
15.5,200,0.08,0.01,True,1000.0,90.0
15.5,200,0.1,0.1,False,1000.0,90.0
15.5,200,0.09,0.01,True,1000.0,90.0
15.5,200,0.09,0.0001,True,1000.0,90.0
15.5,200,0.1,0.0001,False,1000.0,90.0
15.5,200,0.09,0.001,True,1000.0,90.0
15.5,200,0.1,0.001,False,1000.0,90.0
15.5,200,0.1,0.0001,False,1000.0,90.0
15.5,200,0.1,0.01,False,1000.0,90.0
15.5,200,0.09,0.1,False,1000.0,90.0
15.5,200,0.1,0.0001,True,1000.0,90.0
15.5,200,0.1,0.01,True,1000.0,90.0
15.5,200,0.09,0.1,True,1000.0,90.0
15.5,200,0.1,0.1,True,1000.0,90.0
15.5,200,0.1,0.01,False,1000.0,90.0
15.5,200,0.1,0.001,False,1000.0,90.0
15.5,200,0.1,0.001,True,1000.0,90.0
15.5,200,0.1,0.1,False,1000.0,90.0
15.5,200,0.1,0.001,True,1000.0,90.0
15.5,200,0.2,0.0001,False,1000.0,90.0
15.5,200,0.2,0.1,False,1000.0,90.0
15.5,200,0.1,0.0001,True,1000.0,90.0
15.5,200,0.2,0.001,False,1000.0,90.0
15.5,200,0.2,0.01,False,1000.0,90.0
15.5,200,0.1,0.01,True,1000.0,90.0
15.5,200,0.1,0.1,True,1000.0,90.0
15.5,200,0.2,0.0001,True,1000.0,90.0
15.5,200,0.2,0.001,True,1000.0,90.0
15.5,200,0.30000000000000004,0.001,False,1000.0,90.0
15.5,200,0.30000000000000004,0.01,False,1000.0,90.0
15.5,200,0.2,0.1,True,1000.0,90.0
15.5,200,0.30000000000000004,0.0001,False,1000.0,90.0
15.5,200,0.30000000000000004,0.1,False,1000.0,90.0
15.5,200,0.2,0.01,True,1000.0,90.0
15.5,200,0.30000000000000004,0.001,True,1000.0,90.0
15.5,200,0.30000000000000004,0.1,True,1000.0,90.0
15.5,200,0.4,0.01,False,1000.0,90.0
15.5,200,0.4,0.0001,False,1000.0,90.0
15.5,200,0.4,0.001,False,1000.0,90.0
15.5,200,0.30000000000000004,0.0001,True,1000.0,90.0
15.5,200,0.30000000000000004,0.01,True,1000.0,90.0
15.5,200,0.4,0.01,True,1000.0,90.0
15.5,200,0.4,0.1,False,1000.0,90.0
15.5,200,0.4,0.1,True,1000.0,90.0
15.5,200,0.4,0.001,True,1000.0,90.0
15.5,200,0.4,0.0001,True,1000.0,90.0
15.5,400,0.001,0.0001,False,1.8087610593737544,89.97836495122097
15.5,400,0.002,0.0001,False,0.5798831953087406,90.0
15.5,400,0.001,0.001,False,1.8087610593737544,89.97836495122097
15.5,400,0.001,0.1,False,1.8087610593737544,89.97836495122097
15.5,400,0.002,0.001,False,0.5798831953087406,90.0
15.5,400,0.002,0.01,False,0.5798831953087406,90.0
15.5,400,0.001,0.01,False,1.8087610593737544,89.97836495122097
15.5,400,0.002,0.1,False,0.5798831953087406,90.0
15.5,400,0.003,0.0001,False,1.8432023449041774,90.0
15.5,400,0.003,0.001,False,1.8432023449041774,90.0
15.5,400,0.004,0.0001,False,4.064914083353058,90.0
15.5,400,0.003,0.1,False,1.8432023449041774,90.0
15.5,400,0.003,0.01,False,1.8432023449041774,90.0
15.5,400,0.004,0.001,False,4.064914083353058,90.0
15.5,400,0.001,0.01,True,0.5818933714568462,82.25224864280133
15.5,400,0.001,0.001,True,0.5818933714568462,82.25224864280133
15.5,400,0.001,0.1,True,0.5818933714568462,82.25224864280133
15.5,400,0.004,0.01,False,4.064914083353058,90.0
15.5,400,0.002,0.0001,True,70.17433755714292,90.0
15.5,400,0.002,0.01,True,70.17433755714292,90.0
15.5,400,0.003,0.0001,True,3.17032142763057,90.0
15.5,400,0.001,0.0001,True,0.5818933714568462,82.25224864280133
15.5,400,0.002,0.1,True,70.17433755714292,90.0
15.5,400,0.003,0.001,True,3.17032142763057,90.0
15.5,400,0.003,0.1,True,3.17032142763057,90.0
15.5,400,0.003,0.01,True,3.17032142763057,90.0
15.5,400,0.004,0.0001,True,1000.0,90.0
15.5,400,0.002,0.001,True,70.17433755714292,90.0
15.5,400,0.004,0.01,True,1000.0,90.0
15.5,400,0.004,0.001,True,1000.0,90.0
15.5,400,0.004,0.1,False,4.064914083353058,90.0
15.5,400,0.005,0.0001,False,3.7229245120617476,86.42540916284379
15.5,400,0.005,0.001,False,3.7229245120617476,86.42540916284379
15.5,400,0.005,0.01,False,3.7229245120617476,86.42540916284379
15.5,400,0.005,0.1,False,3.7229245120617476,86.42540916284379
15.5,400,0.006,0.0001,False,25.987817692637925,90.0
15.5,400,0.006,0.1,False,25.987817692637925,90.0
15.5,400,0.005,0.0001,True,1000.0,90.0
15.5,400,0.006,0.001,False,25.987817692637925,90.0
15.5,400,0.005,0.001,True,1000.0,90.0
15.5,400,0.006,0.01,False,25.987817692637925,90.0
15.5,400,0.004,0.1,True,1000.0,90.0
15.5,400,0.007,0.0001,False,11.940617200590651,89.91586369919268
15.5,400,0.007,0.001,False,11.940617200590651,89.91586369919268
15.5,400,0.005,0.01,True,1000.0,90.0
15.5,400,0.007,0.01,False,11.940617200590651,89.91586369919268
15.5,400,0.005,0.1,True,1000.0,90.0
15.5,400,0.007,0.1,False,11.940617200590651,89.91586369919268
15.5,400,0.006,0.0001,True,1000.0,90.0
15.5,400,0.006,0.1,True,1000.0,90.0
15.5,400,0.006,0.01,True,1000.0,90.0
15.5,400,0.008,0.001,False,17.81363220608463,90.0
15.5,400,0.008,0.0001,False,17.81363220608463,90.0
15.5,400,0.006,0.001,True,1000.0,90.0
15.5,400,0.007,0.1,True,1000.0,90.0
15.5,400,0.007,0.001,True,1000.0,90.0
15.5,400,0.007,0.0001,True,1000.0,90.0
15.5,400,0.007,0.01,True,1000.0,90.0
15.5,400,0.008,0.0001,True,1000.0,90.0
15.5,400,0.008,0.001,True,1000.0,90.0
15.5,400,0.008,0.01,False,17.81363220608463,90.0
15.5,400,0.008,0.1,False,17.81363220608463,90.0
15.5,400,0.009000000000000001,0.01,True,1000.0,90.0
15.5,400,0.009000000000000001,0.1,True,1000.0,90.0
15.5,400,0.009000000000000001,0.0001,True,1000.0,90.0
15.5,400,0.008,0.01,True,1000.0,90.0
15.5,400,0.009000000000000001,0.0001,False,155.68485572150345,90.0
15.5,400,0.009000000000000001,0.01,False,155.68485572150345,90.0
15.5,400,0.009000000000000001,0.001,False,155.68485572150345,90.0
15.5,400,0.009000000000000001,0.1,False,155.68485572150345,90.0
15.5,400,0.009000000000000001,0.001,True,1000.0,90.0
15.5,400,0.008,0.1,True,1000.0,90.0
15.5,400,0.02,0.0001,False,1000.0,90.0
15.5,400,0.01,0.001,False,1000.0,90.0
15.5,400,0.01,0.0001,False,1000.0,90.0
15.5,400,0.02,0.001,False,1000.0,90.0
15.5,400,0.02,0.0001,True,1000.0,90.0
15.5,400,0.01,0.0001,True,1000.0,90.0
15.5,400,0.03,0.001,False,1000.0,90.0
15.5,400,0.03,0.0001,False,1000.0,90.0
15.5,400,0.01,0.1,False,1000.0,90.0
15.5,400,0.01,0.01,False,1000.0,90.0
15.5,400,0.01,0.0001,False,1000.0,90.0
15.5,400,0.02,0.01,False,1000.0,90.0
15.5,400,0.02,0.1,False,1000.0,90.0
15.5,400,0.03,0.001,True,1000.0,90.0
15.5,400,0.01,0.001,False,1000.0,90.0
15.5,400,0.01,0.001,True,1000.0,90.0
15.5,400,0.02,0.001,True,1000.0,90.0
15.5,400,0.01,0.1,False,1000.0,90.0
15.5,400,0.01,0.1,True,1000.0,90.0
15.5,400,0.01,0.01,True,1000.0,90.0
15.5,400,0.03,0.01,False,1000.0,90.0
15.5,400,0.01,0.0001,True,1000.0,90.0
15.5,400,0.03,0.0001,True,1000.0,90.0
15.5,400,0.03,0.1,False,1000.0,90.0
15.5,400,0.01,0.01,False,1000.0,90.0
15.5,400,0.01,0.001,True,1000.0,90.0
15.5,400,0.03,0.01,True,1000.0,90.0
15.5,400,0.02,0.1,True,1000.0,90.0
15.5,400,0.02,0.01,True,1000.0,90.0
15.5,400,0.04,0.0001,False,1000.0,90.0
15.5,400,0.04,0.01,False,1000.0,90.0
15.5,400,0.04,0.001,False,1000.0,90.0
15.5,400,0.04,0.1,False,1000.0,90.0
15.5,400,0.01,0.1,True,1000.0,90.0
15.5,400,0.03,0.1,True,1000.0,90.0
15.5,400,0.01,0.01,True,1000.0,90.0
15.5,400,0.04,0.0001,True,1000.0,90.0
15.5,400,0.05,0.0001,False,1000.0,90.0
15.5,400,0.04,0.01,True,1000.0,90.0
15.5,400,0.05,0.01,False,1000.0,90.0
15.5,400,0.05,0.001,False,1000.0,90.0
15.5,400,0.04,0.001,True,1000.0,90.0
15.5,400,0.04,0.1,True,1000.0,90.0
15.5,400,0.05,0.1,False,1000.0,90.0
15.5,400,0.05,0.001,True,1000.0,90.0
15.5,400,0.06,0.0001,False,1000.0,90.0
15.5,400,0.06,0.01,False,1000.0,90.0
15.5,400,0.06,0.001,False,1000.0,90.0
15.5,400,0.06,0.1,False,1000.0,90.0
15.5,400,0.07,0.001,False,1000.0,90.0
15.5,400,0.07,0.0001,False,1000.0,90.0
15.5,400,0.05,0.1,True,1000.0,90.0
15.5,400,0.05,0.0001,True,1000.0,90.0
15.5,400,0.05,0.01,True,1000.0,90.0
15.5,400,0.06,0.0001,True,1000.0,90.0
15.5,400,0.07,0.01,False,1000.0,90.0
15.5,400,0.08,0.0001,False,1000.0,90.0
15.5,400,0.06,0.001,True,1000.0,90.0
15.5,400,0.06,0.1,True,1000.0,90.0
15.5,400,0.07,0.1,False,1000.0,90.0
15.5,400,0.06,0.01,True,1000.0,90.0
15.5,400,0.07,0.001,True,1000.0,90.0
15.5,400,0.07,0.0001,True,1000.0,90.0
15.5,400,0.08,0.001,False,1000.0,90.0
15.5,400,0.08,0.01,False,1000.0,90.0
15.5,400,0.08,0.1,False,1000.0,90.0
15.5,400,0.07,0.1,True,1000.0,90.0
15.5,400,0.08,0.01,True,1000.0,90.0
15.5,400,0.07,0.01,True,1000.0,90.0
15.5,400,0.08,0.0001,True,1000.0,90.0
15.5,400,0.09,0.01,False,1000.0,90.0
15.5,400,0.09,0.0001,False,1000.0,90.0
15.5,400,0.09,0.001,False,1000.0,90.0
15.5,400,0.08,0.001,True,1000.0,90.0
15.5,400,0.09,0.1,False,1000.0,90.0
15.5,400,0.1,0.0001,False,1000.0,90.0
15.5,400,0.08,0.1,True,1000.0,90.0
15.5,400,0.1,0.001,False,1000.0,90.0
15.5,400,0.09,0.0001,True,1000.0,90.0
15.5,400,0.09,0.001,True,1000.0,90.0
15.5,400,0.1,0.0001,False,1000.0,90.0
15.5,400,0.1,0.01,False,1000.0,90.0
15.5,400,0.1,0.1,False,1000.0,90.0
15.5,400,0.09,0.1,True,1000.0,90.0
15.5,400,0.1,0.0001,True,1000.0,90.0
15.5,400,0.1,0.1,False,1000.0,90.0
15.5,400,0.09,0.01,True,1000.0,90.0
15.5,400,0.1,0.001,False,1000.0,90.0
15.5,400,0.1,0.001,True,1000.0,90.0
15.5,400,0.1,0.01,False,1000.0,90.0
15.5,400,0.2,0.001,False,1000.0,90.0
15.5,400,0.1,0.1,True,1000.0,90.0
15.5,400,0.1,0.01,True,1000.0,90.0
15.5,400,0.2,0.01,False,1000.0,90.0
15.5,400,0.1,0.0001,True,1000.0,90.0
15.5,400,0.2,0.1,False,1000.0,90.0
15.5,400,0.2,0.0001,False,1000.0,90.0
15.5,400,0.1,0.001,True,1000.0,90.0
15.5,400,0.30000000000000004,0.0001,False,1000.0,90.0
15.5,400,0.2,0.01,True,1000.0,90.0
15.5,400,0.2,0.001,True,1000.0,90.0
15.5,400,0.1,0.1,True,1000.0,90.0
15.5,400,0.1,0.01,True,1000.0,90.0
15.5,400,0.30000000000000004,0.001,False,1000.0,90.0
15.5,400,0.30000000000000004,0.1,False,1000.0,90.0
15.5,400,0.2,0.0001,True,1000.0,90.0
15.5,400,0.30000000000000004,0.01,False,1000.0,90.0
15.5,400,0.2,0.1,True,1000.0,90.0
15.5,400,0.4,0.001,False,1000.0,90.0
15.5,400,0.4,0.0001,False,1000.0,90.0
15.5,400,0.30000000000000004,0.001,True,1000.0,90.0
15.5,400,0.4,0.01,False,1000.0,90.0
15.5,400,0.30000000000000004,0.01,True,1000.0,90.0
15.5,400,0.30000000000000004,0.0001,True,1000.0,90.0
15.5,400,0.4,0.1,False,1000.0,90.0
15.5,400,0.4,0.0001,True,1000.0,90.0
15.5,400,0.30000000000000004,0.1,True,1000.0,90.0
15.5,400,0.4,0.01,True,1000.0,90.0
15.5,400,0.4,0.1,True,1000.0,90.0
15.5,400,0.4,0.001,True,1000.0,90.0
15.5,600,0.001,0.0001,False,0.5803927737344682,16.15236683427152
15.5,600,0.001,0.001,False,0.5803927737344682,16.15236683427152
15.5,600,0.001,0.01,False,0.5803927737344682,16.15236683427152
15.5,600,0.001,0.1,False,0.5803927737344682,16.15236683427152
15.5,600,0.002,0.1,False,0.5803021446320199,31.159879003986454
15.5,600,0.002,0.0001,False,0.5803021446320199,31.159879003986454
15.5,600,0.003,0.01,False,0.5802115197951214,24.02031290690919
15.5,600,0.002,0.001,False,0.5803021446320199,31.159879003986454
15.5,600,0.002,0.01,False,0.5803021446320199,31.159879003986454
15.5,600,0.004,0.0001,False,0.6560315190837939,25.03716019952322
15.5,600,0.003,0.1,False,0.5802115197951214,24.02031290690919
15.5,600,0.003,0.0001,False,0.5802115197951214,24.02031290690919
15.5,600,0.003,0.001,False,0.5802115197951214,24.02031290690919
15.5,600,0.004,0.001,False,0.6560315190837939,25.03716019952322
15.5,600,0.001,0.0001,True,0.583862974430654,90.0
15.5,600,0.004,0.01,False,0.6560315190837939,25.03716019952322
15.5,600,0.001,0.001,True,0.583862974430654,90.0
15.5,600,0.001,0.01,True,0.583862974430654,90.0
15.5,600,0.002,0.001,True,0.7430269779027187,90.0
15.5,600,0.002,0.01,True,0.7430269779027187,90.0
15.5,600,0.001,0.1,True,0.583862974430654,90.0
15.5,600,0.002,0.1,True,0.7430269779027187,90.0
15.5,600,0.003,0.001,True,128.73763855596926,90.0
15.5,600,0.003,0.0001,True,128.73763855596926,90.0
15.5,600,0.003,0.01,True,128.73763855596926,90.0
15.5,600,0.003,0.1,True,128.73763855596926,90.0
15.5,600,0.002,0.0001,True,0.7430269779027187,90.0
15.5,600,0.004,0.0001,True,1000.0,90.0
15.5,600,0.004,0.001,True,1000.0,90.0
15.5,600,0.004,0.01,True,1000.0,90.0
15.5,600,0.004,0.1,False,0.6560315190837939,25.03716019952322
15.5,600,0.005,0.001,False,1.3608632231181716,71.80973176546004
15.5,600,0.005,0.0001,False,1.3608632231181716,71.80973176546004
15.5,600,0.005,0.01,False,1.3608632231181716,71.80973176546004
15.5,600,0.006,0.0001,False,277.86557701749376,87.25956048799054
15.5,600,0.006,0.001,False,277.86557701749376,87.25956048799054
15.5,600,0.005,0.1,False,1.3608632231181716,71.80973176546004
15.5,600,0.006,0.01,False,277.86557701749376,87.25956048799054
15.5,600,0.004,0.1,True,1000.0,90.0
15.5,600,0.006,0.1,False,277.86557701749376,87.25956048799054
15.5,600,0.005,0.01,True,1000.0,90.0
15.5,600,0.007,0.0001,False,1000.0,90.0
15.5,600,0.007,0.01,False,1000.0,90.0
15.5,600,0.005,0.0001,True,1000.0,90.0
15.5,600,0.007,0.001,False,1000.0,90.0
15.5,600,0.005,0.001,True,1000.0,90.0
15.5,600,0.007,0.1,False,1000.0,90.0
15.5,600,0.006,0.0001,True,1000.0,90.0
15.5,600,0.005,0.1,True,1000.0,90.0
15.5,600,0.008,0.0001,False,1000.0,90.0
15.5,600,0.006,0.001,True,1000.0,90.0
15.5,600,0.006,0.01,True,1000.0,90.0
15.5,600,0.008,0.01,False,1000.0,90.0
15.5,600,0.006,0.1,True,1000.0,90.0
15.5,600,0.008,0.001,False,1000.0,90.0
15.5,600,0.007,0.001,True,1000.0,90.0
15.5,600,0.007,0.0001,True,1000.0,90.0
15.5,600,0.008,0.0001,True,1000.0,90.0
15.5,600,0.007,0.01,True,1000.0,90.0
15.5,600,0.008,0.1,False,1000.0,90.0
15.5,600,0.007,0.1,True,1000.0,90.0
15.5,600,0.009000000000000001,0.001,False,1000.0,90.0
15.5,600,0.008,0.001,True,1000.0,90.0
15.5,600,0.009000000000000001,0.0001,False,1000.0,90.0
15.5,600,0.009000000000000001,0.01,False,1000.0,90.0
15.5,600,0.009000000000000001,0.0001,True,1000.0,90.0
15.5,600,0.008,0.01,True,1000.0,90.0
15.5,600,0.009000000000000001,0.1,False,1000.0,90.0
15.5,600,0.009000000000000001,0.001,True,1000.0,90.0
15.5,600,0.02,0.0001,False,1000.0,90.0
15.5,600,0.01,0.0001,True,1000.0,90.0
15.5,600,0.02,0.001,False,1000.0,90.0
15.5,600,0.01,0.001,False,1000.0,90.0
15.5,600,0.01,0.0001,False,1000.0,90.0
15.5,600,0.01,0.01,False,1000.0,90.0
15.5,600,0.009000000000000001,0.01,True,1000.0,90.0
15.5,600,0.02,0.01,False,1000.0,90.0
15.5,600,0.01,0.01,True,1000.0,90.0
15.5,600,0.008,0.1,True,1000.0,90.0
15.5,600,0.009000000000000001,0.1,True,1000.0,90.0
15.5,600,0.01,0.001,True,1000.0,90.0
15.5,600,0.01,0.1,False,1000.0,90.0
15.5,600,0.01,0.0001,False,1000.0,90.0
15.5,600,0.01,0.1,True,1000.0,90.0
15.5,600,0.02,0.1,False,1000.0,90.0
15.5,600,0.01,0.001,False,1000.0,90.0
15.5,600,0.03,0.0001,False,1000.0,90.0
15.5,600,0.01,0.001,True,1000.0,90.0
15.5,600,0.03,0.001,False,1000.0,90.0
15.5,600,0.01,0.1,False,1000.0,90.0
15.5,600,0.03,0.01,False,1000.0,90.0
15.5,600,0.04,0.0001,False,1000.0,90.0
15.5,600,0.01,0.01,False,1000.0,90.0
15.5,600,0.01,0.0001,True,1000.0,90.0
15.5,600,0.02,0.0001,True,1000.0,90.0
15.5,600,0.04,0.001,False,1000.0,90.0
15.5,600,0.03,0.1,False,1000.0,90.0
15.5,600,0.04,0.1,False,1000.0,90.0
15.5,600,0.03,0.0001,True,1000.0,90.0
15.5,600,0.01,0.1,True,1000.0,90.0
15.5,600,0.04,0.0001,True,1000.0,90.0
15.5,600,0.04,0.01,False,1000.0,90.0
15.5,600,0.02,0.001,True,1000.0,90.0
15.5,600,0.01,0.01,True,1000.0,90.0
15.5,600,0.05,0.001,False,1000.0,90.0
15.5,600,0.04,0.001,True,1000.0,90.0
15.5,600,0.03,0.1,True,1000.0,90.0
15.5,600,0.05,0.0001,False,1000.0,90.0
15.5,600,0.03,0.001,True,1000.0,90.0
15.5,600,0.05,0.01,False,1000.0,90.0
15.5,600,0.02,0.01,True,1000.0,90.0
15.5,600,0.04,0.01,True,1000.0,90.0
15.5,600,0.03,0.01,True,1000.0,90.0
15.5,600,0.06,0.0001,False,1000.0,90.0
15.5,600,0.04,0.1,True,1000.0,90.0
15.5,600,0.05,0.0001,True,1000.0,90.0
15.5,600,0.05,0.1,False,1000.0,90.0
15.5,600,0.06,0.01,False,1000.0,90.0
15.5,600,0.06,0.001,False,1000.0,90.0
15.5,600,0.02,0.1,True,1000.0,90.0
15.5,600,0.05,0.001,True,1000.0,90.0
15.5,600,0.07,0.0001,False,1000.0,90.0
15.5,600,0.06,0.1,False,1000.0,90.0
15.5,600,0.05,0.01,True,1000.0,90.0
15.5,600,0.05,0.1,True,1000.0,90.0
15.5,600,0.07,0.1,False,1000.0,90.0
15.5,600,0.07,0.001,False,1000.0,90.0
15.5,600,0.07,0.01,False,1000.0,90.0
15.5,600,0.06,0.01,True,1000.0,90.0
15.5,600,0.08,0.0001,False,1000.0,90.0
15.5,600,0.06,0.0001,True,1000.0,90.0
15.5,600,0.06,0.001,True,1000.0,90.0
15.5,600,0.07,0.0001,True,1000.0,90.0
15.5,600,0.07,0.01,True,1000.0,90.0
15.5,600,0.08,0.001,False,1000.0,90.0
15.5,600,0.08,0.1,False,1000.0,90.0
15.5,600,0.08,0.01,False,1000.0,90.0
15.5,600,0.07,0.1,True,1000.0,90.0
15.5,600,0.07,0.001,True,1000.0,90.0
15.5,600,0.06,0.1,True,1000.0,90.0
15.5,600,0.08,0.001,True,1000.0,90.0
15.5,600,0.08,0.01,True,1000.0,90.0
15.5,600,0.09,0.0001,False,1000.0,90.0
15.5,600,0.09,0.0001,True,1000.0,90.0
15.5,600,0.09,0.001,False,1000.0,90.0
15.5,600,0.08,0.0001,True,1000.0,90.0
15.5,600,0.1,0.001,False,1000.0,90.0
15.5,600,0.09,0.01,False,1000.0,90.0
15.5,600,0.1,0.0001,False,1000.0,90.0
15.5,600,0.1,0.01,False,1000.0,90.0
15.5,600,0.08,0.1,True,1000.0,90.0
15.5,600,0.09,0.1,False,1000.0,90.0
15.5,600,0.1,0.0001,False,1000.0,90.0
15.5,600,0.09,0.001,True,1000.0,90.0
15.5,600,0.1,0.001,False,1000.0,90.0
15.5,600,0.09,0.01,True,1000.0,90.0
15.5,600,0.1,0.1,False,1000.0,90.0
15.5,600,0.1,0.0001,True,1000.0,90.0
15.5,600,0.1,0.1,False,1000.0,90.0
15.5,600,0.1,0.01,False,1000.0,90.0
15.5,600,0.2,0.0001,False,1000.0,90.0
15.5,600,0.2,0.01,False,1000.0,90.0
15.5,600,0.2,0.001,False,1000.0,90.0
15.5,600,0.2,0.1,False,1000.0,90.0
15.5,600,0.09,0.1,True,1000.0,90.0
15.5,600,0.1,0.001,True,1000.0,90.0
15.5,600,0.1,0.0001,True,1000.0,90.0
15.5,600,0.1,0.1,True,1000.0,90.0
15.5,600,0.30000000000000004,0.0001,False,1000.0,90.0
15.5,600,0.1,0.01,True,1000.0,90.0
15.5,600,0.1,0.001,True,1000.0,90.0
15.5,600,0.30000000000000004,0.01,False,1000.0,90.0
15.5,600,0.2,0.0001,True,1000.0,90.0
15.5,600,0.30000000000000004,0.001,False,1000.0,90.0
15.5,600,0.1,0.1,True,1000.0,90.0
15.5,600,0.30000000000000004,0.0001,True,1000.0,90.0
15.5,600,0.1,0.01,True,1000.0,90.0
15.5,600,0.2,0.001,True,1000.0,90.0
15.5,600,0.30000000000000004,0.1,False,1000.0,90.0
15.5,600,0.4,0.0001,False,1000.0,90.0
15.5,600,0.4,0.001,False,1000.0,90.0
15.5,600,0.2,0.1,True,1000.0,90.0
15.5,600,0.2,0.01,True,1000.0,90.0
15.5,600,0.30000000000000004,0.01,True,1000.0,90.0
15.5,600,0.30000000000000004,0.001,True,1000.0,90.0
15.5,600,0.4,0.1,False,1000.0,90.0
15.5,600,0.4,0.01,False,1000.0,90.0
15.5,600,0.30000000000000004,0.1,True,1000.0,90.0
15.5,600,0.4,0.0001,True,1000.0,90.0
15.5,600,0.4,0.001,True,1000.0,90.0
15.5,600,0.4,0.01,True,1000.0,90.0
15.5,600,0.4,0.1,True,1000.0,90.0
15.5,800,0.001,0.0001,False,0.5802978834594912,11.149862777699873
15.5,800,0.001,0.001,False,0.5802978834594912,11.149862777699873
15.5,800,0.001,0.01,False,0.5802978834594912,11.149862777699873
15.5,800,0.001,0.1,False,0.5802978834594912,11.149862777699873
15.5,800,0.002,0.0001,False,0.5801123584398231,10.621006029768225
15.5,800,0.002,0.01,False,0.5801123584398231,10.621006029768225
15.5,800,0.002,0.001,False,0.5801123584398231,10.621006029768225
15.5,800,0.002,0.1,False,0.5801123584398231,10.621006029768225
15.5,800,0.003,0.001,False,0.5799268320577439,23.0827941264849
15.5,800,0.003,0.01,False,0.5799268320577439,23.0827941264849
15.5,800,0.004,0.0001,False,0.9410154392519828,73.72563552955788
15.5,800,0.003,0.0001,False,0.5799268320577439,23.0827941264849
15.5,800,0.003,0.1,False,0.5799268320577439,23.0827941264849
15.5,800,0.004,0.001,False,0.9410154392519828,73.72563552955788
15.5,800,0.001,0.1,True,0.5857923024490331,15.734089224543759
15.5,800,0.001,0.0001,True,0.5857923024490331,15.734089224543759
15.5,800,0.001,0.01,True,0.5857923024490331,15.734089224543759
15.5,800,0.004,0.01,False,0.9410154392519828,73.72563552955788
15.5,800,0.002,0.0001,True,0.5804119896350584,55.189206514553575
15.5,800,0.002,0.001,True,0.5804119896350584,55.189206514553575
15.5,800,0.002,0.1,True,0.5804119896350584,55.189206514553575
15.5,800,0.001,0.001,True,0.5857923024490331,15.734089224543759
15.5,800,0.003,0.0001,True,1000.0,90.0
15.5,800,0.002,0.01,True,0.5804119896350584,55.189206514553575
15.5,800,0.003,0.01,True,1000.0,90.0
15.5,800,0.003,0.001,True,1000.0,90.0
15.5,800,0.004,0.0001,True,1000.0,90.0
15.5,800,0.003,0.1,True,1000.0,90.0
15.5,800,0.004,0.001,True,1000.0,90.0
15.5,800,0.004,0.1,False,0.9410154392519828,73.72563552955788
15.5,800,0.004,0.01,True,1000.0,90.0
15.5,800,0.005,0.0001,False,1000.0,90.0
15.5,800,0.005,0.001,False,1000.0,90.0
15.5,800,0.005,0.01,False,1000.0,90.0
15.5,800,0.006,0.0001,False,1000.0,90.0
15.5,800,0.005,0.1,False,1000.0,90.0
15.5,800,0.006,0.001,False,1000.0,90.0
15.5,800,0.006,0.1,False,1000.0,90.0
15.5,800,0.004,0.1,True,1000.0,90.0
15.5,800,0.005,0.0001,True,1000.0,90.0
15.5,800,0.006,0.01,False,1000.0,90.0
15.5,800,0.005,0.001,True,1000.0,90.0
15.5,800,0.007,0.0001,False,1000.0,90.0
15.5,800,0.007,0.001,False,1000.0,90.0
15.5,800,0.005,0.1,True,1000.0,90.0
15.5,800,0.007,0.01,False,1000.0,90.0
15.5,800,0.007,0.1,False,1000.0,90.0
15.5,800,0.005,0.01,True,1000.0,90.0
15.5,800,0.006,0.001,True,1000.0,90.0
15.5,800,0.006,0.0001,True,1000.0,90.0
15.5,800,0.008,0.0001,False,1000.0,90.0
15.5,800,0.008,0.001,False,1000.0,90.0
15.5,800,0.008,0.1,False,1000.0,90.0
15.5,800,0.006,0.01,True,1000.0,90.0
15.5,800,0.009000000000000001,0.0001,False,1000.0,90.0
15.5,800,0.008,0.01,False,1000.0,90.0
15.5,800,0.006,0.1,True,1000.0,90.0
15.5,800,0.007,0.0001,True,1000.0,90.0
15.5,800,0.007,0.001,True,1000.0,90.0
15.5,800,0.008,0.0001,True,1000.0,90.0
15.5,800,0.007,0.1,True,1000.0,90.0
15.5,800,0.007,0.01,True,1000.0,90.0
15.5,800,0.008,0.01,True,1000.0,90.0
15.5,800,0.009000000000000001,0.0001,True,1000.0,90.0
15.5,800,0.008,0.001,True,1000.0,90.0
15.5,800,0.009000000000000001,0.001,False,1000.0,90.0
15.5,800,0.009000000000000001,0.1,False,1000.0,90.0
15.5,800,0.009000000000000001,0.01,False,1000.0,90.0
15.5,800,0.008,0.1,True,1000.0,90.0
15.5,800,0.01,0.001,False,1000.0,90.0
15.5,800,0.01,0.0001,False,1000.0,90.0
15.5,800,0.02,0.001,False,1000.0,90.0
15.5,800,0.02,0.0001,False,1000.0,90.0
15.5,800,0.01,0.01,False,1000.0,90.0
15.5,800,0.01,0.1,False,1000.0,90.0
15.5,800,0.03,0.0001,False,1000.0,90.0
15.5,800,0.009000000000000001,0.001,True,1000.0,90.0
15.5,800,0.02,0.01,False,1000.0,90.0
15.5,800,0.009000000000000001,0.1,True,1000.0,90.0
15.5,800,0.01,0.0001,False,1000.0,90.0
15.5,800,0.01,0.001,False,1000.0,90.0
15.5,800,0.02,0.1,False,1000.0,90.0
15.5,800,0.009000000000000001,0.01,True,1000.0,90.0
15.5,800,0.01,0.1,False,1000.0,90.0
15.5,800,0.03,0.01,False,1000.0,90.0
15.5,800,0.03,0.001,False,1000.0,90.0
15.5,800,0.01,0.01,False,1000.0,90.0
15.5,800,0.02,0.0001,True,1000.0,90.0
15.5,800,0.01,0.0001,True,1000.0,90.0
15.5,800,0.03,0.1,False,1000.0,90.0
15.5,800,0.04,0.0001,False,1000.0,90.0
15.5,800,0.01,0.01,True,1000.0,90.0
15.5,800,0.01,0.001,True,1000.0,90.0
15.5,800,0.04,0.001,False,1000.0,90.0
15.5,800,0.02,0.001,True,1000.0,90.0
15.5,800,0.02,0.1,True,1000.0,90.0
15.5,800,0.02,0.01,True,1000.0,90.0
15.5,800,0.03,0.001,True,1000.0,90.0
15.5,800,0.03,0.0001,True,1000.0,90.0
15.5,800,0.01,0.1,True,1000.0,90.0
15.5,800,0.04,0.1,False,1000.0,90.0
15.5,800,0.04,0.01,False,1000.0,90.0
15.5,800,0.04,0.0001,True,1000.0,90.0
15.5,800,0.05,0.0001,False,1000.0,90.0
15.5,800,0.05,0.001,False,1000.0,90.0
15.5,800,0.03,0.1,True,1000.0,90.0
15.5,800,0.04,0.01,True,1000.0,90.0
15.5,800,0.03,0.01,True,1000.0,90.0
15.5,800,0.05,0.0001,True,1000.0,90.0
15.5,800,0.06,0.0001,False,1000.0,90.0
15.5,800,0.05,0.01,False,1000.0,90.0
15.5,800,0.06,0.01,False,1000.0,90.0
15.5,800,0.05,0.001,True,1000.0,90.0
15.5,800,0.04,0.001,True,1000.0,90.0
15.5,800,0.05,0.1,False,1000.0,90.0
15.5,800,0.06,0.1,False,1000.0,90.0
15.5,800,0.05,0.01,True,1000.0,90.0
15.5,800,0.04,0.1,True,1000.0,90.0
15.5,800,0.07,0.0001,False,1000.0,90.0
15.5,800,0.06,0.001,False,1000.0,90.0
15.5,800,0.01,0.0001,True,1000.0,90.0
15.5,800,0.07,0.01,False,1000.0,90.0
15.5,800,0.01,0.01,True,1000.0,90.0
15.5,800,0.05,0.1,True,1000.0,90.0
15.5,800,0.01,0.001,True,1000.0,90.0
15.5,800,0.06,0.0001,True,1000.0,90.0
15.5,800,0.07,0.001,False,1000.0,90.0
15.5,800,0.01,0.1,True,1000.0,90.0
15.5,800,0.07,0.1,False,1000.0,90.0
15.5,800,0.06,0.001,True,1000.0,90.0
15.5,800,0.06,0.01,True,1000.0,90.0
15.5,800,0.06,0.1,True,1000.0,90.0
15.5,800,0.07,0.0001,True,1000.0,90.0
15.5,800,0.08,0.0001,False,1000.0,90.0
15.5,800,0.07,0.01,True,1000.0,90.0
15.5,800,0.08,0.001,False,1000.0,90.0
15.5,800,0.08,0.01,False,1000.0,90.0
15.5,800,0.07,0.001,True,1000.0,90.0
15.5,800,0.08,0.1,False,1000.0,90.0
15.5,800,0.09,0.001,False,1000.0,90.0
15.5,800,0.09,0.0001,False,1000.0,90.0
15.5,800,0.1,0.0001,False,1000.0,90.0
15.5,800,0.09,0.01,False,1000.0,90.0
15.5,800,0.09,0.1,False,1000.0,90.0
15.5,800,0.1,0.001,False,1000.0,90.0
15.5,800,0.08,0.0001,True,1000.0,90.0
15.5,800,0.07,0.1,True,1000.0,90.0
15.5,800,0.08,0.01,True,1000.0,90.0
15.5,800,0.1,0.1,False,1000.0,90.0
15.5,800,0.1,0.01,False,1000.0,90.0
15.5,800,0.08,0.001,True,1000.0,90.0
15.5,800,0.08,0.1,True,1000.0,90.0
15.5,800,0.09,0.001,True,1000.0,90.0
15.5,800,0.1,0.0001,False,1000.0,90.0
15.5,800,0.09,0.0001,True,1000.0,90.0
15.5,800,0.1,0.001,True,1000.0,90.0
15.5,800,0.09,0.01,True,1000.0,90.0
15.5,800,0.2,0.0001,False,1000.0,90.0
15.5,800,0.1,0.0001,True,1000.0,90.0
15.5,800,0.1,0.001,False,1000.0,90.0
15.5,800,0.09,0.1,True,1000.0,90.0
15.5,800,0.1,0.01,False,1000.0,90.0
15.5,800,0.2,0.001,False,1000.0,90.0
15.5,800,0.1,0.01,True,1000.0,90.0
15.5,800,0.1,0.1,False,1000.0,90.0
15.5,800,0.1,0.0001,True,1000.0,90.0
15.5,800,0.1,0.001,True,1000.0,90.0
15.5,800,0.2,0.01,False,1000.0,90.0
15.5,800,0.30000000000000004,0.0001,False,1000.0,90.0
15.5,800,0.1,0.1,True,1000.0,90.0
15.5,800,0.30000000000000004,0.001,False,1000.0,90.0
15.5,800,0.30000000000000004,0.01,False,1000.0,90.0
15.5,800,0.2,0.1,False,1000.0,90.0
15.5,800,0.4,0.0001,False,1000.0,90.0
15.5,800,0.1,0.1,True,1000.0,90.0
15.5,800,0.2,0.001,True,1000.0,90.0
15.5,800,0.1,0.01,True,1000.0,90.0
15.5,800,0.30000000000000004,0.1,False,1000.0,90.0
15.5,800,0.2,0.0001,True,1000.0,90.0
15.5,800,0.4,0.001,False,1000.0,90.0
15.5,800,0.2,0.01,True,1000.0,90.0
15.5,800,0.4,0.01,False,1000.0,90.0
15.5,800,0.2,0.1,True,1000.0,90.0
15.5,800,0.4,0.1,False,1000.0,90.0
15.5,800,0.30000000000000004,0.001,True,1000.0,90.0
15.5,800,0.30000000000000004,0.1,True,1000.0,90.0
15.5,800,0.30000000000000004,0.0001,True,1000.0,90.0
15.5,800,0.30000000000000004,0.01,True,1000.0,90.0
15.5,800,0.4,0.001,True,1000.0,90.0
15.5,800,0.4,0.0001,True,1000.0,90.0
15.5,800,0.4,0.01,True,1000.0,90.0
15.5,800,0.4,0.1,True,1000.0,90.0
15.5,1000,0.001,0.01,False,0.580444422530974,36.47969710931709
15.5,1000,0.001,0.001,False,0.580444422530974,36.47969710931709
15.5,1000,0.002,0.0001,False,0.5804054386797082,38.89801478394999
15.5,1000,0.001,0.0001,False,0.580444422530974,36.47969710931709
15.5,1000,0.001,0.1,False,0.580444422530974,36.47969710931709
15.5,1000,0.002,0.001,False,0.5804054386797082,38.89801478394999
15.5,1000,0.002,0.01,False,0.5804054386797082,38.89801478394999
15.5,1000,0.003,0.01,False,0.6515388007998895,51.542498848133974
15.5,1000,0.003,0.0001,False,0.6515388007998895,51.542498848133974
15.5,1000,0.002,0.1,False,0.5804054386797082,38.89801478394999
15.5,1000,0.003,0.1,False,0.6515388007998895,51.542498848133974
15.5,1000,0.003,0.001,False,0.6515388007998895,51.542498848133974
15.5,1000,0.004,0.0001,False,7.093825170849166,90.0
15.5,1000,0.004,0.001,False,7.093825170849166,90.0
15.5,1000,0.004,0.01,False,7.093825170849166,90.0
15.5,1000,0.001,0.0001,True,0.5854175827390575,77.47330675694624
15.5,1000,0.001,0.01,True,0.5854175827390575,77.47330675694624
15.5,1000,0.001,0.001,True,0.5854175827390575,77.47330675694624
15.5,1000,0.001,0.1,True,0.5854175827390575,77.47330675694624
15.5,1000,0.002,0.0001,True,0.5804348976017978,44.66736112502254
15.5,1000,0.002,0.001,True,0.5804348976017978,44.66736112502254
15.5,1000,0.002,0.01,True,0.5804348976017978,44.66736112502254
15.5,1000,0.003,0.0001,True,1000.0,90.0
15.5,1000,0.002,0.1,True,0.5804348976017978,44.66736112502254
15.5,1000,0.003,0.01,True,1000.0,90.0
15.5,1000,0.003,0.1,True,1000.0,90.0
15.5,1000,0.005,0.0001,False,1000.0,90.0
15.5,1000,0.004,0.1,False,7.093825170849166,90.0
15.5,1000,0.003,0.001,True,1000.0,90.0
15.5,1000,0.004,0.01,True,1000.0,90.0
15.5,1000,0.005,0.001,False,1000.0,90.0
15.5,1000,0.004,0.001,True,1000.0,90.0
15.5,1000,0.004,0.0001,True,1000.0,90.0
15.5,1000,0.005,0.1,False,1000.0,90.0
15.5,1000,0.005,0.01,False,1000.0,90.0
15.5,1000,0.006,0.0001,False,1000.0,90.0
15.5,1000,0.006,0.001,False,1000.0,90.0
15.5,1000,0.006,0.01,False,1000.0,90.0
15.5,1000,0.005,0.0001,True,1000.0,90.0
15.5,1000,0.004,0.1,True,1000.0,90.0
15.5,1000,0.005,0.001,True,1000.0,90.0
15.5,1000,0.007,0.0001,False,1000.0,90.0
15.5,1000,0.006,0.1,False,1000.0,90.0
15.5,1000,0.005,0.1,True,1000.0,90.0
15.5,1000,0.005,0.01,True,1000.0,90.0
15.5,1000,0.006,0.0001,True,1000.0,90.0
15.5,1000,0.007,0.01,False,1000.0,90.0
15.5,1000,0.007,0.1,False,1000.0,90.0
15.5,1000,0.007,0.001,False,1000.0,90.0
15.5,1000,0.006,0.001,True,1000.0,90.0
15.5,1000,0.008,0.001,False,1000.0,90.0
15.5,1000,0.008,0.0001,False,1000.0,90.0
15.5,1000,0.008,0.1,False,1000.0,90.0
15.5,1000,0.009000000000000001,0.0001,False,1000.0,90.0
15.5,1000,0.008,0.01,False,1000.0,90.0
15.5,1000,0.006,0.01,True,1000.0,90.0
15.5,1000,0.007,0.0001,True,1000.0,90.0
15.5,1000,0.006,0.1,True,1000.0,90.0
15.5,1000,0.007,0.001,True,1000.0,90.0
15.5,1000,0.01,0.0001,False,1000.0,90.0
15.5,1000,0.009000000000000001,0.001,False,1000.0,90.0
15.5,1000,0.01,0.001,False,1000.0,90.0
15.5,1000,0.01,0.01,False,1000.0,90.0
15.5,1000,0.008,0.0001,True,1000.0,90.0
15.5,1000,0.007,0.1,True,1000.0,90.0
15.5,1000,0.007,0.01,True,1000.0,90.0
15.5,1000,0.009000000000000001,0.0001,True,1000.0,90.0
15.5,1000,0.009000000000000001,0.01,False,1000.0,90.0
15.5,1000,0.01,0.1,False,1000.0,90.0
15.5,1000,0.01,0.0001,False,1000.0,90.0
15.5,1000,0.008,0.001,True,1000.0,90.0
15.5,1000,0.008,0.01,True,1000.0,90.0
15.5,1000,0.009000000000000001,0.1,False,1000.0,90.0
15.5,1000,0.008,0.1,True,1000.0,90.0
15.5,1000,0.01,0.001,False,1000.0,90.0
15.5,1000,0.02,0.0001,False,1000.0,90.0
15.5,1000,0.01,0.01,False,1000.0,90.0
15.5,1000,0.03,0.0001,False,1000.0,90.0
15.5,1000,0.02,0.001,False,1000.0,90.0
15.5,1000,0.009000000000000001,0.001,True,1000.0,90.0
15.5,1000,0.03,0.001,False,1000.0,90.0
15.5,1000,0.02,0.01,False,1000.0,90.0
15.5,1000,0.03,0.01,False,1000.0,90.0
15.5,1000,0.009000000000000001,0.01,True,1000.0,90.0
15.5,1000,0.02,0.1,False,1000.0,90.0
15.5,1000,0.01,0.1,False,1000.0,90.0
15.5,1000,0.01,0.001,True,1000.0,90.0
15.5,1000,0.01,0.1,True,1000.0,90.0
15.5,1000,0.03,0.1,False,1000.0,90.0
15.5,1000,0.04,0.0001,False,1000.0,90.0
15.5,1000,0.04,0.001,False,1000.0,90.0
15.5,1000,0.01,0.0001,True,1000.0,90.0
15.5,1000,0.01,0.0001,True,1000.0,90.0
15.5,1000,0.009000000000000001,0.1,True,1000.0,90.0
15.5,1000,0.01,0.01,True,1000.0,90.0
15.5,1000,0.01,0.001,True,1000.0,90.0
15.5,1000,0.03,0.0001,True,1000.0,90.0
15.5,1000,0.05,0.0001,False,1000.0,90.0
15.5,1000,0.04,0.01,False,1000.0,90.0
15.5,1000,0.03,0.001,True,1000.0,90.0
15.5,1000,0.05,0.001,False,1000.0,90.0
15.5,1000,0.04,0.1,False,1000.0,90.0
15.5,1000,0.01,0.01,True,1000.0,90.0
15.5,1000,0.05,0.01,False,1000.0,90.0
15.5,1000,0.03,0.1,True,1000.0,90.0
15.5,1000,0.05,0.1,False,1000.0,90.0
15.5,1000,0.02,0.001,True,1000.0,90.0
15.5,1000,0.04,0.01,True,1000.0,90.0
15.5,1000,0.04,0.0001,True,1000.0,90.0
15.5,1000,0.02,0.0001,True,1000.0,90.0
15.5,1000,0.03,0.01,True,1000.0,90.0
15.5,1000,0.05,0.0001,True,1000.0,90.0
15.5,1000,0.06,0.001,False,1000.0,90.0
15.5,1000,0.06,0.01,False,1000.0,90.0
15.5,1000,0.06,0.0001,False,1000.0,90.0
15.5,1000,0.04,0.001,True,1000.0,90.0
15.5,1000,0.04,0.1,True,1000.0,90.0
15.5,1000,0.07,0.0001,False,1000.0,90.0
15.5,1000,0.02,0.1,True,1000.0,90.0
15.5,1000,0.06,0.1,False,1000.0,90.0
15.5,1000,0.05,0.001,True,1000.0,90.0
15.5,1000,0.05,0.01,True,1000.0,90.0
15.5,1000,0.02,0.01,True,1000.0,90.0
15.5,1000,0.07,0.001,False,1000.0,90.0
15.5,1000,0.07,0.01,False,1000.0,90.0
15.5,1000,0.06,0.0001,True,1000.0,90.0
15.5,1000,0.06,0.01,True,1000.0,90.0
15.5,1000,0.07,0.1,False,1000.0,90.0
15.5,1000,0.05,0.1,True,1000.0,90.0
15.5,1000,0.08,0.001,False,1000.0,90.0
15.5,1000,0.08,0.01,False,1000.0,90.0
15.5,1000,0.06,0.001,True,1000.0,90.0
15.5,1000,0.08,0.0001,False,1000.0,90.0
15.5,1000,0.01,0.1,True,1000.0,90.0
15.5,1000,0.07,0.0001,True,1000.0,90.0
15.5,1000,0.08,0.1,False,1000.0,90.0
15.5,1000,0.07,0.001,True,1000.0,90.0
15.5,1000,0.06,0.1,True,1000.0,90.0
15.5,1000,0.09,0.01,False,1000.0,90.0
15.5,1000,0.09,0.001,False,1000.0,90.0
15.5,1000,0.09,0.0001,False,1000.0,90.0
15.5,1000,0.09,0.1,False,1000.0,90.0
15.5,1000,0.08,0.0001,True,1000.0,90.0
15.5,1000,0.07,0.01,True,1000.0,90.0
15.5,1000,0.07,0.1,True,1000.0,90.0
15.5,1000,0.1,0.0001,False,1000.0,90.0
15.5,1000,0.1,0.01,False,1000.0,90.0
15.5,1000,0.08,0.01,True,1000.0,90.0
15.5,1000,0.1,0.001,False,1000.0,90.0
15.5,1000,0.08,0.1,True,1000.0,90.0
15.5,1000,0.08,0.001,True,1000.0,90.0
15.5,1000,0.09,0.0001,True,1000.0,90.0
15.5,1000,0.1,0.1,False,1000.0,90.0
15.5,1000,0.09,0.01,True,1000.0,90.0
15.5,1000,0.1,0.001,False,1000.0,90.0
15.5,1000,0.09,0.001,True,1000.0,90.0
15.5,1000,0.1,0.1,False,1000.0,90.0
15.5,1000,0.1,0.0001,False,1000.0,90.0
15.5,1000,0.1,0.01,False,1000.0,90.0
15.5,1000,0.2,0.0001,False,1000.0,90.0
15.5,1000,0.1,0.0001,True,1000.0,90.0
15.5,1000,0.09,0.1,True,1000.0,90.0
15.5,1000,0.2,0.001,False,1000.0,90.0
15.5,1000,0.1,0.001,True,1000.0,90.0
15.5,1000,0.2,0.1,False,1000.0,90.0
15.5,1000,0.2,0.01,False,1000.0,90.0
15.5,1000,0.1,0.01,True,1000.0,90.0
15.5,1000,0.30000000000000004,0.001,False,1000.0,90.0
15.5,1000,0.30000000000000004,0.01,False,1000.0,90.0
15.5,1000,0.1,0.0001,True,1000.0,90.0
15.5,1000,0.30000000000000004,0.0001,False,1000.0,90.0
15.5,1000,0.30000000000000004,0.1,False,1000.0,90.0
15.5,1000,0.1,0.1,True,1000.0,90.0
15.5,1000,0.2,0.0001,True,1000.0,90.0
15.5,1000,0.1,0.1,True,1000.0,90.0
15.5,1000,0.4,0.0001,False,1000.0,90.0
15.5,1000,0.1,0.001,True,1000.0,90.0
15.5,1000,0.4,0.01,False,1000.0,90.0
15.5,1000,0.4,0.001,False,1000.0,90.0
15.5,1000,0.2,0.01,True,1000.0,90.0
15.5,1000,0.1,0.01,True,1000.0,90.0
15.5,1000,0.2,0.001,True,1000.0,90.0
15.5,1000,0.2,0.1,True,1000.0,90.0
15.5,1000,0.30000000000000004,0.0001,True,1000.0,90.0
15.5,1000,0.30000000000000004,0.01,True,1000.0,90.0
15.5,1000,0.30000000000000004,0.001,True,1000.0,90.0
15.5,1000,0.4,0.1,False,1000.0,90.0
15.5,1000,0.4,0.0001,True,1000.0,90.0
15.5,1000,0.30000000000000004,0.1,True,1000.0,90.0
15.5,1000,0.4,0.1,True,1000.0,90.0
15.5,1000,0.4,0.001,True,1000.0,90.0
15.5,1000,0.4,0.01,True,1000.0,90.0
15.5,1500,0.001,0.0001,False,0.5803785440273709,11.342174322402286
15.5,1500,0.001,0.01,False,0.5803785440273709,11.342174322402286
15.5,1500,0.002,0.0001,False,0.5802736808146186,7.24593842024079
15.5,1500,0.001,0.001,False,0.5803785440273709,11.342174322402286
15.5,1500,0.002,0.001,False,0.5802736808146186,7.24593842024079
15.5,1500,0.001,0.1,False,0.5803785440273709,11.342174322402286
15.5,1500,0.002,0.01,False,0.5802736808146186,7.24593842024079
15.5,1500,0.002,0.1,False,0.5802736808146186,7.24593842024079
15.5,1500,0.003,0.001,False,7.331244906513389,90.0
15.5,1500,0.003,0.0001,False,7.331244906513389,90.0
15.5,1500,0.003,0.01,False,7.331244906513389,90.0
15.5,1500,0.003,0.1,False,7.331244906513389,90.0
15.5,1500,0.004,0.0001,False,1000.0,90.0
15.5,1500,0.004,0.001,False,1000.0,90.0
15.5,1500,0.004,0.01,False,1000.0,90.0
15.5,1500,0.001,0.01,True,0.5882535439028779,15.798994370880827
15.5,1500,0.005,0.0001,False,1000.0,90.0
15.5,1500,0.001,0.1,True,0.5882535439028779,15.798994370880827
15.5,1500,0.004,0.1,False,1000.0,90.0
15.5,1500,0.001,0.001,True,0.5882535439028779,15.798994370880827
15.5,1500,0.002,0.001,True,0.5804282266574687,55.441615416975495
15.5,1500,0.001,0.0001,True,0.5882535439028779,15.798994370880827
15.5,1500,0.005,0.01,False,1000.0,90.0
15.5,1500,0.005,0.001,False,1000.0,90.0
15.5,1500,0.002,0.0001,True,0.5804282266574687,55.441615416975495
15.5,1500,0.003,0.0001,True,1000.0,90.0
15.5,1500,0.003,0.01,True,1000.0,90.0
15.5,1500,0.002,0.01,True,0.5804282266574687,55.441615416975495
15.5,1500,0.003,0.001,True,1000.0,90.0
15.5,1500,0.003,0.1,True,1000.0,90.0
15.5,1500,0.005,0.1,False,1000.0,90.0
15.5,1500,0.002,0.1,True,0.5804282266574687,55.441615416975495
15.5,1500,0.004,0.01,True,1000.0,90.0
15.5,1500,0.004,0.001,True,1000.0,90.0
15.5,1500,0.006,0.001,False,1000.0,90.0
15.5,1500,0.004,0.0001,True,1000.0,90.0
15.5,1500,0.006,0.0001,False,1000.0,90.0
15.5,1500,0.006,0.01,False,1000.0,90.0
15.5,1500,0.004,0.1,True,1000.0,90.0
15.5,1500,0.006,0.1,False,1000.0,90.0
15.5,1500,0.005,0.0001,True,1000.0,90.0
15.5,1500,0.007,0.001,False,1000.0,90.0
15.5,1500,0.008,0.0001,False,1000.0,90.0
15.5,1500,0.007,0.01,False,1000.0,90.0
15.5,1500,0.007,0.0001,False,1000.0,90.0
15.5,1500,0.005,0.01,True,1000.0,90.0
15.5,1500,0.005,0.001,True,1000.0,90.0
15.5,1500,0.008,0.001,False,1000.0,90.0
15.5,1500,0.007,0.1,False,1000.0,90.0
15.5,1500,0.005,0.1,True,1000.0,90.0
15.5,1500,0.008,0.1,False,1000.0,90.0
15.5,1500,0.006,0.0001,True,1000.0,90.0
15.5,1500,0.006,0.001,True,1000.0,90.0
15.5,1500,0.008,0.01,False,1000.0,90.0
15.5,1500,0.006,0.01,True,1000.0,90.0
15.5,1500,0.009000000000000001,0.0001,False,1000.0,90.0
15.5,1500,0.01,0.0001,False,1000.0,90.0
15.5,1500,0.007,0.01,True,1000.0,90.0
15.5,1500,0.01,0.001,False,1000.0,90.0
15.5,1500,0.006,0.1,True,1000.0,90.0
15.5,1500,0.01,0.01,False,1000.0,90.0
15.5,1500,0.009000000000000001,0.001,False,1000.0,90.0
15.5,1500,0.01,0.0001,False,1000.0,90.0
15.5,1500,0.009000000000000001,0.01,False,1000.0,90.0
15.5,1500,0.008,0.0001,True,1000.0,90.0
15.5,1500,0.01,0.1,False,1000.0,90.0
15.5,1500,0.007,0.0001,True,1000.0,90.0
15.5,1500,0.009000000000000001,0.1,False,1000.0,90.0
15.5,1500,0.007,0.001,True,1000.0,90.0
15.5,1500,0.01,0.001,False,1000.0,90.0
15.5,1500,0.007,0.1,True,1000.0,90.0
15.5,1500,0.008,0.01,True,1000.0,90.0
15.5,1500,0.01,0.01,False,1000.0,90.0
15.5,1500,0.008,0.001,True,1000.0,90.0
15.5,1500,0.009000000000000001,0.0001,True,1000.0,90.0
15.5,1500,0.009000000000000001,0.001,True,1000.0,90.0
15.5,1500,0.008,0.1,True,1000.0,90.0
15.5,1500,0.02,0.001,False,1000.0,90.0
15.5,1500,0.02,0.0001,False,1000.0,90.0
15.5,1500,0.03,0.01,False,1000.0,90.0
15.5,1500,0.02,0.01,False,1000.0,90.0
15.5,1500,0.03,0.0001,False,1000.0,90.0
15.5,1500,0.02,0.1,False,1000.0,90.0
15.5,1500,0.03,0.001,False,1000.0,90.0
15.5,1500,0.01,0.1,False,1000.0,90.0
15.5,1500,0.03,0.1,False,1000.0,90.0
15.5,1500,0.04,0.0001,False,1000.0,90.0
15.5,1500,0.009000000000000001,0.01,True,1000.0,90.0
15.5,1500,0.04,0.001,False,1000.0,90.0
15.5,1500,0.03,0.0001,True,1000.0,90.0
15.5,1500,0.009000000000000001,0.1,True,1000.0,90.0
15.5,1500,0.04,0.01,False,1000.0,90.0
15.5,1500,0.05,0.0001,False,1000.0,90.0
15.5,1500,0.04,0.1,False,1000.0,90.0
15.5,1500,0.01,0.0001,True,1000.0,90.0
15.5,1500,0.05,0.001,False,1000.0,90.0
15.5,1500,0.02,0.0001,True,1000.0,90.0
15.5,1500,0.01,0.01,True,1000.0,90.0
15.5,1500,0.03,0.1,True,1000.0,90.0
15.5,1500,0.02,0.01,True,1000.0,90.0
15.5,1500,0.03,0.001,True,1000.0,90.0
15.5,1500,0.03,0.01,True,1000.0,90.0
15.5,1500,0.02,0.1,True,1000.0,90.0
15.5,1500,0.02,0.001,True,1000.0,90.0
15.5,1500,0.01,0.001,True,1000.0,90.0
15.5,1500,0.04,0.0001,True,1000.0,90.0
15.5,1500,0.01,0.0001,True,1000.0,90.0
15.5,1500,0.01,0.1,True,1000.0,90.0
15.5,1500,0.05,0.01,False,1000.0,90.0
15.5,1500,0.01,0.001,True,1000.0,90.0
15.5,1500,0.04,0.001,True,1000.0,90.0
15.5,1500,0.06,0.001,False,1000.0,90.0
15.5,1500,0.06,0.0001,False,1000.0,90.0
15.5,1500,0.05,0.1,False,1000.0,90.0
15.5,1500,0.06,0.01,False,1000.0,90.0
15.5,1500,0.04,0.1,True,1000.0,90.0
15.5,1500,0.04,0.01,True,1000.0,90.0
15.5,1500,0.01,0.01,True,1000.0,90.0
15.5,1500,0.06,0.1,False,1000.0,90.0
15.5,1500,0.07,0.0001,False,1000.0,90.0
15.5,1500,0.07,0.1,False,1000.0,90.0
15.5,1500,0.05,0.001,True,1000.0,90.0
15.5,1500,0.07,0.001,False,1000.0,90.0
15.5,1500,0.05,0.0001,True,1000.0,90.0
15.5,1500,0.08,0.0001,False,1000.0,90.0
15.5,1500,0.05,0.01,True,1000.0,90.0
15.5,1500,0.07,0.01,False,1000.0,90.0
15.5,1500,0.08,0.001,False,1000.0,90.0
15.5,1500,0.08,0.01,False,1000.0,90.0
15.5,1500,0.06,0.001,True,1000.0,90.0
15.5,1500,0.08,0.1,False,1000.0,90.0
15.5,1500,0.09,0.0001,False,1000.0,90.0
15.5,1500,0.06,0.0001,True,1000.0,90.0
15.5,1500,0.06,0.01,True,1000.0,90.0
15.5,1500,0.05,0.1,True,1000.0,90.0
15.5,1500,0.09,0.1,False,1000.0,90.0
15.5,1500,0.09,0.001,False,1000.0,90.0
15.5,1500,0.07,0.0001,True,1000.0,90.0
15.5,1500,0.06,0.1,True,1000.0,90.0
15.5,1500,0.09,0.01,False,1000.0,90.0
15.5,1500,0.08,0.0001,True,1000.0,90.0
15.5,1500,0.07,0.01,True,1000.0,90.0
15.5,1500,0.1,0.0001,False,1000.0,90.0
15.5,1500,0.07,0.001,True,1000.0,90.0
15.5,1500,0.1,0.001,False,1000.0,90.0
15.5,1500,0.01,0.1,True,1000.0,90.0
15.5,1500,0.07,0.1,True,1000.0,90.0
15.5,1500,0.08,0.1,True,1000.0,90.0
15.5,1500,0.1,0.01,False,1000.0,90.0
15.5,1500,0.08,0.01,True,1000.0,90.0
15.5,1500,0.08,0.001,True,1000.0,90.0
15.5,1500,0.1,0.1,False,1000.0,90.0
15.5,1500,0.1,0.0001,False,1000.0,90.0
15.5,1500,0.1,0.001,False,1000.0,90.0
15.5,1500,0.1,0.1,False,1000.0,90.0
15.5,1500,0.09,0.0001,True,1000.0,90.0
15.5,1500,0.09,0.01,True,1000.0,90.0
15.5,1500,0.1,0.01,False,1000.0,90.0
15.5,1500,0.09,0.001,True,1000.0,90.0
15.5,1500,0.2,0.0001,False,1000.0,90.0
15.5,1500,0.2,0.001,False,1000.0,90.0
15.5,1500,0.1,0.0001,True,1000.0,90.0
15.5,1500,0.2,0.01,False,1000.0,90.0
15.5,1500,0.2,0.1,False,1000.0,90.0
15.5,1500,0.1,0.001,True,1000.0,90.0
15.5,1500,0.09,0.1,True,1000.0,90.0
15.5,1500,0.30000000000000004,0.01,False,1000.0,90.0
15.5,1500,0.1,0.01,True,1000.0,90.0
15.5,1500,0.30000000000000004,0.0001,False,1000.0,90.0
15.5,1500,0.30000000000000004,0.001,False,1000.0,90.0
15.5,1500,0.1,0.1,True,1000.0,90.0
15.5,1500,0.1,0.0001,True,1000.0,90.0
15.5,1500,0.30000000000000004,0.1,False,1000.0,90.0
15.5,1500,0.4,0.0001,False,1000.0,90.0
15.5,1500,0.4,0.001,False,1000.0,90.0
15.5,1500,0.1,0.1,True,1000.0,90.0
15.5,1500,0.1,0.01,True,1000.0,90.0
15.5,1500,0.4,0.01,False,1000.0,90.0
15.5,1500,0.1,0.001,True,1000.0,90.0
15.5,1500,0.2,0.0001,True,1000.0,90.0
15.5,1500,0.2,0.1,True,1000.0,90.0
15.5,1500,0.2,0.001,True,1000.0,90.0
15.5,1500,0.4,0.1,False,1000.0,90.0
15.5,1500,0.2,0.01,True,1000.0,90.0
15.5,1500,0.30000000000000004,0.01,True,1000.0,90.0
15.5,1500,0.30000000000000004,0.001,True,1000.0,90.0
15.5,1500,0.30000000000000004,0.0001,True,1000.0,90.0
15.5,1500,0.30000000000000004,0.1,True,1000.0,90.0
15.5,1500,0.4,0.1,True,1000.0,90.0
15.5,1500,0.4,0.01,True,1000.0,90.0
15.5,1500,0.4,0.001,True,1000.0,90.0
15.5,1500,0.4,0.0001,True,1000.0,90.0
15.5,2000,0.001,0.0001,False,0.5898047015622663,16.024960435906166
15.5,2000,0.001,0.001,False,0.5898047015622663,16.024960435906166
15.5,2000,0.001,0.1,False,0.5898047015622663,16.024960435906166
15.5,2000,0.002,0.001,False,0.580442297793562,75.4732666920411
15.5,2000,0.002,0.0001,False,0.580442297793562,75.4732666920411
15.5,2000,0.001,0.01,False,0.5898047015622663,16.024960435906166
15.5,2000,0.003,0.001,False,1000.0,90.0
15.5,2000,0.002,0.01,False,0.580442297793562,75.4732666920411
15.5,2000,0.002,0.1,False,0.580442297793562,75.4732666920411
15.5,2000,0.003,0.0001,False,1000.0,90.0
15.5,2000,0.003,0.01,False,1000.0,90.0
15.5,2000,0.004,0.0001,False,1000.0,90.0
15.5,2000,0.003,0.1,False,1000.0,90.0
15.5,2000,0.004,0.001,False,1000.0,90.0
15.5,2000,0.004,0.01,False,1000.0,90.0
15.5,2000,0.004,0.1,False,1000.0,90.0
15.5,2000,0.005,0.001,False,1000.0,90.0
15.5,2000,0.005,0.01,False,1000.0,90.0
15.5,2000,0.005,0.0001,False,1000.0,90.0
15.5,2000,0.005,0.1,False,1000.0,90.0
15.5,2000,0.006,0.0001,False,1000.0,90.0
15.5,2000,0.001,0.01,True,0.5898047015622663,16.024960435906166
15.5,2000,0.001,0.1,True,0.5898047015622663,16.024960435906166
15.5,2000,0.001,0.001,True,0.5898047015622663,16.024960435906166
15.5,2000,0.001,0.0001,True,0.5898047015622663,16.024960435906166
15.5,2000,0.002,0.01,True,0.580442297793562,75.4732666920411
15.5,2000,0.002,0.0001,True,0.580442297793562,75.4732666920411
15.5,2000,0.002,0.001,True,0.580442297793562,75.4732666920411
15.5,2000,0.006,0.001,False,1000.0,90.0
15.5,2000,0.002,0.1,True,0.580442297793562,75.4732666920411
15.5,2000,0.003,0.001,True,1000.0,90.0
15.5,2000,0.003,0.0001,True,1000.0,90.0
15.5,2000,0.004,0.0001,True,1000.0,90.0
15.5,2000,0.003,0.1,True,1000.0,90.0
15.5,2000,0.004,0.01,True,1000.0,90.0
15.5,2000,0.003,0.01,True,1000.0,90.0
15.5,2000,0.004,0.001,True,1000.0,90.0
15.5,2000,0.006,0.01,False,1000.0,90.0
15.5,2000,0.006,0.1,False,1000.0,90.0
15.5,2000,0.007,0.0001,False,1000.0,90.0
15.5,2000,0.004,0.1,True,1000.0,90.0
15.5,2000,0.007,0.001,False,1000.0,90.0
15.5,2000,0.007,0.01,False,1000.0,90.0
15.5,2000,0.005,0.0001,True,1000.0,90.0
15.5,2000,0.008,0.0001,False,1000.0,90.0
15.5,2000,0.007,0.1,False,1000.0,90.0
15.5,2000,0.005,0.001,True,1000.0,90.0
15.5,2000,0.008,0.001,False,1000.0,90.0
15.5,2000,0.009000000000000001,0.0001,False,1000.0,90.0
15.5,2000,0.005,0.01,True,1000.0,90.0
15.5,2000,0.005,0.1,True,1000.0,90.0
15.5,2000,0.006,0.0001,True,1000.0,90.0
15.5,2000,0.008,0.01,False,1000.0,90.0
15.5,2000,0.006,0.001,True,1000.0,90.0
15.5,2000,0.008,0.1,False,1000.0,90.0
15.5,2000,0.006,0.01,True,1000.0,90.0
15.5,2000,0.009000000000000001,0.001,False,1000.0,90.0
15.5,2000,0.009000000000000001,0.1,False,1000.0,90.0
15.5,2000,0.009000000000000001,0.01,False,1000.0,90.0
15.5,2000,0.01,0.0001,False,1000.0,90.0
15.5,2000,0.01,0.001,False,1000.0,90.0
15.5,2000,0.01,0.01,False,1000.0,90.0
15.5,2000,0.006,0.1,True,1000.0,90.0
15.5,2000,0.01,0.1,False,1000.0,90.0
15.5,2000,0.007,0.0001,True,1000.0,90.0
15.5,2000,0.007,0.001,True,1000.0,90.0
15.5,2000,0.009000000000000001,0.0001,True,1000.0,90.0
15.5,2000,0.007,0.1,True,1000.0,90.0
15.5,2000,0.01,0.001,False,1000.0,90.0
15.5,2000,0.008,0.0001,True,1000.0,90.0
15.5,2000,0.01,0.0001,False,1000.0,90.0
15.5,2000,0.009000000000000001,0.001,True,1000.0,90.0
15.5,2000,0.008,0.001,True,1000.0,90.0
15.5,2000,0.007,0.01,True,1000.0,90.0
15.5,2000,0.008,0.01,True,1000.0,90.0
15.5,2000,0.01,0.01,False,1000.0,90.0
15.5,2000,0.02,0.0001,False,1000.0,90.0
15.5,2000,0.008,0.1,True,1000.0,90.0
15.5,2000,0.01,0.1,False,1000.0,90.0
15.5,2000,0.02,0.001,False,1000.0,90.0
15.5,2000,0.009000000000000001,0.01,True,1000.0,90.0
15.5,2000,0.02,0.01,False,1000.0,90.0
15.5,2000,0.009000000000000001,0.1,True,1000.0,90.0
15.5,2000,0.02,0.1,False,1000.0,90.0
15.5,2000,0.03,0.0001,False,1000.0,90.0
15.5,2000,0.03,0.01,False,1000.0,90.0
15.5,2000,0.03,0.1,False,1000.0,90.0
15.5,2000,0.04,0.0001,False,1000.0,90.0
15.5,2000,0.03,0.001,False,1000.0,90.0
15.5,2000,0.04,0.001,False,1000.0,90.0
15.5,2000,0.02,0.0001,True,1000.0,90.0
15.5,2000,0.01,0.0001,True,1000.0,90.0
15.5,2000,0.04,0.01,False,1000.0,90.0
15.5,2000,0.01,0.001,True,1000.0,90.0
15.5,2000,0.05,0.0001,False,1000.0,90.0
15.5,2000,0.04,0.1,False,1000.0,90.0
15.5,2000,0.01,0.01,True,1000.0,90.0
15.5,2000,0.05,0.001,False,1000.0,90.0
15.5,2000,0.05,0.01,False,1000.0,90.0
15.5,2000,0.04,0.0001,True,1000.0,90.0
15.5,2000,0.01,0.1,True,1000.0,90.0
15.5,2000,0.01,0.0001,True,1000.0,90.0
15.5,2000,0.01,0.001,True,1000.0,90.0
15.5,2000,0.05,0.1,False,1000.0,90.0
15.5,2000,0.04,0.001,True,1000.0,90.0
15.5,2000,0.03,0.001,True,1000.0,90.0
15.5,2000,0.06,0.0001,False,1000.0,90.0
15.5,2000,0.02,0.001,True,1000.0,90.0
15.5,2000,0.06,0.001,False,1000.0,90.0
15.5,2000,0.06,0.01,False,1000.0,90.0
15.5,2000,0.02,0.01,True,1000.0,90.0
15.5,2000,0.05,0.0001,True,1000.0,90.0
15.5,2000,0.06,0.1,False,1000.0,90.0
15.5,2000,0.01,0.01,True,1000.0,90.0
15.5,2000,0.04,0.01,True,1000.0,90.0
15.5,2000,0.07,0.0001,False,1000.0,90.0
15.5,2000,0.01,0.1,True,1000.0,90.0
15.5,2000,0.03,0.1,True,1000.0,90.0
15.5,2000,0.03,0.01,True,1000.0,90.0
15.5,2000,0.03,0.0001,True,1000.0,90.0
15.5,2000,0.02,0.1,True,1000.0,90.0
15.5,2000,0.04,0.1,True,1000.0,90.0
15.5,2000,0.07,0.001,False,1000.0,90.0
15.5,2000,0.05,0.01,True,1000.0,90.0
15.5,2000,0.05,0.001,True,1000.0,90.0
15.5,2000,0.05,0.1,True,1000.0,90.0
15.5,2000,0.07,0.01,False,1000.0,90.0
15.5,2000,0.08,0.0001,False,1000.0,90.0
15.5,2000,0.07,0.1,False,1000.0,90.0
15.5,2000,0.08,0.01,False,1000.0,90.0
15.5,2000,0.08,0.001,False,1000.0,90.0
15.5,2000,0.08,0.1,False,1000.0,90.0
15.5,2000,0.06,0.0001,True,1000.0,90.0
15.5,2000,0.09,0.001,False,1000.0,90.0
15.5,2000,0.09,0.01,False,1000.0,90.0
15.5,2000,0.09,0.0001,False,1000.0,90.0
15.5,2000,0.06,0.001,True,1000.0,90.0
15.5,2000,0.09,0.1,False,1000.0,90.0
15.5,2000,0.06,0.1,True,1000.0,90.0
15.5,2000,0.1,0.0001,False,1000.0,90.0
15.5,2000,0.1,0.001,False,1000.0,90.0
15.5,2000,0.07,0.01,True,1000.0,90.0
15.5,2000,0.06,0.01,True,1000.0,90.0
15.5,2000,0.07,0.001,True,1000.0,90.0
15.5,2000,0.07,0.0001,True,1000.0,90.0
15.5,2000,0.08,0.001,True,1000.0,90.0
15.5,2000,0.1,0.01,False,1000.0,90.0
15.5,2000,0.1,0.1,False,1000.0,90.0
15.5,2000,0.1,0.0001,False,1000.0,90.0
15.5,2000,0.08,0.0001,True,1000.0,90.0
15.5,2000,0.09,0.001,True,1000.0,90.0
15.5,2000,0.1,0.001,False,1000.0,90.0
15.5,2000,0.1,0.1,False,1000.0,90.0
15.5,2000,0.07,0.1,True,1000.0,90.0
15.5,2000,0.2,0.0001,False,1000.0,90.0
15.5,2000,0.1,0.0001,True,1000.0,90.0
15.5,2000,0.1,0.01,False,1000.0,90.0
15.5,2000,0.08,0.01,True,1000.0,90.0
15.5,2000,0.08,0.1,True,1000.0,90.0
15.5,2000,0.09,0.01,True,1000.0,90.0
15.5,2000,0.2,0.001,False,1000.0,90.0
15.5,2000,0.1,0.001,True,1000.0,90.0
15.5,2000,0.09,0.1,True,1000.0,90.0
15.5,2000,0.09,0.0001,True,1000.0,90.0
15.5,2000,0.1,0.1,True,1000.0,90.0
15.5,2000,0.2,0.01,False,1000.0,90.0
15.5,2000,0.30000000000000004,0.0001,False,1000.0,90.0
15.5,2000,0.2,0.1,False,1000.0,90.0
15.5,2000,0.30000000000000004,0.1,False,1000.0,90.0
15.5,2000,0.30000000000000004,0.01,False,1000.0,90.0
15.5,2000,0.1,0.0001,True,1000.0,90.0
15.5,2000,0.4,0.0001,False,1000.0,90.0
15.5,2000,0.30000000000000004,0.001,False,1000.0,90.0
15.5,2000,0.4,0.001,False,1000.0,90.0
15.5,2000,0.1,0.01,True,1000.0,90.0
15.5,2000,0.1,0.1,True,1000.0,90.0
15.5,2000,0.2,0.001,True,1000.0,90.0
15.5,2000,0.1,0.001,True,1000.0,90.0
15.5,2000,0.1,0.01,True,1000.0,90.0
15.5,2000,0.4,0.01,False,1000.0,90.0
15.5,2000,0.2,0.0001,True,1000.0,90.0
15.5,2000,0.4,0.1,False,1000.0,90.0
15.5,2000,0.2,0.01,True,1000.0,90.0
15.5,2000,0.30000000000000004,0.0001,True,1000.0,90.0
15.5,2000,0.30000000000000004,0.1,True,1000.0,90.0
15.5,2000,0.30000000000000004,0.001,True,1000.0,90.0
15.5,2000,0.2,0.1,True,1000.0,90.0
15.5,2000,0.4,0.001,True,1000.0,90.0
15.5,2000,0.4,0.1,True,1000.0,90.0
15.5,2000,0.4,0.01,True,1000.0,90.0
15.5,2000,0.30000000000000004,0.01,True,1000.0,90.0
15.5,2000,0.4,0.0001,True,1000.0,90.0
16.0,200,0.001,0.0001,False,13.20002135755395,89.30287065045373
16.0,200,0.001,0.001,False,13.20002135755395,89.30287065045373
16.0,200,0.001,0.01,False,13.20002135755395,89.30287065045373
16.0,200,0.001,0.1,False,13.20002135755395,89.30287065045373
16.0,200,0.002,0.001,False,4.534024642931537,25.157354914962234
16.0,200,0.002,0.0001,False,4.534024642931537,25.157354914962234
16.0,200,0.002,0.1,False,4.534024642931537,25.157354914962234
16.0,200,0.003,0.0001,False,4.976175808506464,42.03509685690818
16.0,200,0.001,0.1,True,82.91871018871767,90.0
16.0,200,0.002,0.01,False,4.534024642931537,25.157354914962234
16.0,200,0.001,0.0001,True,82.91871018871767,90.0
16.0,200,0.001,0.01,True,82.91871018871767,90.0
16.0,200,0.001,0.001,True,82.91871018871767,90.0
16.0,200,0.003,0.01,False,4.976175808506464,42.03509685690818
16.0,200,0.003,0.001,False,4.976175808506464,42.03509685690818
16.0,200,0.002,0.1,True,1000.0,90.0
16.0,200,0.003,0.1,False,4.976175808506464,42.03509685690818
16.0,200,0.002,0.0001,True,1000.0,90.0
16.0,200,0.002,0.001,True,1000.0,90.0
16.0,200,0.003,0.0001,True,37.74234896057303,90.0
16.0,200,0.004,0.0001,False,6.038427938827045,29.443498467517372
16.0,200,0.004,0.001,False,6.038427938827045,29.443498467517372
16.0,200,0.002,0.01,True,1000.0,90.0
16.0,200,0.003,0.001,True,37.74234896057303,90.0
16.0,200,0.003,0.01,True,37.74234896057303,90.0
16.0,200,0.004,0.01,False,6.038427938827045,29.443498467517372
16.0,200,0.003,0.1,True,37.74234896057303,90.0
16.0,200,0.004,0.0001,True,3.2926676172471745,90.0
16.0,200,0.004,0.001,True,3.2926676172471745,90.0
16.0,200,0.004,0.01,True,3.2926676172471745,90.0
16.0,200,0.005,0.0001,False,8.81979053681203,29.441094573208595
16.0,200,0.004,0.1,False,6.038427938827045,29.443498467517372
16.0,200,0.005,0.001,False,8.81979053681203,29.441094573208595
16.0,200,0.006,0.001,False,5.201798244066765,18.464913159318094
16.0,200,0.005,0.01,False,8.81979053681203,29.441094573208595
16.0,200,0.005,0.1,False,8.81979053681203,29.441094573208595
16.0,200,0.004,0.1,True,3.2926676172471745,90.0
16.0,200,0.006,0.0001,False,5.201798244066765,18.464913159318094
16.0,200,0.005,0.0001,True,1000.0,90.0
16.0,200,0.006,0.01,False,5.201798244066765,18.464913159318094
16.0,200,0.005,0.001,True,1000.0,90.0
16.0,200,0.006,0.1,False,5.201798244066765,18.464913159318094
16.0,200,0.007,0.01,False,281.4856569084387,90.0
16.0,200,0.007,0.0001,False,281.4856569084387,90.0
16.0,200,0.008,0.0001,False,1000.0,90.0
16.0,200,0.005,0.1,True,1000.0,90.0
16.0,200,0.006,0.0001,True,556.5664958481759,90.0
16.0,200,0.007,0.001,False,281.4856569084387,90.0
16.0,200,0.005,0.01,True,1000.0,90.0
16.0,200,0.006,0.001,True,556.5664958481759,90.0
16.0,200,0.007,0.1,False,281.4856569084387,90.0
16.0,200,0.008,0.001,False,1000.0,90.0
16.0,200,0.006,0.01,True,556.5664958481759,90.0
16.0,200,0.007,0.001,True,1000.0,90.0
16.0,200,0.006,0.1,True,556.5664958481759,90.0
16.0,200,0.007,0.0001,True,1000.0,90.0
16.0,200,0.007,0.1,True,1000.0,90.0
16.0,200,0.007,0.01,True,1000.0,90.0
16.0,200,0.008,0.01,False,1000.0,90.0
16.0,200,0.009000000000000001,0.0001,False,1000.0,90.0
16.0,200,0.009000000000000001,0.001,False,1000.0,90.0
16.0,200,0.008,0.0001,True,1000.0,90.0
16.0,200,0.008,0.1,False,1000.0,90.0
16.0,200,0.008,0.001,True,1000.0,90.0
16.0,200,0.009000000000000001,0.01,False,1000.0,90.0
16.0,200,0.01,0.001,False,1000.0,90.0
16.0,200,0.01,0.0001,False,1000.0,90.0
16.0,200,0.01,0.01,False,1000.0,90.0
16.0,200,0.01,0.0001,False,1000.0,90.0
16.0,200,0.01,0.1,False,1000.0,90.0
16.0,200,0.009000000000000001,0.1,False,1000.0,90.0
16.0,200,0.01,0.01,False,1000.0,90.0
16.0,200,0.01,0.001,False,1000.0,90.0
16.0,200,0.02,0.0001,True,1000.0,90.0
16.0,200,0.008,0.01,True,1000.0,90.0
16.0,200,0.01,0.1,False,1000.0,90.0
16.0,200,0.008,0.1,True,1000.0,90.0
16.0,200,0.02,0.001,True,1000.0,90.0
16.0,200,0.03,0.0001,True,1000.0,90.0
16.0,200,0.009000000000000001,0.0001,True,1000.0,90.0
16.0,200,0.03,0.0001,False,1000.0,90.0
16.0,200,0.03,0.001,True,1000.0,90.0
16.0,200,0.009000000000000001,0.01,True,1000.0,90.0
16.0,200,0.03,0.001,False,1000.0,90.0
16.0,200,0.03,0.01,True,1000.0,90.0
16.0,200,0.02,0.01,True,1000.0,90.0
16.0,200,0.009000000000000001,0.001,True,1000.0,90.0
16.0,200,0.009000000000000001,0.1,True,1000.0,90.0
16.0,200,0.01,0.0001,True,1000.0,90.0
16.0,200,0.02,0.1,True,1000.0,90.0
16.0,200,0.01,0.01,True,1000.0,90.0
16.0,200,0.03,0.01,False,1000.0,90.0
16.0,200,0.01,0.001,True,1000.0,90.0
16.0,200,0.01,0.1,True,1000.0,90.0
16.0,200,0.01,0.0001,True,1000.0,90.0
16.0,200,0.03,0.1,True,1000.0,90.0
16.0,200,0.04,0.001,False,1000.0,90.0
16.0,200,0.04,0.0001,False,1000.0,90.0
16.0,200,0.03,0.1,False,1000.0,90.0
16.0,200,0.04,0.0001,True,1000.0,90.0
16.0,200,0.01,0.001,True,1000.0,90.0
16.0,200,0.02,0.0001,False,1000.0,90.0
16.0,200,0.04,0.1,False,1000.0,90.0
16.0,200,0.05,0.0001,False,1000.0,90.0
16.0,200,0.04,0.001,True,1000.0,90.0
16.0,200,0.04,0.01,False,1000.0,90.0
16.0,200,0.05,0.001,False,1000.0,90.0
16.0,200,0.05,0.001,True,1000.0,90.0
16.0,200,0.05,0.0001,True,1000.0,90.0
16.0,200,0.05,0.1,False,1000.0,90.0
16.0,200,0.05,0.01,False,1000.0,90.0
16.0,200,0.04,0.01,True,1000.0,90.0
16.0,200,0.04,0.1,True,1000.0,90.0
16.0,200,0.05,0.01,True,1000.0,90.0
16.0,200,0.01,0.01,True,1000.0,90.0
16.0,200,0.02,0.01,False,1000.0,90.0
16.0,200,0.06,0.001,False,1000.0,90.0
16.0,200,0.05,0.1,True,1000.0,90.0
16.0,200,0.06,0.01,False,1000.0,90.0
16.0,200,0.06,0.1,False,1000.0,90.0
16.0,200,0.06,0.0001,False,1000.0,90.0
16.0,200,0.02,0.001,False,1000.0,90.0
16.0,200,0.07,0.0001,False,1000.0,90.0
16.0,200,0.01,0.1,True,1000.0,90.0
16.0,200,0.02,0.1,False,1000.0,90.0
16.0,200,0.06,0.0001,True,1000.0,90.0
16.0,200,0.07,0.01,False,1000.0,90.0
16.0,200,0.07,0.001,False,1000.0,90.0
16.0,200,0.06,0.001,True,1000.0,90.0
16.0,200,0.06,0.1,True,1000.0,90.0
16.0,200,0.06,0.01,True,1000.0,90.0
16.0,200,0.07,0.0001,True,1000.0,90.0
16.0,200,0.07,0.1,False,1000.0,90.0
16.0,200,0.07,0.01,True,1000.0,90.0
16.0,200,0.07,0.001,True,1000.0,90.0
16.0,200,0.08,0.0001,False,1000.0,90.0
16.0,200,0.07,0.1,True,1000.0,90.0
16.0,200,0.08,0.001,True,1000.0,90.0
16.0,200,0.08,0.001,False,1000.0,90.0
16.0,200,0.08,0.0001,True,1000.0,90.0
16.0,200,0.09,0.001,False,1000.0,90.0
16.0,200,0.08,0.01,False,1000.0,90.0
16.0,200,0.08,0.1,False,1000.0,90.0
16.0,200,0.08,0.01,True,1000.0,90.0
16.0,200,0.09,0.0001,False,1000.0,90.0
16.0,200,0.09,0.01,False,1000.0,90.0
16.0,200,0.09,0.1,False,1000.0,90.0
16.0,200,0.1,0.0001,False,1000.0,90.0
16.0,200,0.08,0.1,True,1000.0,90.0
16.0,200,0.1,0.01,False,1000.0,90.0
16.0,200,0.09,0.001,True,1000.0,90.0
16.0,200,0.1,0.001,False,1000.0,90.0
16.0,200,0.1,0.1,False,1000.0,90.0
16.0,200,0.09,0.0001,True,1000.0,90.0
16.0,200,0.1,0.0001,True,1000.0,90.0
16.0,200,0.1,0.0001,False,1000.0,90.0
16.0,200,0.09,0.1,True,1000.0,90.0
16.0,200,0.09,0.01,True,1000.0,90.0
16.0,200,0.1,0.01,False,1000.0,90.0
16.0,200,0.1,0.001,False,1000.0,90.0
16.0,200,0.1,0.001,True,1000.0,90.0
16.0,200,0.1,0.01,True,1000.0,90.0
16.0,200,0.1,0.1,True,1000.0,90.0
16.0,200,0.1,0.1,False,1000.0,90.0
16.0,200,0.2,0.001,False,1000.0,90.0
16.0,200,0.2,0.0001,False,1000.0,90.0
16.0,200,0.1,0.001,True,1000.0,90.0
16.0,200,0.1,0.0001,True,1000.0,90.0
16.0,200,0.1,0.01,True,1000.0,90.0
16.0,200,0.1,0.1,True,1000.0,90.0
16.0,200,0.30000000000000004,0.1,False,1000.0,90.0
16.0,200,0.2,0.01,True,1000.0,90.0
16.0,200,0.2,0.01,False,1000.0,90.0
16.0,200,0.2,0.1,False,1000.0,90.0
16.0,200,0.30000000000000004,0.001,False,1000.0,90.0
16.0,200,0.4,0.001,False,1000.0,90.0
16.0,200,0.30000000000000004,0.0001,False,1000.0,90.0
16.0,200,0.2,0.1,True,1000.0,90.0
16.0,200,0.2,0.0001,True,1000.0,90.0
16.0,200,0.30000000000000004,0.01,False,1000.0,90.0
16.0,200,0.4,0.0001,False,1000.0,90.0
16.0,200,0.2,0.001,True,1000.0,90.0
16.0,200,0.30000000000000004,0.0001,True,1000.0,90.0
16.0,200,0.4,0.01,False,1000.0,90.0
16.0,200,0.30000000000000004,0.001,True,1000.0,90.0
16.0,200,0.30000000000000004,0.1,True,1000.0,90.0
16.0,200,0.4,0.1,False,1000.0,90.0
16.0,200,0.30000000000000004,0.01,True,1000.0,90.0
16.0,200,0.4,0.0001,True,1000.0,90.0
16.0,200,0.4,0.001,True,1000.0,90.0
16.0,200,0.4,0.01,True,1000.0,90.0
16.0,200,0.4,0.1,True,1000.0,90.0
16.0,400,0.001,0.0001,False,0.5852828509372175,14.931188525411166
16.0,400,0.001,0.001,False,0.5852828509372175,14.931188525411166
16.0,400,0.001,0.01,False,0.5852828509372175,14.931188525411166
16.0,400,0.001,0.1,False,0.5852828509372175,14.931188525411166
16.0,400,0.002,0.001,False,0.5851069275670464,10.142631062320959
16.0,400,0.002,0.0001,False,0.5851069275670464,10.142631062320959
16.0,400,0.003,0.0001,False,0.5849310162935576,12.726817444259694
16.0,400,0.002,0.01,False,0.5851069275670464,10.142631062320959
16.0,400,0.002,0.1,False,0.5851069275670464,10.142631062320959
16.0,400,0.003,0.001,False,0.5849310162935576,12.726817444259694
16.0,400,0.004,0.0001,False,0.5847551171232424,16.921613013081185
16.0,400,0.003,0.1,False,0.5849310162935576,12.726817444259694
16.0,400,0.003,0.01,False,0.5849310162935576,12.726817444259694
16.0,400,0.004,0.001,False,0.5847551171232424,16.921613013081185
16.0,400,0.004,0.01,False,0.5847551171232424,16.921613013081185
16.0,400,0.001,0.001,True,0.6021582896688376,16.236503135078827
16.0,400,0.001,0.0001,True,0.6021582896688376,16.236503135078827
16.0,400,0.002,0.01,True,0.5911995209611172,84.30036659388207
16.0,400,0.001,0.01,True,0.6021582896688376,16.236503135078827
16.0,400,0.001,0.1,True,0.6021582896688376,16.236503135078827
16.0,400,0.002,0.001,True,0.5911995209611172,84.30036659388207
16.0,400,0.002,0.0001,True,0.5911995209611172,84.30036659388207
16.0,400,0.002,0.1,True,0.5911995209611172,84.30036659388207
16.0,400,0.003,0.1,True,107.79696273583517,90.0
16.0,400,0.003,0.0001,True,107.79696273583517,90.0
16.0,400,0.004,0.0001,True,1000.0,90.0
16.0,400,0.003,0.001,True,107.79696273583517,90.0
16.0,400,0.003,0.01,True,107.79696273583517,90.0
16.0,400,0.004,0.01,True,1000.0,90.0
16.0,400,0.004,0.001,True,1000.0,90.0
16.0,400,0.005,0.0001,False,0.584579230062537,15.347062240830141
16.0,400,0.004,0.1,False,0.5847551171232424,16.921613013081185
16.0,400,0.005,0.1,False,0.584579230062537,15.347062240830141
16.0,400,0.005,0.001,False,0.584579230062537,15.347062240830141
16.0,400,0.005,0.01,False,0.584579230062537,15.347062240830141
16.0,400,0.004,0.1,True,1000.0,90.0
16.0,400,0.006,0.0001,False,0.5844033551179162,19.152426931629236
16.0,400,0.006,0.001,False,0.5844033551179162,19.152426931629236
16.0,400,0.005,0.0001,True,1000.0,90.0
16.0,400,0.006,0.01,False,0.5844033551179162,19.152426931629236
16.0,400,0.006,0.1,False,0.5844033551179162,19.152426931629236
16.0,400,0.007,0.0001,True,1000.0,90.0
16.0,400,0.007,0.0001,False,0.957176711746205,40.29948516596886
16.0,400,0.006,0.001,True,1000.0,90.0
16.0,400,0.007,0.1,False,0.957176711746205,40.29948516596886
16.0,400,0.008,0.0001,True,1000.0,90.0
16.0,400,0.005,0.001,True,1000.0,90.0
16.0,400,0.007,0.01,False,0.957176711746205,40.29948516596886
16.0,400,0.007,0.1,True,1000.0,90.0
16.0,400,0.007,0.001,True,1000.0,90.0
16.0,400,0.005,0.1,True,1000.0,90.0
16.0,400,0.007,0.001,False,0.957176711746205,40.29948516596886
16.0,400,0.005,0.01,True,1000.0,90.0
16.0,400,0.007,0.01,True,1000.0,90.0
16.0,400,0.008,0.001,True,1000.0,90.0
16.0,400,0.006,0.0001,True,1000.0,90.0
16.0,400,0.008,0.0001,False,2.748582404065219,47.41741621426711
16.0,400,0.006,0.01,True,1000.0,90.0
16.0,400,0.008,0.001,False,2.748582404065219,47.41741621426711
16.0,400,0.008,0.01,True,1000.0,90.0
16.0,400,0.006,0.1,True,1000.0,90.0
16.0,400,0.008,0.01,False,2.748582404065219,47.41741621426711
16.0,400,0.008,0.1,True,1000.0,90.0
16.0,400,0.009000000000000001,0.0001,True,1000.0,90.0
16.0,400,0.008,0.1,False,2.748582404065219,47.41741621426711
16.0,400,0.009000000000000001,0.0001,False,80.49135483353135,76.3963621066127
16.0,400,0.009000000000000001,0.001,True,1000.0,90.0
16.0,400,0.009000000000000001,0.01,True,1000.0,90.0
16.0,400,0.009000000000000001,0.001,False,80.49135483353135,76.3963621066127
16.0,400,0.01,0.0001,True,1000.0,90.0
16.0,400,0.009000000000000001,0.1,True,1000.0,90.0
16.0,400,0.009000000000000001,0.01,False,80.49135483353135,76.3963621066127
16.0,400,0.01,0.001,True,1000.0,90.0
16.0,400,0.02,0.0001,False,1000.0,90.0
16.0,400,0.01,0.001,True,1000.0,90.0
16.0,400,0.01,0.01,True,1000.0,90.0
16.0,400,0.01,0.0001,True,1000.0,90.0
16.0,400,0.02,0.0001,True,1000.0,90.0
16.0,400,0.01,0.01,True,1000.0,90.0
16.0,400,0.02,0.001,False,1000.0,90.0
16.0,400,0.01,0.0001,False,1000.0,87.94947815461046
16.0,400,0.01,0.1,False,1000.0,87.94947815461046
16.0,400,0.01,0.1,True,1000.0,90.0
16.0,400,0.01,0.001,False,1000.0,87.94947815461046
16.0,400,0.01,0.1,True,1000.0,90.0
16.0,400,0.01,0.001,False,1000.0,87.94947815461046
16.0,400,0.009000000000000001,0.1,False,80.49135483353135,76.3963621066127
16.0,400,0.03,0.0001,False,1000.0,90.0
16.0,400,0.02,0.01,False,1000.0,90.0
16.0,400,0.01,0.01,False,1000.0,87.94947815461046
16.0,400,0.01,0.01,False,1000.0,87.94947815461046
16.0,400,0.01,0.0001,False,1000.0,87.94947815461046
16.0,400,0.03,0.1,False,1000.0,90.0
16.0,400,0.02,0.1,False,1000.0,90.0
16.0,400,0.02,0.001,True,1000.0,90.0
16.0,400,0.03,0.01,False,1000.0,90.0
16.0,400,0.03,0.001,False,1000.0,90.0
16.0,400,0.02,0.01,True,1000.0,90.0
16.0,400,0.04,0.0001,False,1000.0,90.0
16.0,400,0.01,0.1,False,1000.0,87.94947815461046
16.0,400,0.03,0.0001,True,1000.0,90.0
16.0,400,0.04,0.01,False,1000.0,90.0
16.0,400,0.04,0.001,False,1000.0,90.0
16.0,400,0.03,0.001,True,1000.0,90.0
16.0,400,0.03,0.01,True,1000.0,90.0
16.0,400,0.05,0.001,False,1000.0,90.0
16.0,400,0.05,0.01,False,1000.0,90.0
16.0,400,0.04,0.1,False,1000.0,90.0
16.0,400,0.04,0.001,True,1000.0,90.0
16.0,400,0.03,0.1,True,1000.0,90.0
16.0,400,0.04,0.0001,True,1000.0,90.0
16.0,400,0.05,0.0001,False,1000.0,90.0
16.0,400,0.02,0.1,True,1000.0,90.0
16.0,400,0.05,0.1,False,1000.0,90.0
16.0,400,0.06,0.001,False,1000.0,90.0
16.0,400,0.04,0.01,True,1000.0,90.0
16.0,400,0.06,0.0001,False,1000.0,90.0
16.0,400,0.06,0.01,False,1000.0,90.0
16.0,400,0.04,0.1,True,1000.0,90.0
16.0,400,0.07,0.0001,False,1000.0,90.0
16.0,400,0.05,0.01,True,1000.0,90.0
16.0,400,0.06,0.1,False,1000.0,90.0
16.0,400,0.05,0.0001,True,1000.0,90.0
16.0,400,0.05,0.001,True,1000.0,90.0
16.0,400,0.05,0.1,True,1000.0,90.0
16.0,400,0.07,0.001,False,1000.0,90.0
16.0,400,0.07,0.0001,True,1000.0,90.0
16.0,400,0.06,0.001,True,1000.0,90.0
16.0,400,0.06,0.0001,True,1000.0,90.0
16.0,400,0.06,0.1,True,1000.0,90.0
16.0,400,0.06,0.01,True,1000.0,90.0
16.0,400,0.07,0.1,False,1000.0,90.0
16.0,400,0.08,0.0001,False,1000.0,90.0
16.0,400,0.08,0.1,False,1000.0,90.0
16.0,400,0.07,0.001,True,1000.0,90.0
16.0,400,0.08,0.01,False,1000.0,90.0
16.0,400,0.08,0.001,False,1000.0,90.0
16.0,400,0.09,0.0001,False,1000.0,90.0
16.0,400,0.07,0.01,False,1000.0,90.0
16.0,400,0.09,0.001,False,1000.0,90.0
16.0,400,0.07,0.01,True,1000.0,90.0
16.0,400,0.07,0.1,True,1000.0,90.0
16.0,400,0.1,0.0001,False,1000.0,90.0
16.0,400,0.08,0.0001,True,1000.0,90.0
16.0,400,0.08,0.001,True,1000.0,90.0
16.0,400,0.08,0.01,True,1000.0,90.0
16.0,400,0.09,0.1,False,1000.0,90.0
16.0,400,0.08,0.1,True,1000.0,90.0
16.0,400,0.09,0.01,False,1000.0,90.0
16.0,400,0.1,0.01,False,1000.0,90.0
16.0,400,0.09,0.0001,True,1000.0,90.0
16.0,400,0.1,0.001,False,1000.0,90.0
16.0,400,0.1,0.1,False,1000.0,90.0
16.0,400,0.1,0.0001,False,1000.0,90.0
16.0,400,0.09,0.001,True,1000.0,90.0
16.0,400,0.1,0.01,False,1000.0,90.0
16.0,400,0.1,0.001,False,1000.0,90.0
16.0,400,0.09,0.01,True,1000.0,90.0
16.0,400,0.09,0.1,True,1000.0,90.0
16.0,400,0.1,0.001,True,1000.0,90.0
16.0,400,0.1,0.1,False,1000.0,90.0
16.0,400,0.1,0.0001,True,1000.0,90.0
16.0,400,0.2,0.0001,False,1000.0,90.0
16.0,400,0.1,0.1,True,1000.0,90.0
16.0,400,0.1,0.01,True,1000.0,90.0
16.0,400,0.2,0.1,False,1000.0,90.0
16.0,400,0.1,0.001,True,1000.0,90.0
16.0,400,0.2,0.001,False,1000.0,90.0
16.0,400,0.1,0.0001,True,1000.0,90.0
16.0,400,0.2,0.01,False,1000.0,90.0
16.0,400,0.1,0.1,True,1000.0,90.0
16.0,400,0.1,0.01,True,1000.0,90.0
16.0,400,0.30000000000000004,0.001,False,1000.0,90.0
16.0,400,0.2,0.0001,True,1000.0,90.0
16.0,400,0.30000000000000004,0.0001,False,1000.0,90.0
16.0,400,0.4,0.001,False,1000.0,90.0
16.0,400,0.30000000000000004,0.0001,True,1000.0,90.0
16.0,400,0.2,0.001,True,1000.0,90.0
16.0,400,0.30000000000000004,0.01,False,1000.0,90.0
16.0,400,0.2,0.1,True,1000.0,90.0
16.0,400,0.30000000000000004,0.1,False,1000.0,90.0
16.0,400,0.4,0.0001,False,1000.0,90.0
16.0,400,0.2,0.01,True,1000.0,90.0
16.0,400,0.4,0.01,False,1000.0,90.0
16.0,400,0.30000000000000004,0.01,True,1000.0,90.0
16.0,400,0.30000000000000004,0.001,True,1000.0,90.0
16.0,400,0.30000000000000004,0.1,True,1000.0,90.0
16.0,400,0.4,0.1,False,1000.0,90.0
16.0,400,0.4,0.0001,True,1000.0,90.0
16.0,400,0.4,0.001,True,1000.0,90.0
16.0,400,0.4,0.1,True,1000.0,90.0
16.0,400,0.4,0.01,True,1000.0,90.0
16.0,600,0.001,0.0001,False,0.5852670978682316,13.272501452352806
16.0,600,0.001,0.001,False,0.5852670978682316,13.272501452352806
16.0,600,0.001,0.1,False,0.5852670978682316,13.272501452352806
16.0,600,0.001,0.01,False,0.5852670978682316,13.272501452352806
16.0,600,0.002,0.01,False,0.5850754146519815,6.866123119453512
16.0,600,0.003,0.0001,False,0.584883736761655,10.856587672028681
16.0,600,0.002,0.001,False,0.5850754146519815,6.866123119453512
16.0,600,0.002,0.0001,False,0.5850754146519815,6.866123119453512
16.0,600,0.002,0.1,False,0.5850754146519815,6.866123119453512
16.0,600,0.003,0.01,False,0.584883736761655,10.856587672028681
16.0,600,0.003,0.001,False,0.584883736761655,10.856587672028681
16.0,600,0.004,0.001,False,0.5846920642100634,19.59955127306236
16.0,600,0.003,0.1,False,0.584883736761655,10.856587672028681
16.0,600,0.004,0.0001,False,0.5846920642100634,19.59955127306236
16.0,600,0.004,0.01,False,0.5846920642100634,19.59955127306236
16.0,600,0.001,0.0001,True,0.6026410353852728,14.955227468498968
16.0,600,0.002,0.0001,True,0.5921349650900802,69.89142410705342
16.0,600,0.002,0.001,True,0.5921349650900802,69.89142410705342
16.0,600,0.003,0.01,True,306.39624525025744,90.0
16.0,600,0.002,0.1,True,0.5921349650900802,69.89142410705342
16.0,600,0.003,0.0001,True,306.39624525025744,90.0
16.0,600,0.001,0.001,True,0.6026410353852728,14.955227468498968
16.0,600,0.001,0.01,True,0.6026410353852728,14.955227468498968
16.0,600,0.003,0.001,True,306.39624525025744,90.0
16.0,600,0.001,0.1,True,0.6026410353852728,14.955227468498968
16.0,600,0.002,0.01,True,0.5921349650900802,69.89142410705342
16.0,600,0.003,0.1,True,306.39624525025744,90.0
16.0,600,0.004,0.001,True,1000.0,90.0
16.0,600,0.004,0.01,True,1000.0,90.0
16.0,600,0.004,0.0001,True,1000.0,90.0
16.0,600,0.005,0.0001,False,4.854935767675213,79.01420300887438
16.0,600,0.005,0.001,False,4.854935767675213,79.01420300887438
16.0,600,0.005,0.01,False,4.854935767675213,79.01420300887438
16.0,600,0.004,0.1,False,0.5846920642100634,19.59955127306236
16.0,600,0.005,0.1,False,4.854935767675213,79.01420300887438
16.0,600,0.006,0.0001,False,1000.0,72.79532843205993
16.0,600,0.006,0.001,False,1000.0,72.79532843205993
16.0,600,0.004,0.1,True,1000.0,90.0
16.0,600,0.005,0.001,True,1000.0,90.0
16.0,600,0.006,0.01,False,1000.0,72.79532843205993
16.0,600,0.006,0.1,False,1000.0,72.79532843205993
16.0,600,0.007,0.0001,False,1000.0,90.0
16.0,600,0.005,0.0001,True,1000.0,90.0
16.0,600,0.007,0.01,False,1000.0,90.0
16.0,600,0.007,0.001,False,1000.0,90.0
16.0,600,0.007,0.1,False,1000.0,90.0
16.0,600,0.005,0.01,True,1000.0,90.0
16.0,600,0.005,0.1,True,1000.0,90.0
16.0,600,0.006,0.001,True,1000.0,90.0
16.0,600,0.008,0.0001,False,1000.0,90.0
16.0,600,0.006,0.0001,True,1000.0,90.0
16.0,600,0.008,0.001,False,1000.0,90.0
16.0,600,0.008,0.0001,True,1000.0,90.0
16.0,600,0.006,0.1,True,1000.0,90.0
16.0,600,0.008,0.001,True,1000.0,90.0
16.0,600,0.008,0.01,False,1000.0,90.0
16.0,600,0.008,0.1,False,1000.0,90.0
16.0,600,0.007,0.0001,True,1000.0,90.0
16.0,600,0.007,0.001,True,1000.0,90.0
16.0,600,0.006,0.01,True,1000.0,90.0
16.0,600,0.008,0.01,True,1000.0,90.0
16.0,600,0.007,0.01,True,1000.0,90.0
16.0,600,0.008,0.1,True,1000.0,90.0
16.0,600,0.009000000000000001,0.0001,False,1000.0,90.0
16.0,600,0.007,0.1,True,1000.0,90.0
16.0,600,0.009000000000000001,0.001,False,1000.0,90.0
16.0,600,0.009000000000000001,0.01,False,1000.0,90.0
16.0,600,0.009000000000000001,0.0001,True,1000.0,90.0
16.0,600,0.009000000000000001,0.1,False,1000.0,90.0
16.0,600,0.01,0.0001,False,1000.0,90.0
16.0,600,0.009000000000000001,0.001,True,1000.0,90.0
16.0,600,0.02,0.001,False,1000.0,90.0
16.0,600,0.02,0.0001,False,1000.0,90.0
16.0,600,0.01,0.001,False,1000.0,90.0
16.0,600,0.02,0.01,False,1000.0,90.0
16.0,600,0.009000000000000001,0.01,True,1000.0,90.0
16.0,600,0.01,0.01,False,1000.0,90.0
16.0,600,0.01,0.1,False,1000.0,90.0
16.0,600,0.009000000000000001,0.1,True,1000.0,90.0
16.0,600,0.02,0.0001,True,1000.0,90.0
16.0,600,0.02,0.1,False,1000.0,90.0
16.0,600,0.01,0.0001,True,1000.0,90.0
16.0,600,0.02,0.001,True,1000.0,90.0
16.0,600,0.03,0.0001,False,1000.0,90.0
16.0,600,0.03,0.001,False,1000.0,90.0
16.0,600,0.03,0.01,False,1000.0,90.0
16.0,600,0.01,0.01,False,1000.0,90.0
16.0,600,0.01,0.001,False,1000.0,90.0
16.0,600,0.01,0.0001,False,1000.0,90.0
16.0,600,0.02,0.01,True,1000.0,90.0
16.0,600,0.02,0.1,True,1000.0,90.0
16.0,600,0.04,0.0001,False,1000.0,90.0
16.0,600,0.03,0.1,False,1000.0,90.0
16.0,600,0.03,0.0001,True,1000.0,90.0
16.0,600,0.01,0.001,True,1000.0,90.0
16.0,600,0.04,0.001,False,1000.0,90.0
16.0,600,0.03,0.001,True,1000.0,90.0
16.0,600,0.04,0.01,False,1000.0,90.0
16.0,600,0.01,0.1,False,1000.0,90.0
16.0,600,0.04,0.1,False,1000.0,90.0
16.0,600,0.01,0.01,True,1000.0,90.0
16.0,600,0.01,0.1,True,1000.0,90.0
16.0,600,0.04,0.0001,True,1000.0,90.0
16.0,600,0.03,0.1,True,1000.0,90.0
16.0,600,0.05,0.001,False,1000.0,90.0
16.0,600,0.01,0.001,True,1000.0,90.0
16.0,600,0.03,0.01,True,1000.0,90.0
16.0,600,0.05,0.0001,False,1000.0,90.0
16.0,600,0.05,0.01,False,1000.0,90.0
16.0,600,0.01,0.0001,True,1000.0,90.0
16.0,600,0.05,0.1,False,1000.0,90.0
16.0,600,0.06,0.0001,False,1000.0,90.0
16.0,600,0.01,0.01,True,1000.0,90.0
16.0,600,0.06,0.001,False,1000.0,90.0
16.0,600,0.05,0.0001,True,1000.0,90.0
16.0,600,0.01,0.1,True,1000.0,90.0
16.0,600,0.04,0.01,True,1000.0,90.0
16.0,600,0.06,0.0001,True,1000.0,90.0
16.0,600,0.04,0.001,True,1000.0,90.0
16.0,600,0.04,0.1,True,1000.0,90.0
16.0,600,0.06,0.1,False,1000.0,90.0
16.0,600,0.07,0.0001,False,1000.0,90.0
16.0,600,0.05,0.1,True,1000.0,90.0
16.0,600,0.06,0.01,False,1000.0,90.0
16.0,600,0.05,0.01,True,1000.0,90.0
16.0,600,0.07,0.01,False,1000.0,90.0
16.0,600,0.06,0.01,True,1000.0,90.0
16.0,600,0.05,0.001,True,1000.0,90.0
16.0,600,0.07,0.001,False,1000.0,90.0
16.0,600,0.07,0.1,False,1000.0,90.0
16.0,600,0.08,0.001,False,1000.0,90.0
16.0,600,0.08,0.0001,False,1000.0,90.0
16.0,600,0.06,0.1,True,1000.0,90.0
16.0,600,0.06,0.001,True,1000.0,90.0
16.0,600,0.08,0.1,False,1000.0,90.0
16.0,600,0.08,0.01,False,1000.0,90.0
16.0,600,0.07,0.001,True,1000.0,90.0
16.0,600,0.09,0.1,False,1000.0,90.0
16.0,600,0.07,0.0001,True,1000.0,90.0
16.0,600,0.07,0.01,True,1000.0,90.0
16.0,600,0.09,0.0001,False,1000.0,90.0
16.0,600,0.07,0.1,True,1000.0,90.0
16.0,600,0.09,0.001,False,1000.0,90.0
16.0,600,0.08,0.001,True,1000.0,90.0
16.0,600,0.09,0.01,False,1000.0,90.0
16.0,600,0.08,0.0001,True,1000.0,90.0
16.0,600,0.1,0.0001,False,1000.0,90.0
16.0,600,0.1,0.01,False,1000.0,90.0
16.0,600,0.1,0.001,False,1000.0,90.0
16.0,600,0.09,0.0001,True,1000.0,90.0
16.0,600,0.08,0.01,True,1000.0,90.0
16.0,600,0.08,0.1,True,1000.0,90.0
16.0,600,0.1,0.1,False,1000.0,90.0
16.0,600,0.1,0.01,False,1000.0,90.0
16.0,600,0.1,0.0001,False,1000.0,90.0
16.0,600,0.09,0.001,True,1000.0,90.0
16.0,600,0.09,0.1,True,1000.0,90.0
16.0,600,0.1,0.001,False,1000.0,90.0
16.0,600,0.1,0.0001,True,1000.0,90.0
16.0,600,0.2,0.001,False,1000.0,90.0
16.0,600,0.2,0.0001,False,1000.0,90.0
16.0,600,0.09,0.01,True,1000.0,90.0
16.0,600,0.1,0.1,False,1000.0,90.0
16.0,600,0.1,0.001,True,1000.0,90.0
16.0,600,0.1,0.01,True,1000.0,90.0
16.0,600,0.2,0.01,False,1000.0,90.0
16.0,600,0.1,0.0001,True,1000.0,90.0
16.0,600,0.2,0.1,False,1000.0,90.0
16.0,600,0.30000000000000004,0.001,False,1000.0,90.0
16.0,600,0.1,0.1,True,1000.0,90.0
16.0,600,0.30000000000000004,0.0001,False,1000.0,90.0
16.0,600,0.1,0.001,True,1000.0,90.0
16.0,600,0.2,0.001,True,1000.0,90.0
16.0,600,0.1,0.1,True,1000.0,90.0
16.0,600,0.30000000000000004,0.01,False,1000.0,90.0
16.0,600,0.2,0.0001,True,1000.0,90.0
16.0,600,0.30000000000000004,0.1,False,1000.0,90.0
16.0,600,0.4,0.0001,False,1000.0,90.0
16.0,600,0.1,0.01,True,1000.0,90.0
16.0,600,0.2,0.01,True,1000.0,90.0
16.0,600,0.4,0.001,False,1000.0,90.0
16.0,600,0.30000000000000004,0.0001,True,1000.0,90.0
16.0,600,0.4,0.1,False,1000.0,90.0
16.0,600,0.30000000000000004,0.001,True,1000.0,90.0
16.0,600,0.4,0.01,False,1000.0,90.0
16.0,600,0.2,0.1,True,1000.0,90.0
16.0,600,0.30000000000000004,0.01,True,1000.0,90.0
16.0,600,0.30000000000000004,0.1,True,1000.0,90.0
16.0,600,0.4,0.001,True,1000.0,90.0
16.0,600,0.4,0.0001,True,1000.0,90.0
16.0,600,0.4,0.1,True,1000.0,90.0
16.0,600,0.4,0.01,True,1000.0,90.0
16.0,800,0.001,0.0001,False,0.58529185584903,9.673871672108817
16.0,800,0.001,0.001,False,0.58529185584903,9.673871672108817
16.0,800,0.001,0.01,False,0.58529185584903,9.673871672108817
16.0,800,0.002,0.001,False,0.5851249242929167,5.608886395961456
16.0,800,0.002,0.0001,False,0.5851249242929167,5.608886395961456
16.0,800,0.001,0.1,False,0.58529185584903,9.673871672108817
16.0,800,0.003,0.0001,False,0.5849579917398695,23.5443418337707
16.0,800,0.002,0.01,False,0.5851249242929167,5.608886395961456
16.0,800,0.002,0.1,False,0.5851249242929167,5.608886395961456
16.0,800,0.003,0.01,False,0.5849579917398695,23.5443418337707
16.0,800,0.003,0.1,False,0.5849579917398695,23.5443418337707
16.0,800,0.003,0.001,False,0.5849579917398695,23.5443418337707
16.0,800,0.004,0.0001,False,0.584791058200488,58.40080931108395
16.0,800,0.004,0.001,False,0.584791058200488,58.40080931108395
16.0,800,0.001,0.0001,True,0.6026689689818487,14.827821070133616
16.0,800,0.004,0.01,False,0.584791058200488,58.40080931108395
16.0,800,0.002,0.0001,True,0.5921840572694418,76.60550091147658
16.0,800,0.001,0.01,True,0.6026689689818487,14.827821070133616
16.0,800,0.003,0.0001,True,9.128561269487236,90.0
16.0,800,0.001,0.001,True,0.6026689689818487,14.827821070133616
16.0,800,0.001,0.1,True,0.6026689689818487,14.827821070133616
16.0,800,0.002,0.01,True,0.5921840572694418,76.60550091147658
16.0,800,0.002,0.001,True,0.5921840572694418,76.60550091147658
16.0,800,0.003,0.001,True,9.128561269487236,90.0
16.0,800,0.003,0.1,True,9.128561269487236,90.0
16.0,800,0.002,0.1,True,0.5921840572694418,76.60550091147658
16.0,800,0.004,0.001,True,1000.0,90.0
16.0,800,0.003,0.01,True,9.128561269487236,90.0
16.0,800,0.004,0.0001,True,1000.0,90.0
16.0,800,0.004,0.01,True,1000.0,90.0
16.0,800,0.004,0.1,False,0.584791058200488,58.40080931108395
16.0,800,0.005,0.001,False,37.54429892231522,85.91097578076483
16.0,800,0.005,0.01,False,37.54429892231522,85.91097578076483
16.0,800,0.005,0.0001,False,37.54429892231522,85.91097578076483
16.0,800,0.006,0.0001,False,1000.0,90.0
16.0,800,0.005,0.1,False,37.54429892231522,85.91097578076483
16.0,800,0.006,0.001,False,1000.0,90.0
16.0,800,0.004,0.1,True,1000.0,90.0
16.0,800,0.007,0.001,False,1000.0,90.0
16.0,800,0.006,0.1,False,1000.0,90.0
16.0,800,0.007,0.01,False,1000.0,90.0
16.0,800,0.006,0.01,False,1000.0,90.0
16.0,800,0.007,0.0001,False,1000.0,90.0
16.0,800,0.005,0.0001,True,1000.0,90.0
16.0,800,0.005,0.001,True,1000.0,90.0
16.0,800,0.005,0.1,True,1000.0,90.0
16.0,800,0.008,0.001,False,1000.0,90.0
16.0,800,0.006,0.001,True,1000.0,90.0
16.0,800,0.005,0.01,True,1000.0,90.0
16.0,800,0.007,0.1,False,1000.0,90.0
16.0,800,0.006,0.0001,True,1000.0,90.0
16.0,800,0.008,0.0001,False,1000.0,90.0
16.0,800,0.008,0.0001,True,1000.0,90.0
16.0,800,0.007,0.0001,True,1000.0,90.0
16.0,800,0.006,0.01,True,1000.0,90.0
16.0,800,0.008,0.1,False,1000.0,90.0
16.0,800,0.008,0.01,False,1000.0,90.0
16.0,800,0.006,0.1,True,1000.0,90.0
16.0,800,0.007,0.001,True,1000.0,90.0
16.0,800,0.007,0.01,True,1000.0,90.0
16.0,800,0.009000000000000001,0.0001,False,1000.0,90.0
16.0,800,0.008,0.001,True,1000.0,90.0
16.0,800,0.007,0.1,True,1000.0,90.0
16.0,800,0.008,0.01,True,1000.0,90.0
16.0,800,0.009000000000000001,0.001,False,1000.0,90.0
16.0,800,0.009000000000000001,0.01,False,1000.0,90.0
16.0,800,0.009000000000000001,0.1,False,1000.0,90.0
16.0,800,0.01,0.0001,False,1000.0,90.0
16.0,800,0.008,0.1,True,1000.0,90.0
16.0,800,0.02,0.0001,False,1000.0,90.0
16.0,800,0.01,0.01,False,1000.0,90.0
16.0,800,0.02,0.001,False,1000.0,90.0
16.0,800,0.01,0.1,False,1000.0,90.0
16.0,800,0.01,0.001,False,1000.0,90.0
16.0,800,0.009000000000000001,0.0001,True,1000.0,90.0
16.0,800,0.02,0.1,False,1000.0,90.0
16.0,800,0.02,0.01,False,1000.0,90.0
16.0,800,0.01,0.0001,False,1000.0,90.0
16.0,800,0.01,0.001,False,1000.0,90.0
16.0,800,0.02,0.0001,True,1000.0,90.0
16.0,800,0.03,0.0001,False,1000.0,90.0
16.0,800,0.01,0.1,False,1000.0,90.0
16.0,800,0.03,0.001,False,1000.0,90.0
16.0,800,0.009000000000000001,0.001,True,1000.0,90.0
16.0,800,0.009000000000000001,0.01,True,1000.0,90.0
16.0,800,0.03,0.01,False,1000.0,90.0
16.0,800,0.03,0.1,False,1000.0,90.0
16.0,800,0.02,0.001,True,1000.0,90.0
16.0,800,0.01,0.0001,True,1000.0,90.0
16.0,800,0.009000000000000001,0.1,True,1000.0,90.0
16.0,800,0.01,0.01,False,1000.0,90.0
16.0,800,0.01,0.01,True,1000.0,90.0
16.0,800,0.04,0.0001,False,1000.0,90.0
16.0,800,0.01,0.0001,True,1000.0,90.0
16.0,800,0.04,0.001,False,1000.0,90.0
16.0,800,0.03,0.0001,True,1000.0,90.0
16.0,800,0.04,0.01,False,1000.0,90.0
16.0,800,0.01,0.001,True,1000.0,90.0
16.0,800,0.04,0.1,False,1000.0,90.0
16.0,800,0.02,0.01,True,1000.0,90.0
16.0,800,0.03,0.001,True,1000.0,90.0
16.0,800,0.05,0.0001,False,1000.0,90.0
16.0,800,0.02,0.1,True,1000.0,90.0
16.0,800,0.01,0.1,True,1000.0,90.0
16.0,800,0.05,0.001,False,1000.0,90.0
16.0,800,0.03,0.01,True,1000.0,90.0
16.0,800,0.06,0.0001,False,1000.0,90.0
16.0,800,0.05,0.1,False,1000.0,90.0
16.0,800,0.04,0.001,True,1000.0,90.0
16.0,800,0.05,0.01,False,1000.0,90.0
16.0,800,0.03,0.1,True,1000.0,90.0
16.0,800,0.04,0.0001,True,1000.0,90.0
16.0,800,0.04,0.01,True,1000.0,90.0
16.0,800,0.01,0.01,True,1000.0,90.0
16.0,800,0.06,0.01,False,1000.0,90.0
16.0,800,0.06,0.001,False,1000.0,90.0
16.0,800,0.04,0.1,True,1000.0,90.0
16.0,800,0.07,0.0001,False,1000.0,90.0
16.0,800,0.06,0.1,False,1000.0,90.0
16.0,800,0.05,0.0001,True,1000.0,90.0
16.0,800,0.05,0.001,True,1000.0,90.0
16.0,800,0.01,0.001,True,1000.0,90.0
16.0,800,0.07,0.001,False,1000.0,90.0
16.0,800,0.07,0.01,False,1000.0,90.0
16.0,800,0.05,0.01,True,1000.0,90.0
16.0,800,0.07,0.1,False,1000.0,90.0
16.0,800,0.08,0.0001,False,1000.0,90.0
16.0,800,0.06,0.0001,True,1000.0,90.0
16.0,800,0.08,0.001,False,1000.0,90.0
16.0,800,0.05,0.1,True,1000.0,90.0
16.0,800,0.06,0.1,True,1000.0,90.0
16.0,800,0.01,0.1,True,1000.0,90.0
16.0,800,0.07,0.0001,True,1000.0,90.0
16.0,800,0.06,0.001,True,1000.0,90.0
16.0,800,0.08,0.01,False,1000.0,90.0
16.0,800,0.08,0.1,False,1000.0,90.0
16.0,800,0.09,0.0001,False,1000.0,90.0
16.0,800,0.09,0.1,False,1000.0,90.0
16.0,800,0.07,0.001,True,1000.0,90.0
16.0,800,0.09,0.001,False,1000.0,90.0
16.0,800,0.06,0.01,True,1000.0,90.0
16.0,800,0.07,0.01,True,1000.0,90.0
16.0,800,0.09,0.01,False,1000.0,90.0
16.0,800,0.1,0.001,False,1000.0,90.0
16.0,800,0.08,0.0001,True,1000.0,90.0
16.0,800,0.08,0.001,True,1000.0,90.0
16.0,800,0.07,0.1,True,1000.0,90.0
16.0,800,0.1,0.0001,False,1000.0,90.0
16.0,800,0.08,0.01,True,1000.0,90.0
16.0,800,0.08,0.1,True,1000.0,90.0
16.0,800,0.1,0.01,False,1000.0,90.0
16.0,800,0.1,0.001,False,1000.0,90.0
16.0,800,0.1,0.0001,False,1000.0,90.0
16.0,800,0.1,0.1,False,1000.0,90.0
16.0,800,0.09,0.01,True,1000.0,90.0
16.0,800,0.09,0.1,True,1000.0,90.0
16.0,800,0.1,0.1,False,1000.0,90.0
16.0,800,0.09,0.0001,True,1000.0,90.0
16.0,800,0.09,0.001,True,1000.0,90.0
16.0,800,0.1,0.01,False,1000.0,90.0
16.0,800,0.1,0.001,True,1000.0,90.0
16.0,800,0.2,0.0001,False,1000.0,90.0
16.0,800,0.1,0.0001,True,1000.0,90.0
16.0,800,0.2,0.001,False,1000.0,90.0
16.0,800,0.2,0.1,False,1000.0,90.0
16.0,800,0.1,0.0001,True,1000.0,90.0
16.0,800,0.1,0.001,True,1000.0,90.0
16.0,800,0.1,0.01,True,1000.0,90.0
16.0,800,0.1,0.1,True,1000.0,90.0
16.0,800,0.30000000000000004,0.0001,False,1000.0,90.0
16.0,800,0.2,0.01,False,1000.0,90.0
16.0,800,0.30000000000000004,0.001,False,1000.0,90.0
16.0,800,0.30000000000000004,0.01,False,1000.0,90.0
16.0,800,0.30000000000000004,0.1,False,1000.0,90.0
16.0,800,0.1,0.01,True,1000.0,90.0
16.0,800,0.4,0.0001,False,1000.0,90.0
16.0,800,0.2,0.0001,True,1000.0,90.0
16.0,800,0.4,0.01,False,1000.0,90.0
16.0,800,0.1,0.1,True,1000.0,90.0
16.0,800,0.4,0.001,False,1000.0,90.0
16.0,800,0.2,0.01,True,1000.0,90.0
16.0,800,0.2,0.1,True,1000.0,90.0
16.0,800,0.2,0.001,True,1000.0,90.0
16.0,800,0.30000000000000004,0.001,True,1000.0,90.0
16.0,800,0.30000000000000004,0.0001,True,1000.0,90.0
16.0,800,0.4,0.1,False,1000.0,90.0
16.0,800,0.4,0.0001,True,1000.0,90.0
16.0,800,0.4,0.001,True,1000.0,90.0
16.0,800,0.30000000000000004,0.1,True,1000.0,90.0
16.0,800,0.30000000000000004,0.01,True,1000.0,90.0
16.0,800,0.4,0.01,True,1000.0,90.0
16.0,800,0.4,0.1,True,1000.0,90.0
16.0,1000,0.001,0.001,False,0.5955828024127344,89.98557663414731
16.0,1000,0.001,0.0001,False,0.5955828024127344,89.98557663414731
16.0,1000,0.002,0.0001,False,0.5852528339760563,61.31913700194315
16.0,1000,0.001,0.01,False,0.5955828024127344,89.98557663414731
16.0,1000,0.001,0.1,False,0.5955828024127344,89.98557663414731
16.0,1000,0.002,0.001,False,0.5852528339760563,61.31913700194315
16.0,1000,0.002,0.01,False,0.5852528339760563,61.31913700194315
16.0,1000,0.003,0.001,False,0.5851498544740773,89.98076884552975
16.0,1000,0.003,0.01,False,0.5851498544740773,89.98076884552975
16.0,1000,0.003,0.0001,False,0.5851498544740773,89.98076884552975
16.0,1000,0.002,0.1,False,0.5852528339760563,61.31913700194315
16.0,1000,0.003,0.1,False,0.5851498544740773,89.98076884552975
16.0,1000,0.004,0.001,False,86.37493586796181,90.0
16.0,1000,0.004,0.01,False,86.37493586796181,90.0
16.0,1000,0.004,0.0001,False,86.37493586796181,90.0
16.0,1000,0.001,0.0001,True,0.6028548526282624,14.796570444119467
16.0,1000,0.001,0.001,True,0.6028548526282624,14.796570444119467
16.0,1000,0.002,0.0001,True,0.5925405223278349,51.60500010016226
16.0,1000,0.002,0.1,True,0.5925405223278349,51.60500010016226
16.0,1000,0.001,0.01,True,0.6028548526282624,14.796570444119467
16.0,1000,0.001,0.1,True,0.6028548526282624,14.796570444119467
16.0,1000,0.002,0.01,True,0.5925405223278349,51.60500010016226
16.0,1000,0.003,0.0001,True,219.44103626502599,90.0
16.0,1000,0.002,0.001,True,0.5925405223278349,51.60500010016226
16.0,1000,0.003,0.01,True,219.44103626502599,90.0
16.0,1000,0.004,0.0001,True,1000.0,90.0
16.0,1000,0.004,0.1,False,86.37493586796181,90.0
16.0,1000,0.003,0.1,True,219.44103626502599,90.0
16.0,1000,0.005,0.0001,False,1000.0,90.0
16.0,1000,0.003,0.001,True,219.44103626502599,90.0
16.0,1000,0.005,0.01,False,1000.0,90.0
16.0,1000,0.004,0.001,True,1000.0,90.0
16.0,1000,0.004,0.01,True,1000.0,90.0
16.0,1000,0.005,0.001,False,1000.0,90.0
16.0,1000,0.005,0.1,False,1000.0,90.0
16.0,1000,0.006,0.001,False,1000.0,90.0
16.0,1000,0.006,0.0001,False,1000.0,90.0
16.0,1000,0.007,0.0001,False,1000.0,90.0
16.0,1000,0.006,0.01,False,1000.0,90.0
16.0,1000,0.004,0.1,True,1000.0,90.0
16.0,1000,0.006,0.1,False,1000.0,90.0
16.0,1000,0.005,0.0001,True,1000.0,90.0
16.0,1000,0.005,0.01,True,1000.0,90.0
16.0,1000,0.007,0.01,False,1000.0,90.0
16.0,1000,0.007,0.001,False,1000.0,90.0
16.0,1000,0.005,0.1,True,1000.0,90.0
16.0,1000,0.006,0.0001,True,1000.0,90.0
16.0,1000,0.007,0.1,False,1000.0,90.0
16.0,1000,0.005,0.001,True,1000.0,90.0
16.0,1000,0.008,0.0001,False,1000.0,90.0
16.0,1000,0.008,0.001,False,1000.0,90.0
16.0,1000,0.008,0.01,False,1000.0,90.0
16.0,1000,0.006,0.01,True,1000.0,90.0
16.0,1000,0.006,0.001,True,1000.0,90.0
16.0,1000,0.008,0.1,False,1000.0,90.0
16.0,1000,0.009000000000000001,0.0001,False,1000.0,90.0
16.0,1000,0.006,0.1,True,1000.0,90.0
16.0,1000,0.007,0.0001,True,1000.0,90.0
16.0,1000,0.009000000000000001,0.001,False,1000.0,90.0
16.0,1000,0.007,0.001,True,1000.0,90.0
16.0,1000,0.008,0.0001,True,1000.0,90.0
16.0,1000,0.009000000000000001,0.01,False,1000.0,90.0
16.0,1000,0.01,0.0001,False,1000.0,90.0
16.0,1000,0.007,0.01,True,1000.0,90.0
16.0,1000,0.007,0.1,True,1000.0,90.0
16.0,1000,0.008,0.001,True,1000.0,90.0
16.0,1000,0.01,0.001,False,1000.0,90.0
16.0,1000,0.009000000000000001,0.1,False,1000.0,90.0
16.0,1000,0.009000000000000001,0.0001,True,1000.0,90.0
16.0,1000,0.008,0.01,True,1000.0,90.0
16.0,1000,0.01,0.01,False,1000.0,90.0
16.0,1000,0.008,0.1,True,1000.0,90.0
16.0,1000,0.009000000000000001,0.001,True,1000.0,90.0
16.0,1000,0.01,0.0001,False,1000.0,90.0
16.0,1000,0.01,0.1,False,1000.0,90.0
16.0,1000,0.01,0.001,False,1000.0,90.0
16.0,1000,0.02,0.001,False,1000.0,90.0
16.0,1000,0.03,0.0001,False,1000.0,90.0
16.0,1000,0.02,0.01,False,1000.0,90.0
16.0,1000,0.02,0.0001,False,1000.0,90.0
16.0,1000,0.009000000000000001,0.01,True,1000.0,90.0
16.0,1000,0.02,0.1,False,1000.0,90.0
16.0,1000,0.009000000000000001,0.1,True,1000.0,90.0
16.0,1000,0.01,0.01,False,1000.0,90.0
16.0,1000,0.03,0.001,False,1000.0,90.0
16.0,1000,0.03,0.01,False,1000.0,90.0
16.0,1000,0.03,0.1,False,1000.0,90.0
16.0,1000,0.01,0.1,False,1000.0,90.0
16.0,1000,0.01,0.0001,True,1000.0,90.0
16.0,1000,0.04,0.0001,False,1000.0,90.0
16.0,1000,0.01,0.01,True,1000.0,90.0
16.0,1000,0.01,0.001,True,1000.0,90.0
16.0,1000,0.05,0.0001,False,1000.0,90.0
16.0,1000,0.04,0.01,False,1000.0,90.0
16.0,1000,0.04,0.001,False,1000.0,90.0
16.0,1000,0.01,0.1,True,1000.0,90.0
16.0,1000,0.01,0.001,True,1000.0,90.0
16.0,1000,0.04,0.1,False,1000.0,90.0
16.0,1000,0.03,0.0001,True,1000.0,90.0
16.0,1000,0.01,0.0001,True,1000.0,90.0
16.0,1000,0.05,0.001,False,1000.0,90.0
16.0,1000,0.04,0.0001,True,1000.0,90.0
16.0,1000,0.01,0.01,True,1000.0,90.0
16.0,1000,0.02,0.001,True,1000.0,90.0
16.0,1000,0.02,0.0001,True,1000.0,90.0
16.0,1000,0.05,0.01,False,1000.0,90.0
16.0,1000,0.03,0.01,True,1000.0,90.0
16.0,1000,0.03,0.001,True,1000.0,90.0
16.0,1000,0.05,0.1,False,1000.0,90.0
16.0,1000,0.06,0.0001,False,1000.0,90.0
16.0,1000,0.04,0.001,True,1000.0,90.0
16.0,1000,0.01,0.1,True,1000.0,90.0
16.0,1000,0.05,0.0001,True,1000.0,90.0
16.0,1000,0.04,0.1,True,1000.0,90.0
16.0,1000,0.03,0.1,True,1000.0,90.0
16.0,1000,0.06,0.001,False,1000.0,90.0
16.0,1000,0.04,0.01,True,1000.0,90.0
16.0,1000,0.05,0.001,True,1000.0,90.0
16.0,1000,0.02,0.1,True,1000.0,90.0
16.0,1000,0.06,0.01,False,1000.0,90.0
16.0,1000,0.02,0.01,True,1000.0,90.0
16.0,1000,0.07,0.001,False,1000.0,90.0
16.0,1000,0.06,0.1,False,1000.0,90.0
16.0,1000,0.07,0.0001,False,1000.0,90.0
16.0,1000,0.07,0.01,False,1000.0,90.0
16.0,1000,0.05,0.01,True,1000.0,90.0
16.0,1000,0.05,0.1,True,1000.0,90.0
16.0,1000,0.08,0.01,False,1000.0,90.0
16.0,1000,0.07,0.1,False,1000.0,90.0
16.0,1000,0.06,0.0001,True,1000.0,90.0
16.0,1000,0.08,0.001,False,1000.0,90.0
16.0,1000,0.08,0.0001,False,1000.0,90.0
16.0,1000,0.08,0.1,False,1000.0,90.0
16.0,1000,0.06,0.01,True,1000.0,90.0
16.0,1000,0.06,0.001,True,1000.0,90.0
16.0,1000,0.09,0.001,False,1000.0,90.0
16.0,1000,0.09,0.0001,False,1000.0,90.0
16.0,1000,0.06,0.1,True,1000.0,90.0
16.0,1000,0.07,0.0001,True,1000.0,90.0
16.0,1000,0.09,0.01,False,1000.0,90.0
16.0,1000,0.07,0.1,True,1000.0,90.0
16.0,1000,0.07,0.01,True,1000.0,90.0
16.0,1000,0.09,0.1,False,1000.0,90.0
16.0,1000,0.1,0.0001,False,1000.0,90.0
16.0,1000,0.08,0.0001,True,1000.0,90.0
16.0,1000,0.08,0.01,True,1000.0,90.0
16.0,1000,0.07,0.001,True,1000.0,90.0
16.0,1000,0.1,0.001,False,1000.0,90.0
16.0,1000,0.08,0.1,True,1000.0,90.0
16.0,1000,0.1,0.01,False,1000.0,90.0
16.0,1000,0.08,0.001,True,1000.0,90.0
16.0,1000,0.09,0.0001,True,1000.0,90.0
16.0,1000,0.1,0.1,False,1000.0,90.0
16.0,1000,0.1,0.0001,False,1000.0,90.0
16.0,1000,0.1,0.001,False,1000.0,90.0
16.0,1000,0.1,0.01,False,1000.0,90.0
16.0,1000,0.09,0.001,True,1000.0,90.0
16.0,1000,0.09,0.01,True,1000.0,90.0
16.0,1000,0.1,0.1,False,1000.0,90.0
16.0,1000,0.1,0.0001,True,1000.0,90.0
16.0,1000,0.30000000000000004,0.0001,False,1000.0,90.0
16.0,1000,0.09,0.1,True,1000.0,90.0
16.0,1000,0.2,0.001,False,1000.0,90.0
16.0,1000,0.2,0.01,False,1000.0,90.0
16.0,1000,0.2,0.1,False,1000.0,90.0
16.0,1000,0.2,0.0001,False,1000.0,90.0
16.0,1000,0.1,0.1,True,1000.0,90.0
16.0,1000,0.1,0.01,True,1000.0,90.0
16.0,1000,0.30000000000000004,0.001,False,1000.0,90.0
16.0,1000,0.1,0.001,True,1000.0,90.0
16.0,1000,0.1,0.0001,True,1000.0,90.0
16.0,1000,0.1,0.001,True,1000.0,90.0
16.0,1000,0.2,0.0001,True,1000.0,90.0
16.0,1000,0.4,0.0001,False,1000.0,90.0
16.0,1000,0.30000000000000004,0.1,False,1000.0,90.0
16.0,1000,0.2,0.01,True,1000.0,90.0
16.0,1000,0.30000000000000004,0.01,False,1000.0,90.0
16.0,1000,0.1,0.1,True,1000.0,90.0
16.0,1000,0.1,0.01,True,1000.0,90.0
16.0,1000,0.4,0.001,False,1000.0,90.0
16.0,1000,0.2,0.1,True,1000.0,90.0
16.0,1000,0.30000000000000004,0.0001,True,1000.0,90.0
16.0,1000,0.4,0.01,False,1000.0,90.0
16.0,1000,0.2,0.001,True,1000.0,90.0
16.0,1000,0.4,0.1,False,1000.0,90.0
16.0,1000,0.4,0.0001,True,1000.0,90.0
16.0,1000,0.30000000000000004,0.001,True,1000.0,90.0
16.0,1000,0.30000000000000004,0.1,True,1000.0,90.0
16.0,1000,0.4,0.01,True,1000.0,90.0
16.0,1000,0.30000000000000004,0.01,True,1000.0,90.0
16.0,1000,0.4,0.001,True,1000.0,90.0
16.0,1000,0.4,0.1,True,1000.0,90.0
16.0,1500,0.001,0.001,False,0.6009063097352143,13.10903663935575
16.0,1500,0.001,0.01,False,0.6009063097352143,13.10903663935575
16.0,1500,0.001,0.0001,False,0.6009063097352143,13.10903663935575
16.0,1500,0.001,0.1,False,0.6009063097352143,13.10903663935575
16.0,1500,0.002,0.0001,False,0.5887077374546831,9.012800737194254
16.0,1500,0.002,0.001,False,0.5887077374546831,9.012800737194254
16.0,1500,0.002,0.1,False,0.5887077374546831,9.012800737194254
16.0,1500,0.002,0.01,False,0.5887077374546831,9.012800737194254
16.0,1500,0.004,0.0001,False,1000.0,90.0
16.0,1500,0.003,0.01,False,0.5852703672463857,89.99038442276488
16.0,1500,0.003,0.001,False,0.5852703672463857,89.99038442276488
16.0,1500,0.003,0.0001,False,0.5852703672463857,89.99038442276488
16.0,1500,0.004,0.001,False,1000.0,90.0
16.0,1500,0.003,0.1,False,0.5852703672463857,89.99038442276488
16.0,1500,0.004,0.01,False,1000.0,90.0
16.0,1500,0.001,0.001,True,0.6040879720484904,15.421582964402326
16.0,1500,0.005,0.0001,False,1000.0,90.0
16.0,1500,0.001,0.1,True,0.6040879720484904,15.421582964402326
16.0,1500,0.001,0.0001,True,0.6040879720484904,15.421582964402326
16.0,1500,0.001,0.01,True,0.6040879720484904,15.421582964402326
16.0,1500,0.004,0.1,False,1000.0,90.0
16.0,1500,0.002,0.001,True,0.5949669622346411,51.02566157174623
16.0,1500,0.005,0.001,False,1000.0,90.0
16.0,1500,0.002,0.01,True,0.5949669622346411,51.02566157174623
16.0,1500,0.002,0.0001,True,0.5949669622346411,51.02566157174623
16.0,1500,0.002,0.1,True,0.5949669622346411,51.02566157174623
16.0,1500,0.003,0.001,True,1000.0,90.0
16.0,1500,0.005,0.1,False,1000.0,90.0
16.0,1500,0.003,0.0001,True,1000.0,90.0
16.0,1500,0.005,0.01,False,1000.0,90.0
16.0,1500,0.004,0.001,True,1000.0,90.0
16.0,1500,0.003,0.1,True,1000.0,90.0
16.0,1500,0.004,0.0001,True,1000.0,90.0
16.0,1500,0.003,0.01,True,1000.0,90.0
16.0,1500,0.006,0.0001,False,1000.0,90.0
16.0,1500,0.006,0.001,False,1000.0,90.0
16.0,1500,0.004,0.01,True,1000.0,90.0
16.0,1500,0.006,0.01,False,1000.0,90.0
16.0,1500,0.004,0.1,True,1000.0,90.0
16.0,1500,0.007,0.0001,False,1000.0,90.0
16.0,1500,0.006,0.1,False,1000.0,90.0
16.0,1500,0.005,0.0001,True,1000.0,90.0
16.0,1500,0.007,0.001,False,1000.0,90.0
16.0,1500,0.005,0.001,True,1000.0,90.0
16.0,1500,0.009000000000000001,0.0001,False,1000.0,90.0
16.0,1500,0.008,0.001,False,1000.0,90.0
16.0,1500,0.008,0.0001,False,1000.0,90.0
16.0,1500,0.007,0.01,False,1000.0,90.0
16.0,1500,0.007,0.1,False,1000.0,90.0
16.0,1500,0.005,0.01,True,1000.0,90.0
16.0,1500,0.005,0.1,True,1000.0,90.0
16.0,1500,0.008,0.1,False,1000.0,90.0
16.0,1500,0.006,0.0001,True,1000.0,90.0
16.0,1500,0.008,0.01,False,1000.0,90.0
16.0,1500,0.006,0.001,True,1000.0,90.0
16.0,1500,0.006,0.01,True,1000.0,90.0
16.0,1500,0.009000000000000001,0.001,False,1000.0,90.0
16.0,1500,0.009000000000000001,0.01,False,1000.0,90.0
16.0,1500,0.008,0.0001,True,1000.0,90.0
16.0,1500,0.009000000000000001,0.1,False,1000.0,90.0
16.0,1500,0.01,0.01,False,1000.0,90.0
16.0,1500,0.01,0.0001,False,1000.0,90.0
16.0,1500,0.01,0.001,False,1000.0,90.0
16.0,1500,0.008,0.01,True,1000.0,90.0
16.0,1500,0.008,0.001,True,1000.0,90.0
16.0,1500,0.008,0.1,True,1000.0,90.0
16.0,1500,0.007,0.001,True,1000.0,90.0
16.0,1500,0.007,0.0001,True,1000.0,90.0
16.0,1500,0.01,0.0001,False,1000.0,90.0
16.0,1500,0.01,0.1,False,1000.0,90.0
16.0,1500,0.007,0.01,True,1000.0,90.0
16.0,1500,0.01,0.001,False,1000.0,90.0
16.0,1500,0.006,0.1,True,1000.0,90.0
16.0,1500,0.007,0.1,True,1000.0,90.0
16.0,1500,0.01,0.01,False,1000.0,90.0
16.0,1500,0.009000000000000001,0.001,True,1000.0,90.0
16.0,1500,0.009000000000000001,0.0001,True,1000.0,90.0
16.0,1500,0.02,0.0001,False,1000.0,90.0
16.0,1500,0.02,0.01,False,1000.0,90.0
16.0,1500,0.02,0.1,False,1000.0,90.0
16.0,1500,0.02,0.001,False,1000.0,90.0
16.0,1500,0.01,0.1,False,1000.0,90.0
16.0,1500,0.03,0.0001,False,1000.0,90.0
16.0,1500,0.03,0.1,False,1000.0,90.0
16.0,1500,0.03,0.001,False,1000.0,90.0
16.0,1500,0.04,0.0001,False,1000.0,90.0
16.0,1500,0.03,0.01,False,1000.0,90.0
16.0,1500,0.04,0.01,False,1000.0,90.0
16.0,1500,0.009000000000000001,0.1,True,1000.0,90.0
16.0,1500,0.04,0.001,False,1000.0,90.0
16.0,1500,0.01,0.001,True,1000.0,90.0
16.0,1500,0.04,0.1,False,1000.0,90.0
16.0,1500,0.01,0.01,True,1000.0,90.0
16.0,1500,0.01,0.0001,True,1000.0,90.0
16.0,1500,0.009000000000000001,0.01,True,1000.0,90.0
16.0,1500,0.05,0.0001,False,1000.0,90.0
16.0,1500,0.01,0.0001,True,1000.0,90.0
16.0,1500,0.02,0.0001,True,1000.0,90.0
16.0,1500,0.02,0.001,True,1000.0,90.0
16.0,1500,0.01,0.1,True,1000.0,90.0
16.0,1500,0.01,0.001,True,1000.0,90.0
16.0,1500,0.05,0.001,False,1000.0,90.0
16.0,1500,0.03,0.01,True,1000.0,90.0
16.0,1500,0.02,0.01,True,1000.0,90.0
16.0,1500,0.04,0.001,True,1000.0,90.0
16.0,1500,0.02,0.1,True,1000.0,90.0
16.0,1500,0.04,0.0001,True,1000.0,90.0
16.0,1500,0.03,0.0001,True,1000.0,90.0
16.0,1500,0.03,0.1,True,1000.0,90.0
16.0,1500,0.05,0.1,False,1000.0,90.0
16.0,1500,0.03,0.001,True,1000.0,90.0
16.0,1500,0.05,0.01,False,1000.0,90.0
16.0,1500,0.01,0.01,True,1000.0,90.0
16.0,1500,0.06,0.0001,False,1000.0,90.0
16.0,1500,0.04,0.01,True,1000.0,90.0
16.0,1500,0.05,0.0001,True,1000.0,90.0
16.0,1500,0.06,0.001,False,1000.0,90.0
16.0,1500,0.06,0.01,False,1000.0,90.0
16.0,1500,0.04,0.1,True,1000.0,90.0
16.0,1500,0.08,0.0001,False,1000.0,90.0
16.0,1500,0.05,0.001,True,1000.0,90.0
16.0,1500,0.01,0.1,True,1000.0,90.0
16.0,1500,0.06,0.1,False,1000.0,90.0
16.0,1500,0.07,0.0001,False,1000.0,90.0
16.0,1500,0.07,0.001,False,1000.0,90.0
16.0,1500,0.05,0.01,True,1000.0,90.0
16.0,1500,0.07,0.01,False,1000.0,90.0
16.0,1500,0.07,0.1,False,1000.0,90.0
16.0,1500,0.08,0.001,False,1000.0,90.0
16.0,1500,0.06,0.001,True,1000.0,90.0
16.0,1500,0.08,0.1,False,1000.0,90.0
16.0,1500,0.06,0.0001,True,1000.0,90.0
16.0,1500,0.08,0.01,False,1000.0,90.0
16.0,1500,0.06,0.1,True,1000.0,90.0
16.0,1500,0.09,0.0001,False,1000.0,90.0
16.0,1500,0.07,0.01,True,1000.0,90.0
16.0,1500,0.09,0.01,False,1000.0,90.0
16.0,1500,0.09,0.001,False,1000.0,90.0
16.0,1500,0.05,0.1,True,1000.0,90.0
16.0,1500,0.06,0.01,True,1000.0,90.0
16.0,1500,0.09,0.1,False,1000.0,90.0
16.0,1500,0.1,0.001,False,1000.0,90.0
16.0,1500,0.1,0.0001,False,1000.0,90.0
16.0,1500,0.07,0.001,True,1000.0,90.0
16.0,1500,0.1,0.01,False,1000.0,90.0
16.0,1500,0.07,0.1,True,1000.0,90.0
16.0,1500,0.08,0.0001,True,1000.0,90.0
16.0,1500,0.1,0.1,False,1000.0,90.0
16.0,1500,0.07,0.0001,True,1000.0,90.0
16.0,1500,0.1,0.1,False,1000.0,90.0
16.0,1500,0.1,0.0001,False,1000.0,90.0
16.0,1500,0.08,0.001,True,1000.0,90.0
16.0,1500,0.09,0.0001,True,1000.0,90.0
16.0,1500,0.08,0.01,True,1000.0,90.0
16.0,1500,0.1,0.001,False,1000.0,90.0
16.0,1500,0.09,0.001,True,1000.0,90.0
16.0,1500,0.2,0.0001,False,1000.0,90.0
16.0,1500,0.1,0.01,False,1000.0,90.0
16.0,1500,0.2,0.001,False,1000.0,90.0
16.0,1500,0.08,0.1,True,1000.0,90.0
16.0,1500,0.1,0.0001,True,1000.0,90.0
16.0,1500,0.09,0.01,True,1000.0,90.0
16.0,1500,0.09,0.1,True,1000.0,90.0
16.0,1500,0.2,0.01,False,1000.0,90.0
16.0,1500,0.2,0.1,False,1000.0,90.0
16.0,1500,0.1,0.001,True,1000.0,90.0
16.0,1500,0.1,0.01,True,1000.0,90.0
16.0,1500,0.30000000000000004,0.0001,False,1000.0,90.0
16.0,1500,0.30000000000000004,0.001,False,1000.0,90.0
16.0,1500,0.1,0.1,True,1000.0,90.0
16.0,1500,0.1,0.001,True,1000.0,90.0
16.0,1500,0.30000000000000004,0.01,False,1000.0,90.0
16.0,1500,0.4,0.001,False,1000.0,90.0
16.0,1500,0.1,0.0001,True,1000.0,90.0
16.0,1500,0.4,0.0001,False,1000.0,90.0
16.0,1500,0.2,0.001,True,1000.0,90.0
16.0,1500,0.30000000000000004,0.1,False,1000.0,90.0
16.0,1500,0.2,0.0001,True,1000.0,90.0
16.0,1500,0.2,0.01,True,1000.0,90.0
16.0,1500,0.1,0.1,True,1000.0,90.0
16.0,1500,0.4,0.01,False,1000.0,90.0
16.0,1500,0.4,0.1,False,1000.0,90.0
16.0,1500,0.2,0.1,True,1000.0,90.0
16.0,1500,0.1,0.01,True,1000.0,90.0
16.0,1500,0.30000000000000004,0.0001,True,1000.0,90.0
16.0,1500,0.30000000000000004,0.01,True,1000.0,90.0
16.0,1500,0.30000000000000004,0.001,True,1000.0,90.0
16.0,1500,0.30000000000000004,0.1,True,1000.0,90.0
16.0,1500,0.4,0.0001,True,1000.0,90.0
16.0,1500,0.4,0.01,True,1000.0,90.0
16.0,1500,0.4,0.001,True,1000.0,90.0
16.0,1500,0.4,0.1,True,1000.0,90.0
16.0,2000,0.001,0.0001,False,0.6051989592015337,16.015344858671043
16.0,2000,0.001,0.001,False,0.6051989592015337,16.015344858671043
16.0,2000,0.001,0.01,False,0.6051989592015337,16.015344858671043
16.0,2000,0.001,0.1,False,0.6051989592015337,16.015344858671043
16.0,2000,0.002,0.001,False,0.5971551921058051,11.327750956549608
16.0,2000,0.002,0.0001,False,0.5971551921058051,11.327750956549608
16.0,2000,0.002,0.01,False,0.5971551921058051,11.327750956549608
16.0,2000,0.002,0.1,False,0.5971551921058051,11.327750956549608
16.0,2000,0.003,0.001,False,1000.0,90.0
16.0,2000,0.003,0.0001,False,1000.0,90.0
16.0,2000,0.003,0.01,False,1000.0,90.0
16.0,2000,0.003,0.1,False,1000.0,90.0
16.0,2000,0.004,0.0001,False,1000.0,90.0
16.0,2000,0.004,0.001,False,1000.0,90.0
16.0,2000,0.004,0.01,False,1000.0,90.0
16.0,2000,0.004,0.1,False,1000.0,90.0
16.0,2000,0.005,0.0001,False,1000.0,90.0
16.0,2000,0.005,0.001,False,1000.0,90.0
16.0,2000,0.001,0.01,True,0.6051989592015292,16.015344858671043
16.0,2000,0.001,0.001,True,0.6051989592015292,16.015344858671043
16.0,2000,0.005,0.1,False,1000.0,90.0
16.0,2000,0.005,0.01,False,1000.0,90.0
16.0,2000,0.001,0.0001,True,0.6051989592015292,16.015344858671043
16.0,2000,0.006,0.0001,False,1000.0,90.0
16.0,2000,0.001,0.1,True,0.6051989592015292,16.015344858671043
16.0,2000,0.002,0.0001,True,0.5971551921058051,11.327750956549608
16.0,2000,0.002,0.001,True,0.5971551921058051,11.327750956549608
16.0,2000,0.002,0.1,True,0.5971551921058051,11.327750956549608
16.0,2000,0.002,0.01,True,0.5971551921058051,11.327750956549608
16.0,2000,0.006,0.001,False,1000.0,90.0
16.0,2000,0.003,0.1,True,1000.0,90.0
16.0,2000,0.003,0.0001,True,1000.0,90.0
16.0,2000,0.003,0.01,True,1000.0,90.0
16.0,2000,0.003,0.001,True,1000.0,90.0
16.0,2000,0.004,0.0001,True,1000.0,90.0
16.0,2000,0.004,0.001,True,1000.0,90.0
16.0,2000,0.004,0.01,True,1000.0,90.0
16.0,2000,0.006,0.01,False,1000.0,90.0
16.0,2000,0.006,0.1,False,1000.0,90.0
16.0,2000,0.004,0.1,True,1000.0,90.0
16.0,2000,0.007,0.01,False,1000.0,90.0
16.0,2000,0.007,0.001,False,1000.0,90.0
16.0,2000,0.007,0.0001,False,1000.0,90.0
16.0,2000,0.005,0.01,True,1000.0,90.0
16.0,2000,0.005,0.001,True,1000.0,90.0
16.0,2000,0.005,0.0001,True,1000.0,90.0
16.0,2000,0.007,0.1,False,1000.0,90.0
16.0,2000,0.008,0.0001,False,1000.0,90.0
16.0,2000,0.005,0.1,True,1000.0,90.0
16.0,2000,0.008,0.001,False,1000.0,90.0
16.0,2000,0.006,0.001,True,1000.0,90.0
16.0,2000,0.008,0.1,False,1000.0,90.0
16.0,2000,0.008,0.01,False,1000.0,90.0
16.0,2000,0.009000000000000001,0.0001,False,1000.0,90.0
16.0,2000,0.006,0.0001,True,1000.0,90.0
16.0,2000,0.006,0.01,True,1000.0,90.0
16.0,2000,0.009000000000000001,0.001,False,1000.0,90.0
16.0,2000,0.009000000000000001,0.1,False,1000.0,90.0
16.0,2000,0.009000000000000001,0.01,False,1000.0,90.0
16.0,2000,0.01,0.0001,False,1000.0,90.0
16.0,2000,0.01,0.01,False,1000.0,90.0
16.0,2000,0.01,0.001,False,1000.0,90.0
16.0,2000,0.006,0.1,True,1000.0,90.0
16.0,2000,0.007,0.0001,True,1000.0,90.0
16.0,2000,0.007,0.001,True,1000.0,90.0
16.0,2000,0.01,0.1,False,1000.0,90.0
16.0,2000,0.01,0.001,False,1000.0,90.0
16.0,2000,0.007,0.1,True,1000.0,90.0
16.0,2000,0.008,0.01,True,1000.0,90.0
16.0,2000,0.01,0.0001,False,1000.0,90.0
16.0,2000,0.008,0.001,True,1000.0,90.0
16.0,2000,0.007,0.01,True,1000.0,90.0
16.0,2000,0.01,0.01,False,1000.0,90.0
16.0,2000,0.008,0.0001,True,1000.0,90.0
16.0,2000,0.008,0.1,True,1000.0,90.0
16.0,2000,0.009000000000000001,0.0001,True,1000.0,90.0
16.0,2000,0.02,0.0001,False,1000.0,90.0
16.0,2000,0.02,0.001,False,1000.0,90.0
16.0,2000,0.01,0.1,False,1000.0,90.0
16.0,2000,0.03,0.0001,False,1000.0,90.0
16.0,2000,0.03,0.001,False,1000.0,90.0
16.0,2000,0.009000000000000001,0.01,True,1000.0,90.0
16.0,2000,0.009000000000000001,0.001,True,1000.0,90.0
16.0,2000,0.02,0.01,False,1000.0,90.0
16.0,2000,0.02,0.1,False,1000.0,90.0
16.0,2000,0.03,0.1,False,1000.0,90.0
16.0,2000,0.03,0.01,False,1000.0,90.0
16.0,2000,0.01,0.001,True,1000.0,90.0
16.0,2000,0.04,0.0001,False,1000.0,90.0
16.0,2000,0.009000000000000001,0.1,True,1000.0,90.0
16.0,2000,0.01,0.0001,True,1000.0,90.0
16.0,2000,0.01,0.01,True,1000.0,90.0
16.0,2000,0.04,0.001,False,1000.0,90.0
16.0,2000,0.01,0.1,True,1000.0,90.0
16.0,2000,0.04,0.01,False,1000.0,90.0
16.0,2000,0.04,0.1,False,1000.0,90.0
16.0,2000,0.05,0.001,False,1000.0,90.0
16.0,2000,0.01,0.0001,True,1000.0,90.0
16.0,2000,0.05,0.0001,False,1000.0,90.0
16.0,2000,0.01,0.01,True,1000.0,90.0
16.0,2000,0.01,0.001,True,1000.0,90.0
16.0,2000,0.04,0.0001,True,1000.0,90.0
16.0,2000,0.03,0.0001,True,1000.0,90.0
16.0,2000,0.05,0.1,False,1000.0,90.0
16.0,2000,0.05,0.01,False,1000.0,90.0
16.0,2000,0.06,0.01,False,1000.0,90.0
16.0,2000,0.06,0.0001,False,1000.0,90.0
16.0,2000,0.03,0.01,True,1000.0,90.0
16.0,2000,0.03,0.001,True,1000.0,90.0
16.0,2000,0.04,0.001,True,1000.0,90.0
16.0,2000,0.03,0.1,True,1000.0,90.0
16.0,2000,0.06,0.1,False,1000.0,90.0
16.0,2000,0.06,0.001,False,1000.0,90.0
16.0,2000,0.02,0.0001,True,1000.0,90.0
16.0,2000,0.05,0.001,True,1000.0,90.0
16.0,2000,0.05,0.0001,True,1000.0,90.0
16.0,2000,0.07,0.0001,False,1000.0,90.0
16.0,2000,0.04,0.01,True,1000.0,90.0
16.0,2000,0.02,0.01,True,1000.0,90.0
16.0,2000,0.01,0.1,True,1000.0,90.0
16.0,2000,0.07,0.01,False,1000.0,90.0
16.0,2000,0.02,0.001,True,1000.0,90.0
16.0,2000,0.07,0.001,False,1000.0,90.0
16.0,2000,0.05,0.01,True,1000.0,90.0
16.0,2000,0.04,0.1,True,1000.0,90.0
16.0,2000,0.02,0.1,True,1000.0,90.0
16.0,2000,0.08,0.0001,False,1000.0,90.0
16.0,2000,0.07,0.1,False,1000.0,90.0
16.0,2000,0.05,0.1,True,1000.0,90.0
16.0,2000,0.06,0.0001,True,1000.0,90.0
16.0,2000,0.08,0.001,False,1000.0,90.0
16.0,2000,0.08,0.01,False,1000.0,90.0
16.0,2000,0.08,0.1,False,1000.0,90.0
16.0,2000,0.07,0.0001,True,1000.0,90.0
16.0,2000,0.09,0.001,False,1000.0,90.0
16.0,2000,0.06,0.01,True,1000.0,90.0
16.0,2000,0.06,0.001,True,1000.0,90.0
16.0,2000,0.09,0.0001,False,1000.0,90.0
16.0,2000,0.09,0.01,False,1000.0,90.0
16.0,2000,0.09,0.1,False,1000.0,90.0
16.0,2000,0.1,0.0001,False,1000.0,90.0
16.0,2000,0.06,0.1,True,1000.0,90.0
16.0,2000,0.07,0.01,True,1000.0,90.0
16.0,2000,0.1,0.001,False,1000.0,90.0
16.0,2000,0.07,0.001,True,1000.0,90.0
16.0,2000,0.07,0.1,True,1000.0,90.0
16.0,2000,0.1,0.01,False,1000.0,90.0
16.0,2000,0.1,0.1,False,1000.0,90.0
16.0,2000,0.1,0.0001,False,1000.0,90.0
16.0,2000,0.2,0.0001,False,1000.0,90.0
16.0,2000,0.08,0.001,True,1000.0,90.0
16.0,2000,0.08,0.0001,True,1000.0,90.0
16.0,2000,0.1,0.1,False,1000.0,90.0
16.0,2000,0.1,0.001,False,1000.0,90.0
16.0,2000,0.2,0.001,False,1000.0,90.0
16.0,2000,0.08,0.1,True,1000.0,90.0
16.0,2000,0.08,0.01,True,1000.0,90.0
16.0,2000,0.09,0.001,True,1000.0,90.0
16.0,2000,0.1,0.01,False,1000.0,90.0
16.0,2000,0.2,0.01,False,1000.0,90.0
16.0,2000,0.09,0.0001,True,1000.0,90.0
16.0,2000,0.1,0.001,True,1000.0,90.0
16.0,2000,0.1,0.0001,True,1000.0,90.0
16.0,2000,0.09,0.1,True,1000.0,90.0
16.0,2000,0.2,0.1,False,1000.0,90.0
16.0,2000,0.09,0.01,True,1000.0,90.0
16.0,2000,0.30000000000000004,0.0001,False,1000.0,90.0
16.0,2000,0.30000000000000004,0.001,False,1000.0,90.0
16.0,2000,0.30000000000000004,0.01,False,1000.0,90.0
16.0,2000,0.2,0.0001,True,1000.0,90.0
16.0,2000,0.30000000000000004,0.1,False,1000.0,90.0
16.0,2000,0.1,0.1,True,1000.0,90.0
16.0,2000,0.1,0.01,True,1000.0,90.0
16.0,2000,0.4,0.0001,False,1000.0,90.0
16.0,2000,0.1,0.001,True,1000.0,90.0
16.0,2000,0.4,0.001,False,1000.0,90.0
16.0,2000,0.1,0.0001,True,1000.0,90.0
16.0,2000,0.4,0.01,False,1000.0,90.0
16.0,2000,0.2,0.001,True,1000.0,90.0
16.0,2000,0.1,0.01,True,1000.0,90.0
16.0,2000,0.4,0.1,False,1000.0,90.0
16.0,2000,0.1,0.1,True,1000.0,90.0
16.0,2000,0.2,0.01,True,1000.0,90.0
16.0,2000,0.2,0.1,True,1000.0,90.0
16.0,2000,0.30000000000000004,0.0001,True,1000.0,90.0
16.0,2000,0.30000000000000004,0.001,True,1000.0,90.0
16.0,2000,0.30000000000000004,0.01,True,1000.0,90.0
16.0,2000,0.4,0.001,True,1000.0,90.0
16.0,2000,0.4,0.01,True,1000.0,90.0
16.0,2000,0.30000000000000004,0.1,True,1000.0,90.0
16.0,2000,0.4,0.0001,True,1000.0,90.0
16.0,2000,0.4,0.1,True,1000.0,90.0
